Imperial President: William McKinley 2 | US History | Extra History,2025-07-26,181139,9354,519,YtOVaF1qxS0,1074.0,https://www.youtube.com/watch?v=YtOVaF1qxS0
Pearl Harbor's SECRET WW2 Catastrophe | The West Loch Disaster | Extra History,2025-07-22,131761,7716,234,hIo9BZGN4AQ,831.0,https://www.youtube.com/watch?v=hIo9BZGN4AQ
The Tariff King: President William McKinley 1 | US History | Extra History,2025-07-12,314260,15450,893,_lWCFazfhL0,1103.0,https://www.youtube.com/watch?v=_lWCFazfhL0
Policing London | British History | Extra History Complete,2025-07-05,261636,8452,223,H9BYIz0iiV0,2995.0,https://www.youtube.com/watch?v=H9BYIz0iiV0
Mutiny on the Bounty | Lies | Extra History,2025-07-02,28262,1272,77,mrhganQPwv8,1746.0,https://www.youtube.com/watch?v=mrhganQPwv8
Mutiny on the Bounty 3: Global Manhunt | Naval History | Extra History,2025-06-14,227719,10809,371,-JJuH5F5dmo,1046.0,https://www.youtube.com/watch?v=-JJuH5F5dmo
Ibn Battuta | History's Greatest Traveler | Extra History Complete,2025-06-07,298548,9413,485,HdlxlYjyf0w,2775.0,https://www.youtube.com/watch?v=HdlxlYjyf0w
Mutiny on the Bounty 2: Cast Adrift | Naval History | Extra History,2025-05-31,228596,10497,328,p0eOXXKMLCA,1030.0,https://www.youtube.com/watch?v=p0eOXXKMLCA
Panama Canal Death Toll | Extra History #shorts,2025-05-22,1165972,80102,433,7KPPUGt6tN0,68.0,https://www.youtube.com/watch?v=7KPPUGt6tN0
Mutiny on the Bounty 1: Disaster in the Making | Naval History | Extra History,2025-05-17,372525,13927,505,i8p4Uv6Hpjs,1047.0,https://www.youtube.com/watch?v=i8p4Uv6Hpjs
Theodore Roosevelt: Trustbuster | US History | Extra History Complete,2025-05-10,441456,13806,526,qhweYlMlk3s,2962.0,https://www.youtube.com/watch?v=qhweYlMlk3s
U.S. Government vs Birth Control | US History | Extra History #shorts,2025-05-08,1594739,110493,830,iK2NVY-kJXM,74.0,https://www.youtube.com/watch?v=iK2NVY-kJXM
The History of Cats | Lies | Extra History,2025-05-07,61874,2205,119,04xN-vQf_sc,1750.0,https://www.youtube.com/watch?v=04xN-vQf_sc
The Holy Grail: Faith vs. Fiction | Religious History | Extra History,2025-05-03,369150,14510,924,P6p72iRsPac,1116.0,https://www.youtube.com/watch?v=P6p72iRsPac
Victorian Poison Dress | European History | Extra History #shorts,2025-05-01,5938076,355408,1058,k0U6s8Ewuss,72.0,https://www.youtube.com/watch?v=k0U6s8Ewuss
The First Cat Memes: History of Cats 3 | World History | Extra History,2025-04-19,344639,16145,587,0JV9oyb8Uo4,1090.0,https://www.youtube.com/watch?v=0JV9oyb8Uo4
Third Century Crisis | Roman History | Extra History Complete,2025-04-12,560961,13695,453,vxkOwsBAJck,2908.0,https://www.youtube.com/watch?v=vxkOwsBAJck
Why Pirates Have Parrots! | World History | Extra History #shorts,2025-04-10,3105708,224817,586,pxa51m1iaP0,62.0,https://www.youtube.com/watch?v=pxa51m1iaP0
History of Cats 2: Creatures from Hell | World History | Extra History,2025-04-05,349105,18939,945,3ofDW6vaZ4M,967.0,https://www.youtube.com/watch?v=3ofDW6vaZ4M
History of Cats 1: God’s Fluffy Murder Machines | World History | Extra History,2025-03-22,863911,39498,1400,zK1Mpx9h-I8,990.0,https://www.youtube.com/watch?v=zK1Mpx9h-I8
Holy Site Natural Gas Leak! | Extra History #shorts,2025-03-20,1106536,104543,680,va3Jtm_a7jA,69.0,https://www.youtube.com/watch?v=va3Jtm_a7jA
The Thirty Years War | European History | Extra History Complete,2025-03-15,706684,18490,561,CaMe0SVcCKc,2817.0,https://www.youtube.com/watch?v=CaMe0SVcCKc
The Unholy Roman Emperor Frederick II | LIES | Extra History,2025-03-12,49308,1650,63,9dqqLw2HrCU,1769.0,https://www.youtube.com/watch?v=9dqqLw2HrCU
King of the Fairies: Goodwin Wharton | European History | Extra History,2025-03-08,319303,13072,520,bN0363lM3OM,1052.0,https://www.youtube.com/watch?v=bN0363lM3OM
The Outrageous Sir Francis Drake Fake | Best Pranks in History | Extra History #shorts,2025-02-27,2818404,286480,676,6TN1i_FUH9w,64.0,https://www.youtube.com/watch?v=6TN1i_FUH9w
The Unholy Roman Emperor Frederick II 3: Savior or Antichrist | European History | Extra History,2025-02-22,337716,13816,376,4GZPc68Kz2w,1043.0,https://www.youtube.com/watch?v=4GZPc68Kz2w
Sun Yat-sen | Chinese History | Extra History Complete,2025-02-15,606170,14449,436,sUi-yNyCNek,3300.0,https://www.youtube.com/watch?v=sUi-yNyCNek
How World War II Shaped Manga | Extra History #shorts,2025-02-13,1898135,174341,485,RccuZhf5FwI,63.0,https://www.youtube.com/watch?v=RccuZhf5FwI
The Unholy Roman Emperor Frederick II 2: Excommunicated Again | European History | Extra History,2025-02-08,397161,15281,449,ottbSSTiCcw,1048.0,https://www.youtube.com/watch?v=ottbSSTiCcw
The TRUTH About Tarot | Extra History #shorts,2025-02-06,472069,36041,272,B0enMBuOyw4,72.0,https://www.youtube.com/watch?v=B0enMBuOyw4
Nazi War Criminal’s Favorite Soap Opera? | Extra History #shorts,2025-01-30,3217360,269952,1084,znj6EDinV_g,61.0,https://www.youtube.com/watch?v=znj6EDinV_g
The Unholy Roman Emperor Frederick II 1: The Pope's Pet | European History | Extra History,2025-01-25,608222,21231,590,IkWE_BNkMLY,998.0,https://www.youtube.com/watch?v=IkWE_BNkMLY
"The History of 4,000,000 | Extra History #shorts",2025-01-23,450028,38422,315,dgfNB96Y2Qw,71.0,https://www.youtube.com/watch?v=dgfNB96Y2Qw
Irish Potato Famine | Extra History Complete | Irish History,2025-01-18,1087569,23577,1471,PRloj_jb1xQ,3181.0,https://www.youtube.com/watch?v=PRloj_jb1xQ
History of Disease: The Yips | Extra History #shorts,2025-01-16,575238,52658,325,exMLdSEJumc,65.0,https://www.youtube.com/watch?v=exMLdSEJumc
The Pazzi Conspiracy | LIES | Extra History,2025-01-15,70143,2194,142,pdkWyqjD1M0,1838.0,https://www.youtube.com/watch?v=pdkWyqjD1M0
The Bonfire of the Vanities | Italian History | Extra History,2025-01-11,257119,11583,389,eEiKk-us_lA,775.0,https://www.youtube.com/watch?v=eEiKk-us_lA
That Time the US Bombed Montana | Extra History #shorts,2025-01-09,4807887,403695,1219,xGr3Dox9Eh4,58.0,https://www.youtube.com/watch?v=xGr3Dox9Eh4
The Pazzi Conspiracy 4: Well Executed | Italian History | Extra History,2025-01-04,269370,12187,274,-dDwWxU8BiA,611.0,https://www.youtube.com/watch?v=-dDwWxU8BiA
The Pazzi Conspiracy 3: Street Justice | Italian History | Extra History,2024-12-28,276729,12285,471,EGmv70-WQyo,608.0,https://www.youtube.com/watch?v=EGmv70-WQyo
The Pazzi Conspiracy 2: Blood in the Cathedral | Italian History | Extra History,2024-12-21,298602,12608,299,iZ7ZwxcfMmM,566.0,https://www.youtube.com/watch?v=iZ7ZwxcfMmM
Bird Poop vs. Electricity | Extra History #shorts,2024-12-19,1594544,132452,368,Ehk7HVGBT8o,75.0,https://www.youtube.com/watch?v=Ehk7HVGBT8o
The Pazzi Conspiracy 1: The Pope’s Plot | Italian History | Extra History,2024-12-14,439686,15978,460,3a80aHHIqZ0,722.0,https://www.youtube.com/watch?v=3a80aHHIqZ0
How Victorian Workhouses Changed Charity | European History | Extra History,2024-12-12,516267,19231,1174,KreHl5JTQcU,806.0,https://www.youtube.com/watch?v=KreHl5JTQcU
The GOAT of Holiday Animals | Scandinavian History | Extra History,2024-12-07,216036,11140,562,noY9iXUHJfM,694.0,https://www.youtube.com/watch?v=noY9iXUHJfM
New York's War on Pinball! | Extra History #shorts,2024-12-05,1540568,137864,323,moFBf0HL5pM,60.0,https://www.youtube.com/watch?v=moFBf0HL5pM
Nazi Occultism | LIES | Extra History,2024-11-30,144765,2731,236,xRwnSoaNmjA,2093.0,https://www.youtube.com/watch?v=xRwnSoaNmjA
The First Black Friday | Extra History #shorts,2024-11-27,1192573,108045,194,5cV13aymyL4,56.0,https://www.youtube.com/watch?v=5cV13aymyL4
The Story of Beer | Extra History Complete | World History,2024-11-27,773559,17908,597,VEXoJhDNKAc,2627.0,https://www.youtube.com/watch?v=VEXoJhDNKAc
House of Death: The Collyer Brothers | US History | Extra History,2024-11-23,324431,12207,358,X_cEcBcC7WA,637.0,https://www.youtube.com/watch?v=X_cEcBcC7WA
Nazi Occultism 5: Thor's Hammer | European History | WW2 | Extra History,2024-11-16,417194,18304,791,1H-z5Dhy5c8,692.0,https://www.youtube.com/watch?v=1H-z5Dhy5c8
Nazi Occultism 4: The Indiana Jones Stuff | European History | WW2 | Extra History,2024-11-09,453663,17120,468,Tg8CpKzcFm8,787.0,https://www.youtube.com/watch?v=Tg8CpKzcFm8
Korean King’s Hilarious Secret 🤫 | Extra History #shorts,2024-11-07,3149278,326110,843,iBzHVnxMWMQ,59.0,https://www.youtube.com/watch?v=iBzHVnxMWMQ
Nazi Occultism 3: Hitler vs Magic | European History | WW2 | Extra History,2024-11-02,416165,16733,560,06fXIstwddk,717.0,https://www.youtube.com/watch?v=06fXIstwddk
London Ghost Murder 👻 | Extra History #shorts,2024-10-31,2449912,197387,368,WESMO1Me1l4,60.0,https://www.youtube.com/watch?v=WESMO1Me1l4
Nazi Occultism 2: Weird Science | European History | WW2 | Extra History,2024-10-26,493827,19396,1246,6MEzUovLTMs,712.0,https://www.youtube.com/watch?v=6MEzUovLTMs
Communist Brain Washing | Extra History #shorts,2024-10-23,2095897,167542,686,nkCUw-Zv1Iw,60.0,https://www.youtube.com/watch?v=nkCUw-Zv1Iw
Nazi Occultism 1: The Thule Society | European History | WW2 | Extra History,2024-10-19,884120,32468,1270,TokYUITs6zs,719.0,https://www.youtube.com/watch?v=TokYUITs6zs
Medal of Honor of Revoked!? 🎖️ Mary Walker | Extra History #shorts,2024-10-17,8557426,739360,1746,Xh2OV_ZunCU,60.0,https://www.youtube.com/watch?v=Xh2OV_ZunCU
Vlad the Impaler | Extra History Complete | European History,2024-10-12,1067185,24303,548,BvFwqVzEsfw,2842.0,https://www.youtube.com/watch?v=BvFwqVzEsfw
Giuseppe Garibaldi: Unifying Italy | LIES | Extra History,2024-10-09,80107,1596,115,56QN6Eb1VQE,1875.0,https://www.youtube.com/watch?v=56QN6Eb1VQE
Fighting for the Right to Vote: Voting Rights Act of 1965 | US History | Extra History,2024-10-05,219619,10348,948,wiO2ebPi48o,670.0,https://www.youtube.com/watch?v=wiO2ebPi48o
Garibaldi: Expedition of the Thousand | Unifying Italy | Extra History | Part 5,2024-09-28,251265,11794,390,_ctrANc5DkM,661.0,https://www.youtube.com/watch?v=_ctrANc5DkM
Garibaldi: The Cost of War | Unifying Italy | Extra History | Part 4,2024-09-21,294236,11820,355,vPb0pZwyYKc,661.0,https://www.youtube.com/watch?v=vPb0pZwyYKc
History's Dumbest Duels: Artist vs Critic | Extra History #shorts,2024-09-17,3695409,353883,1485,bpAeiqUtNh0,60.0,https://www.youtube.com/watch?v=bpAeiqUtNh0
Garibaldi: The Siege of Rome | Unifying Italy | Extra History | Part 3,2024-09-14,311692,12531,415,nJI-OfZuJg8,699.0,https://www.youtube.com/watch?v=nJI-OfZuJg8
Garibaldi: For Love and Country | Unifying Italy | Extra History | Part 2,2024-09-07,378606,13887,401,HLf6ONK1JP4,655.0,https://www.youtube.com/watch?v=HLf6ONK1JP4
Garibaldi: Hero of Two Worlds | Unifying Italy | Extra History | Part 1,2024-08-31,518537,20103,717,_kbjIwH8jBM,651.0,https://www.youtube.com/watch?v=_kbjIwH8jBM
Joan of Arc | Extra History Complete | European History,2024-08-24,932558,24986,694,OvE23dL0rkU,3186.0,https://www.youtube.com/watch?v=OvE23dL0rkU
Invasion of Quebec | LIES | Extra History,2024-08-21,60061,1615,119,r4SIBeuVdn4,1970.0,https://www.youtube.com/watch?v=r4SIBeuVdn4
Benedict Arnold: Path to Betrayal | US History | Extra History | Part 2,2024-08-17,296176,12233,485,biIzip1F8GI,682.0,https://www.youtube.com/watch?v=biIzip1F8GI
Benedict Arnold: From War Hero to Traitor | US History | Extra History | Part 1,2024-08-10,454875,16256,596,SG-NWQvcZI0,638.0,https://www.youtube.com/watch?v=SG-NWQvcZI0
Invasion of Quebec: No Retreat | US History | Extra History | Part 4,2024-08-03,276890,10190,340,6trYjVdxeRs,692.0,https://www.youtube.com/watch?v=6trYjVdxeRs
Invasion of Quebec: Battle in the Streets | US History | Extra History | Part 3,2024-07-27,302678,10704,344,t0xbGEADSSE,595.0,https://www.youtube.com/watch?v=t0xbGEADSSE
Invasion of Quebec: Benedict Arnold’s Death March | US History | Extra History | Part 2,2024-07-20,355424,12372,331,RZchF6fBjRA,660.0,https://www.youtube.com/watch?v=RZchF6fBjRA
The BEST Day for War!💥 | Extra History #shorts,2024-07-18,5970794,429178,1143,a0Szqs5eB5s,60.0,https://www.youtube.com/watch?v=a0Szqs5eB5s
"The Calendar's 10,000 Year History | World History | Extra History",2024-07-16,487026,18671,729,YGEccCwtVMg,606.0,https://www.youtube.com/watch?v=YGEccCwtVMg
Invasion of Quebec: America’s Founding Disaster | US History | Extra History | Part 1,2024-07-13,586919,17389,692,_jPzFvKRuKE,644.0,https://www.youtube.com/watch?v=_jPzFvKRuKE
The Siege of Vienna | European History | Extra History Complete,2024-07-06,1176459,30208,896,pE3QWKLaxMs,2091.0,https://www.youtube.com/watch?v=pE3QWKLaxMs
Hypatia of Alexandria | LIES | Extra History,2024-07-04,104721,1888,111,wnUv-Yfm9t8,1693.0,https://www.youtube.com/watch?v=wnUv-Yfm9t8
History of the Board Game - Morals vs. Capitalism | US History | Extra History,2024-06-29,377637,12806,365,MR8tH-NRGxM,666.0,https://www.youtube.com/watch?v=MR8tH-NRGxM
Luckiest Gambler in History | Extra History #shorts,2024-06-25,4558708,398749,974,-Iq27_Yk90s,60.0,https://www.youtube.com/watch?v=-Iq27_Yk90s
Dark History of the Panama Railroad | U.S. History | Extra History,2024-06-22,379217,15239,388,mhaKccJLLn8,633.0,https://www.youtube.com/watch?v=mhaKccJLLn8
Catherine the Great’s Ukraine War | Russian History | Extra History #shorts,2024-06-19,2541419,205612,1480,W_LfiZ3ekOo,60.0,https://www.youtube.com/watch?v=W_LfiZ3ekOo
Hypatia of Alexandria: Everyone Gets Her Wrong | Roman History | Part 4 | Extra History,2024-06-15,235980,9466,379,Eoa4hydiLps,674.0,https://www.youtube.com/watch?v=Eoa4hydiLps
Hypatia of Alexandria: Mob Mentality | Roman History | Part 3 | Extra History,2024-06-08,238570,9485,436,95AAcjMB7Ps,701.0,https://www.youtube.com/watch?v=95AAcjMB7Ps
The Great Beaver Drop 🦫 | US History | Extra History #shorts,2024-06-04,7819649,580902,2259,HmK7490nYa0,60.0,https://www.youtube.com/watch?v=HmK7490nYa0
Hypatia of Alexandria: Christians vs. Pagans | Roman History | Part 2 | Extra History,2024-06-01,302874,11094,329,RqUy82EeBkE,651.0,https://www.youtube.com/watch?v=RqUy82EeBkE
Ancient Celebrity Murder: Hypatia of Alexandria | Roman History | Part 1 | Extra History,2024-05-25,509133,17002,517,SselOJQd2_4,628.0,https://www.youtube.com/watch?v=SselOJQd2_4
Did Shakespeare Rip Off Hamlet? | Extra History #shorts,2024-05-21,1974590,192563,845,uhyv0TwiSJ4,60.0,https://www.youtube.com/watch?v=uhyv0TwiSJ4
The Viking Expansion Compilation | European History | Extra History Complete,2024-05-18,1279352,27012,774,hdnUiIKGxG0,3937.0,https://www.youtube.com/watch?v=hdnUiIKGxG0
Secret Societies | LIES | Extra History,2024-05-15,150580,2627,220,opBy-sQ75Vw,1813.0,https://www.youtube.com/watch?v=opBy-sQ75Vw
Judy Garland’s Pill-Pusher Mom | Worst Mom's in History | Extra History #shorts,2024-05-12,11850112,931703,2486,-XrO0ZrmR7w,59.0,https://www.youtube.com/watch?v=-XrO0ZrmR7w
The Great Locomotive Chase: First Medals of Honor | US Train History | Extra History,2024-05-11,463397,16726,640,GFy9p1KB8SA,669.0,https://www.youtube.com/watch?v=GFy9p1KB8SA
People Get Godzilla Wrong 🦎 | Japanese History | Extra History #shorts,2024-05-07,9194464,667695,2233,gKzt9Pj2c_Y,60.0,https://www.youtube.com/watch?v=gKzt9Pj2c_Y
The Yakuza | Secret Societies 5 | Japanese History | Extra History,2024-05-04,853579,30468,640,wJqgqEHc3nw,699.0,https://www.youtube.com/watch?v=wJqgqEHc3nw
The Golden Dawn and Aleister Crowley | Secret Societies 4 | European History | Extra History,2024-04-27,483332,19299,1137,_kS_HrYtxF0,669.0,https://www.youtube.com/watch?v=_kS_HrYtxF0
Whose Gunpowder Won the Civil War?💥 | Extra History #shorts,2024-04-23,3303962,237581,942,PVSmFV3M0MU,58.0,https://www.youtube.com/watch?v=PVSmFV3M0MU
Knights of the Golden Circle | Secret Societies 3 | American History | Extra History,2024-04-20,456884,18172,605,PCqjbbJvAa4,747.0,https://www.youtube.com/watch?v=PCqjbbJvAa4
⚰️ Vikings Killed from Coffins! - Extra History #shorts,2024-04-16,3505215,329685,1199,SfcTfbYxXh8,60.0,https://www.youtube.com/watch?v=SfcTfbYxXh8
The Illuminati | Secret Societies 2 | European History | Extra History,2024-04-13,748356,25345,951,8_JXIXkDE4s,713.0,https://www.youtube.com/watch?v=8_JXIXkDE4s
The Cult of Mithras | Secret Societies 1 | Roman History | Extra History,2024-04-06,615199,27052,805,qmv7BhKEDUo,684.0,https://www.youtube.com/watch?v=qmv7BhKEDUo
The MOST Historical Boat! ⚓️ | Extra History | April Fools #shorts,2024-04-01,1586616,142237,752,foKwhqaE0Lk,60.0,https://www.youtube.com/watch?v=foKwhqaE0Lk
Sitting Bull - LIES - Native American History - Extra History,2024-03-30,76446,2086,168,Z_UraQtpL9E,1489.0,https://www.youtube.com/watch?v=Z_UraQtpL9E
💥 Who blew up the Parthenon? - Extra History #shorts,2024-03-26,4134139,363937,2929,5KfcHbunt5Q,59.0,https://www.youtube.com/watch?v=5KfcHbunt5Q
John L. Sullivan: Boston's Knockout King - US History - Extra History,2024-03-23,249018,11030,320,nI9yIGN2C7E,705.0,https://www.youtube.com/watch?v=nI9yIGN2C7E
The Gross History of White Bread 🤢 - Extra History #shorts,2024-03-19,11916409,773456,1836,NRapL6i5Zm8,59.0,https://www.youtube.com/watch?v=NRapL6i5Zm8
Jim Thorpe: The 20th Century's Greatest Athlete - US History - Extra History,2024-03-16,274777,11799,370,S2oaN0FEwN8,624.0,https://www.youtube.com/watch?v=S2oaN0FEwN8
The Murder of Sitting Bull - Native American History - Part 4 - Extra History,2024-03-09,230773,12067,576,YivoXjsOCPU,717.0,https://www.youtube.com/watch?v=YivoXjsOCPU
Sitting Bull: Battle of the Little Bighorn - Native American History - Part 3 - Extra History,2024-03-02,268219,12630,307,QYmyL9kwIJ4,646.0,https://www.youtube.com/watch?v=QYmyL9kwIJ4
Sitting Bull: No Reservations - Native American History - Part 2 - Extra History,2024-02-24,266266,12178,396,WI7TTeqrZm4,644.0,https://www.youtube.com/watch?v=WI7TTeqrZm4
Sitting Bull: Origin of a Legend - Native American History - Part 1 - Extra History,2024-02-17,404742,16983,435,CSa-aSM59JE,670.0,https://www.youtube.com/watch?v=CSa-aSM59JE
Empress Wu Zetian - LIES - Chinese History - Extra History,2024-02-10,85279,2259,104,rt1uePpPqCQ,1222.0,https://www.youtube.com/watch?v=rt1uePpPqCQ
Pigs: History's Greatest Villains? - World History - Extra History,2024-02-07,294497,13304,554,0_S0dlpMsBQ,459.0,https://www.youtube.com/watch?v=0_S0dlpMsBQ
The Disastrous History of the First Transatlantic Cable - World History - Extra History,2024-02-03,720013,26048,513,H8kdhlzueBo,658.0,https://www.youtube.com/watch?v=H8kdhlzueBo
First Firearm Assassination - Extra History #shorts,2024-01-30,5763090,426271,1232,D_DdQy-da4I,58.0,https://www.youtube.com/watch?v=D_DdQy-da4I
Wu Zetian: Boy-Toys and Buddhas - Chinese History - Part 5 - Extra History,2024-01-27,316464,13916,255,omh_ReMW74M,617.0,https://www.youtube.com/watch?v=omh_ReMW74M
Wu Zetian: Finally Emperor - Chinese History - Part 4 - Extra History,2024-01-20,333517,12948,179,dd8PXhuU1K8,637.0,https://www.youtube.com/watch?v=dd8PXhuU1K8
Wu Zetian: Bloody Ghosts and Riots - Chinese History - Part 3 - Extra History,2024-01-13,424846,15958,229,Ujw7ndmOGPk,662.0,https://www.youtube.com/watch?v=Ujw7ndmOGPk
MASSIVE Amounts of Gunpowder! 💥 - Extra History #shorts,2024-01-09,3423678,276145,723,YaEMjn6Me4g,56.0,https://www.youtube.com/watch?v=YaEMjn6Me4g
Wu Zetian: China’s Most Famous Murder - Chinese History - Part 2 - Extra History,2024-01-06,459217,16927,352,xmOM-Ng2hKw,622.0,https://www.youtube.com/watch?v=xmOM-Ng2hKw
Wu Zetian: Hated by Gods and Men - Chinese History - Part 1 - Extra History,2023-12-30,751114,24500,531,WBt0T256HD0,633.0,https://www.youtube.com/watch?v=WBt0T256HD0
"The History of 3,000,000 - Extra History #shorts",2023-12-26,1700330,157838,861,M5QHnivmyyM,60.0,https://www.youtube.com/watch?v=M5QHnivmyyM
The REAL War on Christmas - The Plum Pudding Riots - English History - Extra History,2023-12-23,282315,11461,490,Tk2M-7q1G_A,647.0,https://www.youtube.com/watch?v=Tk2M-7q1G_A
The Little Ice Age - LIES - World History - Extra History,2023-12-16,49882,1503,123,GLBSZN5Kvx0,1622.0,https://www.youtube.com/watch?v=GLBSZN5Kvx0
The Dodo Bird: What ACTUALLY Happened - Extra History,2023-12-14,649607,25733,791,8Npavzk_PBA,551.0,https://www.youtube.com/watch?v=8Npavzk_PBA
Vlad Dracul SUCKED! - Worst Dads in History - Extra History #shorts,2023-12-12,7165164,607544,1824,UetUSarOhfE,60.0,https://www.youtube.com/watch?v=UetUSarOhfE
Shootout at the OK Corral: The Showdown - US History - Part 2 - Extra History,2023-12-09,346657,14905,366,mLQidyCs_EE,632.0,https://www.youtube.com/watch?v=mLQidyCs_EE
Ivan WAS Terrible! - Worst Dads in History - Extra History #shorts,2023-12-05,11381439,882825,2374,mSpdhWCtnak,60.0,https://www.youtube.com/watch?v=mSpdhWCtnak
Shootout at the OK Corral: Why it Went Down - US History - Part 1 - Extra History,2023-12-02,488669,18020,431,LSW1HCNbsYE,598.0,https://www.youtube.com/watch?v=LSW1HCNbsYE
Little Ice Age: The Year Without a Summer - World History - Part 4 - Extra History,2023-11-25,271940,11028,463,jp9QwfW-nDQ,645.0,https://www.youtube.com/watch?v=jp9QwfW-nDQ
Little Ice Age: The Witch Hunts - World History - Part 3 - Extra History,2023-11-18,282444,10886,435,lTgAIxA1f8w,624.0,https://www.youtube.com/watch?v=lTgAIxA1f8w
The Little Ice Age: No More Food - World History - Part 2 - Extra History,2023-11-11,335463,12569,240,_J6UYePC40w,587.0,https://www.youtube.com/watch?v=_J6UYePC40w
London's Greatest Prison Break! - Jack Sheppard - Extra History #shorts,2023-11-06,4873630,441053,757,tVM0AaMkiuU,52.0,https://www.youtube.com/watch?v=tVM0AaMkiuU
The Little Ice Age: Climate Change - World History - Part 1 - Extra History,2023-11-04,515104,17964,712,b9QQWxqQhM8,649.0,https://www.youtube.com/watch?v=b9QQWxqQhM8
Summon Ghosts... WITH YOUR PHONE! - Extra History #shorts,2023-10-30,1449194,132705,318,P2WVo18VXns,59.0,https://www.youtube.com/watch?v=P2WVo18VXns
Henry Ford - LIES - US History - Extra History,2023-10-28,85398,2553,186,WnksQgTVtXA,2130.0,https://www.youtube.com/watch?v=WnksQgTVtXA
"♫ ""An Industrial Genius"" By Tiffany Roman  - Instrumental Music - Extra History",2023-10-25,50042,1167,50,9o__JNdLpeo,183.0,https://www.youtube.com/watch?v=9o__JNdLpeo
The Oldest Haunted House! - Extra History #shorts,2023-10-23,7850969,493223,1351,-dqu3oOa0nQ,60.0,https://www.youtube.com/watch?v=-dqu3oOa0nQ
The Draft Riots of 1863 - US Civil War - Extra History,2023-10-21,367385,15052,746,RRQ5OghPwKU,631.0,https://www.youtube.com/watch?v=RRQ5OghPwKU
Faceless Ghost Haunts Hawaii - Extra History #shorts,2023-10-16,1359174,125965,579,DKbLu_m2wJU,54.0,https://www.youtube.com/watch?v=DKbLu_m2wJU
Henry Ford: A Tragic End - US History - Part 5 - Extra History,2023-10-14,556871,22578,721,aa4n-NpfjEs,760.0,https://www.youtube.com/watch?v=aa4n-NpfjEs
Ramesses the Great: Reign of the God-King - Egyptian History - Part 2 - Extra History,2023-10-12,281403,10295,303,lA0MXYMXpe8,674.0,https://www.youtube.com/watch?v=lA0MXYMXpe8
Dam It! Saving Ramesses' Temple from the Nile - Extra History #shorts,2023-10-10,1654671,133660,534,OyaD3Fbk-Ak,60.0,https://www.youtube.com/watch?v=OyaD3Fbk-Ak
Henry Ford: Ignorant Anarchist - US History - Part 4 - Extra History,2023-10-07,513616,21001,1250,HUg22semUoE,665.0,https://www.youtube.com/watch?v=HUg22semUoE
Ramesses the Great: The Battle of Kadesh - Egyptian History - Part 1 - Extra History,2023-10-05,357321,13494,446,4BFh0kTOjBA,658.0,https://www.youtube.com/watch?v=4BFh0kTOjBA
Henry Ford: The Model T - US History - Part 3 - Extra History,2023-09-30,558473,20170,536,p7G4s8sjNtk,661.0,https://www.youtube.com/watch?v=p7G4s8sjNtk
Roman Shaving was Brutal! - Extra History #shorts,2023-09-26,13184900,783809,1743,TUQ7L3JMHio,60.0,https://www.youtube.com/watch?v=TUQ7L3JMHio
Henry Ford: Motor City - US History - Part 2 - Extra History,2023-09-23,573551,21040,372,wT7NJx6WSag,683.0,https://www.youtube.com/watch?v=wT7NJx6WSag
Barber-Surgeons?!?? - Extra History #shorts,2023-09-19,3657137,284653,713,KMakhmDngbo,60.0,https://www.youtube.com/watch?v=KMakhmDngbo
Henry Ford: The Boy Who Hated Horses - US History - Part 1 - Extra History,2023-09-16,902270,32092,783,tQAFS1d-0hY,701.0,https://www.youtube.com/watch?v=tQAFS1d-0hY
The Death of Henry Ford's Dream - Extra History #shorts,2023-09-12,4335582,305593,892,1XIOEvjwn00,60.0,https://www.youtube.com/watch?v=1XIOEvjwn00
The Buddhist Expansion - LIES - World History - Extra History,2023-09-09,41939,1562,98,eg1vJBWy5H0,2124.0,https://www.youtube.com/watch?v=eg1vJBWy5H0
"♫ ""Nirvana"" By Tiffany Roman  - Instrumental Music - Extra History",2023-09-06,44973,1026,55,7EG6LFXcVcU,167.0,https://www.youtube.com/watch?v=7EG6LFXcVcU
Ford's Fordlandia Epically FAILS - Extra History #shorts,2023-09-05,655619,51221,159,dbBZqrpSgI0,60.0,https://www.youtube.com/watch?v=dbBZqrpSgI0
Abandonment to Enlightenment - The Buddha's Wife - World History - Extra History,2023-09-02,285872,12398,548,lnqdehuG_xE,781.0,https://www.youtube.com/watch?v=lnqdehuG_xE
"Henry Ford's Brazilian ""Utopia"" - Extra History #shorts",2023-08-29,2463806,173798,756,FtWsGLOkQ9Q,59.0,https://www.youtube.com/watch?v=FtWsGLOkQ9Q
Across the Silk Road - The Buddhist Expansion - World History  - Part 5 - Extra History,2023-08-26,219459,9908,319,j6Gofj-wR2Y,729.0,https://www.youtube.com/watch?v=j6Gofj-wR2Y
Dying for Ice Cream - The Penny Lick Plague - Extra History #shorts,2023-08-22,17756104,854364,3880,lYtKvZ8zA_k,59.0,https://www.youtube.com/watch?v=lYtKvZ8zA_k
Stealing Buddha - The Buddhist Expansion - World History - Part 4 - Extra History,2023-08-19,231543,9738,306,jXlqn8ISEGU,694.0,https://www.youtube.com/watch?v=jXlqn8ISEGU
Ashoka the Great - The Buddhist Expansion - World History - Part 3 - Extra History,2023-08-12,314736,12201,507,Vpv6ZsXR1aA,753.0,https://www.youtube.com/watch?v=Vpv6ZsXR1aA
Serial Killer Monk - The Buddhist Expansion - World History - Part 2 - Extra History,2023-08-05,315634,12896,374,WTLLdDdiXlw,704.0,https://www.youtube.com/watch?v=WTLLdDdiXlw
Siddhartha and Ancient Buddhism -The Buddhist Expansion - World History - Part 1 - Extra History,2023-07-29,432569,17040,703,jMX-YgdFwd4,671.0,https://www.youtube.com/watch?v=jMX-YgdFwd4
The Crimean War - LIES - European History - Extra History,2023-07-22,74617,1955,83,SKWbQ62fIE0,1736.0,https://www.youtube.com/watch?v=SKWbQ62fIE0
"♫ ""Half a League Onward"" By Tiffany Roman  - Instrumental Music - Extra History",2023-07-19,65354,1426,39,Uwz--LSdKos,130.0,https://www.youtube.com/watch?v=Uwz--LSdKos
When the Crimean War Went Full FUBAR - European History - Extra History,2023-07-15,414149,15494,406,LlzIvneMCII,679.0,https://www.youtube.com/watch?v=LlzIvneMCII
Storming Sevastopol - The Crimean War - European History - Part 5 - Extra History,2023-07-08,531847,19915,592,-tHq9S0rT9s,712.0,https://www.youtube.com/watch?v=-tHq9S0rT9s
H.P. Lovecraft's Syphilis - Extra History #shorts,2023-07-04,4821653,433040,1881,rVAybhwFe6U,60.0,https://www.youtube.com/watch?v=rVAybhwFe6U
Into the Valley of Death - The Crimean War - European History - Part 4 - Extra History,2023-07-01,575070,19792,457,c3y6ip22iF8,650.0,https://www.youtube.com/watch?v=c3y6ip22iF8
The Battle of Alma - The Crimean War - European History - Part 3 - Extra History,2023-06-24,658580,21932,486,oxGbjg1S5H0,677.0,https://www.youtube.com/watch?v=oxGbjg1S5H0
Victorians Found WHAT Sexy?! - New England Vampire Panic - Extra History #shorts,2023-06-20,6157932,473447,2504,bvTSLgLdgE4,60.0,https://www.youtube.com/watch?v=bvTSLgLdgE4
"If it Bleeds, it Leads! - The Crimean War - European History - Part 2 - Extra History",2023-06-17,808342,25374,520,R7xsbDKlyXA,641.0,https://www.youtube.com/watch?v=R7xsbDKlyXA
Worst. Coronation. Ever. - Conquest of India - Extra History #shorts,2023-06-13,2465375,179079,735,7XTP852g1wE,60.0,https://www.youtube.com/watch?v=7XTP852g1wE
World War Zero - The Crimean War - European History - Part 1 - Extra History,2023-06-10,1275896,37670,1790,yhudiiackzw,759.0,https://www.youtube.com/watch?v=yhudiiackzw
Kamehameha's Cloak: Pure Swag! - Extra History #shorts,2023-06-06,11862850,759015,3825,Jno7IkGYWHE,60.0,https://www.youtube.com/watch?v=Jno7IkGYWHE
Napoleon in Egypt - LIES - Extra History,2023-06-03,65660,2053,124,T6Jo2pQ_eKg,1832.0,https://www.youtube.com/watch?v=T6Jo2pQ_eKg
The Mass-Murdering Mongoose - Hawaiian History - Extra History,2023-06-01,298860,15615,519,EZRlFv1XXus,610.0,https://www.youtube.com/watch?v=EZRlFv1XXus
"♫ ""Egyptian Campaign"" By Tiffany Roman  - Instrumental Music - Extra History",2023-05-31,54843,1024,40,PgI2WD7aA8M,96.0,https://www.youtube.com/watch?v=PgI2WD7aA8M
The Rosetta Stone - A Race to Ancient Secrets - World History - Extra History,2023-05-27,801862,24820,572,orU-w2TXsBU,708.0,https://www.youtube.com/watch?v=orU-w2TXsBU
THIS... IS... SPARTA'S... AFTERMATH!!! - Battle of Thermopylae - Extra History #shorts,2023-05-23,17017363,990724,4243,OHbuMiYUu_Y,57.0,https://www.youtube.com/watch?v=OHbuMiYUu_Y
"""His Pants Full of Sh*t"" - Napoleon in Egypt - Part 5 - Extra History",2023-05-20,339552,14455,510,XZsZOX_-4Cc,683.0,https://www.youtube.com/watch?v=XZsZOX_-4Cc
Bonaparte Bails - Napoleon in Egypt - Part 4 - Extra History,2023-05-13,389882,15080,542,oDiTVL8cUJ4,727.0,https://www.youtube.com/watch?v=oDiTVL8cUJ4
Napoleon's Cleopatra - Extra History #shorts,2023-05-09,12906436,939786,4751,mLuqTIYapks,60.0,https://www.youtube.com/watch?v=mLuqTIYapks
Death on the Nile - Napoleon in Egypt - Part 3 - Extra History,2023-05-06,466143,17080,545,PRR9BRYTbD4,686.0,https://www.youtube.com/watch?v=PRR9BRYTbD4
Battle of the Pyramids - Napoleon in Egypt - Part 2 - Extra History,2023-04-29,528392,19261,502,ne4guurtnVI,701.0,https://www.youtube.com/watch?v=ne4guurtnVI
"4,000 Gs For A Tulip?!?!  - Tulip Mania - Extra History #shorts",2023-04-25,1300270,108543,319,k00MEQ3vu9I,60.0,https://www.youtube.com/watch?v=k00MEQ3vu9I
Cosplaying Caesar - Napoleon in Egypt - Part 1 - Extra History,2023-04-22,892194,30340,1022,UjoS_uTtmTs,719.0,https://www.youtube.com/watch?v=UjoS_uTtmTs
John Brown - LIES - US History - Extra History,2023-04-15,76564,2818,224,4gc_m1IM7dI,1999.0,https://www.youtube.com/watch?v=4gc_m1IM7dI
"♫ ""John Brown's Song"" By Tiffany Roman  - Instrumental Music - Extra History",2023-04-12,111546,2774,139,0H5kX2hM_vw,126.0,https://www.youtube.com/watch?v=0H5kX2hM_vw
The American Revolution’s Forgotten War Crime - US History - Extra History,2023-04-08,404411,22402,1461,hb3eAxzuhJU,748.0,https://www.youtube.com/watch?v=hb3eAxzuhJU
April Fools Finale! Lancashire Inscription - Extra History #shorts,2023-04-04,291254,23267,558,VgJEqBlwNBw,60.0,https://www.youtube.com/watch?v=VgJEqBlwNBw
Battle Hymn of the Republic  - John Brown - US History - Part 5 - Extra History,2023-04-01,550912,27927,1185,TYWjNkNsCLw,721.0,https://www.youtube.com/watch?v=TYWjNkNsCLw
April Fool's Origins - Extra History #shorts,2023-04-01,1684811,139862,509,eEAH8Zydt7w,58.0,https://www.youtube.com/watch?v=eEAH8Zydt7w
Beer of Vengeance! - Extra History #shorts,2023-03-28,6141015,427472,1335,dNhLaSDfGeQ,60.0,https://www.youtube.com/watch?v=dNhLaSDfGeQ
The Raid on Harper’s Ferry  - John Brown - US History - Part 4 - Extra History,2023-03-25,519507,20775,768,G1K57zt5rUE,673.0,https://www.youtube.com/watch?v=G1K57zt5rUE
Frederick the Great's Horse - Extra History #shorts,2023-03-21,1364827,119212,253,AiwNF2ocq9U,58.0,https://www.youtube.com/watch?v=AiwNF2ocq9U
Bleeding Kansas - John Brown - US History - Part 3 - Extra History,2023-03-18,620124,23941,1062,S2StQEwx3W0,783.0,https://www.youtube.com/watch?v=S2StQEwx3W0
Choosing Violence - John Brown - US History - Part 2 - Extra History,2023-03-11,677437,26636,846,YQk1YUbbzOo,715.0,https://www.youtube.com/watch?v=YQk1YUbbzOo
Our Flag Means Sex - Exploring the Pacific - Extra History #shorts,2023-03-07,8066260,589379,5778,HhQ9QeVQj-U,60.0,https://www.youtube.com/watch?v=HhQ9QeVQj-U
Hero or Terrorist? - John Brown - US History - Part 1 - Extra History,2023-03-04,1036878,36655,2555,UghaZOr2umU,682.0,https://www.youtube.com/watch?v=UghaZOr2umU
Operation Avalanche 2: D-Day Nearly Fails | WW2 | Extra History,2023-03-02,362864,13551,363,IQVsCwCSYAQ,705.0,https://www.youtube.com/watch?v=IQVsCwCSYAQ
Donkey Bombs! - US Civil War - Extra History #shorts,2023-02-28,4597100,293320,1300,e7TnNgdFHMs,60.0,https://www.youtube.com/watch?v=e7TnNgdFHMs
Frederick the Great - LIES - European History - Extra History,2023-02-25,91342,3176,179,KeRu7AYNFVo,1697.0,https://www.youtube.com/watch?v=KeRu7AYNFVo
Operation Avalanche 1: The Forgotten D-Day | WW2 | Extra History,2023-02-23,525405,18497,521,7ZhqdeY0VbQ,699.0,https://www.youtube.com/watch?v=7ZhqdeY0VbQ
"♫ Frederick the Great ""King of Prussia"" By Tiffany Roman  - Instrumental Music - Extra History",2023-02-22,137486,2851,116,hmke1gWgrtQ,164.0,https://www.youtube.com/watch?v=hmke1gWgrtQ
Richard The Lionheart's Weird Death - Extra History #shorts,2023-02-21,1873929,177060,823,Jgx89TyiF8E,53.0,https://www.youtube.com/watch?v=Jgx89TyiF8E
The Black Dinner - Scottish History - Extra History,2023-02-18,566678,20971,449,rMN5HwBR5D8,711.0,https://www.youtube.com/watch?v=rMN5HwBR5D8
Who Wants to Live Forever? - Frederick the Great - European History - Part 5 - Extra History,2023-02-11,594758,27011,880,yjVrcnMbgQM,747.0,https://www.youtube.com/watch?v=yjVrcnMbgQM
Watch Extra History - Because Learning Matters,2023-02-10,304291,5998,235,3-QC1-N_HrI,79.0,https://www.youtube.com/watch?v=3-QC1-N_HrI
The Seven Years' War - Frederick the Great - European History - Part 4 - Extra History,2023-02-04,739817,25813,655,TqyLu-WGG9c,736.0,https://www.youtube.com/watch?v=TqyLu-WGG9c
Forging a Legend - Frederick the Great - European History - Part 3 - Extra History,2023-01-28,804402,28117,488,vJdjPwSJqd8,720.0,https://www.youtube.com/watch?v=vJdjPwSJqd8
The School of Battle - Frederick the Great - European History - Part 2 - Extra History,2023-01-21,964916,33202,684,d53_wvG8BXA,734.0,https://www.youtube.com/watch?v=d53_wvG8BXA
His Monstrous Father - Frederick the Great - European History - Part 1 - Extra History,2023-01-14,1529053,49225,1633,FGVQKBm0McA,711.0,https://www.youtube.com/watch?v=FGVQKBm0McA
Path to Pearl Harbor: LIES | WW2 | Extra History,2023-01-07,91650,2537,144,jfFyKUq5ikI,2125.0,https://www.youtube.com/watch?v=jfFyKUq5ikI
"♫ The Path to Pearl Harbor ""4,000 Miles"" By Tiffany Roman  - Instrumental Music - Extra History",2023-01-06,59773,1153,39,dqEFGsIXNbg,99.0,https://www.youtube.com/watch?v=dqEFGsIXNbg
Day of Infamy - The Path to Pearl Harbor - WWII - Part 6  - Extra History,2022-12-31,413207,15559,609,aD8XSGHnIJo,739.0,https://www.youtube.com/watch?v=aD8XSGHnIJo
Path to Pearl Harbor 5: Climb Mount Niitaka | WW2 | Extra History,2022-12-24,412202,14207,295,TqUBjJBqgQw,743.0,https://www.youtube.com/watch?v=TqUBjJBqgQw
Path to Pearl Harbor 4: Countdown to War | WW2 | Extra History,2022-12-17,476792,15126,301,JEOyNwtFX3c,741.0,https://www.youtube.com/watch?v=JEOyNwtFX3c
The Eggnog Riot: Christmas Chaos at West Point -  US History - Extra History,2022-12-12,399412,20127,833,lljT4GW7ymc,791.0,https://www.youtube.com/watch?v=lljT4GW7ymc
Path to Pearl Harbor 3: First Strike | WW2 | Extra History,2022-12-10,491035,15328,294,_8V9CKSx6Bg,677.0,https://www.youtube.com/watch?v=_8V9CKSx6Bg
Santa's Dark Origins - Extra History #shorts,2022-12-08,678003,51663,319,COgtIJljmIY,58.0,https://www.youtube.com/watch?v=COgtIJljmIY
Path to Pearl Harbor 2: Mystery of the Panay | WW2 | Extra History,2022-12-03,548980,16947,418,9lZDfVMOyK0,728.0,https://www.youtube.com/watch?v=9lZDfVMOyK0
Path to Pearl Harbor 1: Pacific Empires - Japan vs. USA | WW2 | Extra History,2022-11-26,899382,24251,592,CxeiSM1edHE,771.0,https://www.youtube.com/watch?v=CxeiSM1edHE
The Irish Easter Rising - LIES  - Extra History,2022-11-19,52615,1582,134,zNPkBXKW784,1506.0,https://www.youtube.com/watch?v=zNPkBXKW784
"♫ The Irish Easter Rising ""Loss and Dreams"" By Tiffany Roman  - Instrumental Music - Extra History",2022-11-18,59385,1162,56,3w2w-j2Js2U,120.0,https://www.youtube.com/watch?v=3w2w-j2Js2U
The Battle of Culloden - Scottish History - Extra History,2022-11-12,673279,23248,779,h0YZHYsOjtk,735.0,https://www.youtube.com/watch?v=h0YZHYsOjtk
Death and Rebirth - The Irish Easter Rising - Part 5 - Extra History,2022-11-05,301627,12507,473,7UHamkZ3qKU,704.0,https://www.youtube.com/watch?v=7UHamkZ3qKU
Rise and Fall - The Irish Easter Rising - Part 4 - Extra History,2022-10-29,338765,12818,308,Qzvv9IgNiKM,715.0,https://www.youtube.com/watch?v=Qzvv9IgNiKM
The Battle for Dublin - The Irish Easter Rising - Part 3  - Extra History,2022-10-22,405900,13956,476,qP1cXrgQ71E,647.0,https://www.youtube.com/watch?v=qP1cXrgQ71E
The Eve of Revolution -The Irish Easter Rising - Part 2 - Extra History,2022-10-15,461082,15119,341,v1BiUVP9e4U,710.0,https://www.youtube.com/watch?v=v1BiUVP9e4U
Seeds of Rebellion - The Irish Easter Rising - Part 1 - Extra History,2022-10-09,703323,22611,716,YWMWUJXF--I,753.0,https://www.youtube.com/watch?v=YWMWUJXF--I
Eleanor of Aquitaine - LIES - European History - Extra History,2022-10-01,63917,1956,136,sOTYzWonpK4,1732.0,https://www.youtube.com/watch?v=sOTYzWonpK4
"♫ Eleanor of Aquitaine: ""Rebel Queen"" By Tiffany Roman  - Instrumental Music - Extra History",2022-09-30,42882,986,46,QFDdw92v7w4,100.0,https://www.youtube.com/watch?v=QFDdw92v7w4
Get Your Rifles - Battle of Blair Mountain - US History - Part 2 - Extra History,2022-09-24,485933,20628,949,jklZYrkEtEs,716.0,https://www.youtube.com/watch?v=jklZYrkEtEs
"""Union Busting"" - Battle of Blair Mountain - US History - Part 1 - Extra History",2022-09-17,697126,26698,1059,vg9xywAxb10,673.0,https://www.youtube.com/watch?v=vg9xywAxb10
Mother of Empires - Eleanor of Aquitaine - European History - Part 4 - Extra History,2022-09-10,419807,17975,498,NSSh1AfFrwA,702.0,https://www.youtube.com/watch?v=NSSh1AfFrwA
The Devil's Brood - Eleanor of Aquitaine - European History - Part 3 - Extra History,2022-09-03,469091,16603,394,z8a2_kEKXn0,622.0,https://www.youtube.com/watch?v=z8a2_kEKXn0
The Court of Love -  Eleanor of Aquitaine - European History - Part 2 - Extra History,2022-08-27,546332,18486,470,4_KgUiDUPs0,642.0,https://www.youtube.com/watch?v=4_KgUiDUPs0
Divorcing a King - Eleanor of Aquitaine - European History - Part 1 - Extra History,2022-08-20,755860,24907,719,fjalQSOLZE4,600.0,https://www.youtube.com/watch?v=fjalQSOLZE4
Kings Of Solomon Ethiopia Empire - LIES - Extra History,2022-08-13,58804,1810,130,2zvWcJvra_g,1698.0,https://www.youtube.com/watch?v=2zvWcJvra_g
"♫ The Ethiopian Empire: ""Abyssinia"" By Tiffany Roman  - Instrumental Music - Extra History",2022-08-11,40926,995,64,H1sgV_3MeKw,127.0,https://www.youtube.com/watch?v=H1sgV_3MeKw
Kings of Solomon - The Battle of Adwa - Ethiopian Empire - Part 6 - Extra History,2022-08-06,277356,11833,433,HI5A_2DKm_0,743.0,https://www.youtube.com/watch?v=HI5A_2DKm_0
Kings of Solomon: The Barefoot Emperor - Ethiopian Empire - Part 5 - Extra History,2022-07-30,256516,11168,341,ZJerzcod8yw,666.0,https://www.youtube.com/watch?v=ZJerzcod8yw
Kings of Solomon: Time of Judges - Ethiopian Empire - Part 4 - Extra History,2022-07-23,285458,11362,441,oAsURqXz5EM,591.0,https://www.youtube.com/watch?v=oAsURqXz5EM
Kings of Solomon: Church and State - Ethiopian Empire - Part 3 - Extra History,2022-07-16,327935,12736,334,GdS10vtF2Q8,641.0,https://www.youtube.com/watch?v=GdS10vtF2Q8
Kings of Solomon: New Jerusalem - Ethiopian Empire - Part 2 - Extra History,2022-07-02,402040,14733,551,9lQJxcYL6Hk,662.0,https://www.youtube.com/watch?v=9lQJxcYL6Hk
Kings of Solomon: Not Prester John - Ethiopian Empire - Part 1 - Extra History,2022-06-25,601489,22131,900,ZtbLrCrm56Y,649.0,https://www.youtube.com/watch?v=ZtbLrCrm56Y
"♫ Tulip Mania: ""First Financial Bubble"" By Tiffany Roman  - Instrumental Music - Extra History",2022-06-18,54840,1371,68,b2EhkP72ELc,100.0,https://www.youtube.com/watch?v=b2EhkP72ELc
Tulip Mania  - LIES - European History - Extra History,2022-06-18,57347,1757,151,ZbuFKZVdMUo,1977.0,https://www.youtube.com/watch?v=ZbuFKZVdMUo
Billie Holiday vs The US Government - US History - Extra History,2022-06-11,288354,14673,547,bg9uCnCwGsM,603.0,https://www.youtube.com/watch?v=bg9uCnCwGsM
Eternal Madness - Tulip Mania - European History - Part 5 - Extra History,2022-06-04,339655,14446,425,7GApMtJ1QZQ,626.0,https://www.youtube.com/watch?v=7GApMtJ1QZQ
"""Kill the Indian, Save the Man"" - Carlisle Boarding School - US History - Extra History",2022-06-03,356696,16498,1206,fbRBNSjT_FQ,612.0,https://www.youtube.com/watch?v=fbRBNSjT_FQ
The Crash - Tulip Mania - European History - Part 4 - Extra History,2022-05-28,371188,15098,384,GpDxENI64zI,580.0,https://www.youtube.com/watch?v=GpDxENI64zI
Tom King's Coffee House of Debauchery!  - The History of Coffee - Extra History #shorts,2022-05-27,356512,28766,102,QO64ns38TW8,56.0,https://www.youtube.com/watch?v=QO64ns38TW8
To the Moon! - Tulip Mania - European History - Part 3 - Extra History,2022-05-21,411605,15428,416,h8Ng74D_9_Q,606.0,https://www.youtube.com/watch?v=h8Ng74D_9_Q
Guzzling Hot Gold! - Rome & The Third Century Crisis - Extra History #shorts,2022-05-20,2451250,160331,422,PodZmTAZ91A,55.0,https://www.youtube.com/watch?v=PodZmTAZ91A
Don't Steal Roosevelt's Boat! - Extra History #shorts,2022-05-16,8664310,601882,2621,jkzQcVN6Xn4,55.0,https://www.youtube.com/watch?v=jkzQcVN6Xn4
Farming Gold! - Tulip Mania - European History - Part 2 - EXTRA HISTORY,2022-05-14,448930,16510,421,BgBdUWL85nI,612.0,https://www.youtube.com/watch?v=BgBdUWL85nI
Execution Elephants - Ibn Battuta - Extra History #shorts,2022-05-13,1752617,117339,306,Da8YTROteV8,54.0,https://www.youtube.com/watch?v=Da8YTROteV8
The Worlds First Financial Bubble? - Tulip Mania - European History - Part 1 - Extra History,2022-05-07,645002,25509,1016,QL5-YbvmYLE,635.0,https://www.youtube.com/watch?v=QL5-YbvmYLE
Genghis Khan‘s Kids - Extra History #shorts,2022-05-06,8326572,570199,1342,-Mj28P2op0s,58.0,https://www.youtube.com/watch?v=-Mj28P2op0s
The Ultimate Warship - Admiral Yi - Extra History #shorts,2022-05-02,337051,35025,240,XnMCtt31fds,56.0,https://www.youtube.com/watch?v=XnMCtt31fds
"♫ History of Beer: ""Prost!"" By Tiffany Roman  - Animated Instrumental Music Video - Extra History",2022-04-30,40504,1224,61,0UwR_D1c2Hg,80.0,https://www.youtube.com/watch?v=0UwR_D1c2Hg
History of Beer - LIES - World History - Extra History,2022-04-30,71804,2332,184,8-p-4Cw0ElI,1715.0,https://www.youtube.com/watch?v=8-p-4Cw0ElI
Crusader Goose!!! - The First Crusade - Extra History #shorts,2022-04-29,1917390,166118,601,ArxHmXig-9E,59.0,https://www.youtube.com/watch?v=ArxHmXig-9E
New England Vampire Panic  - US History - Extra History,2022-04-28,511634,22525,516,hIP_joTOyek,591.0,https://www.youtube.com/watch?v=hIP_joTOyek
The B-Day that Changed D-Day | WW2 | Extra History #shorts,2022-04-25,12622313,768738,2662,7o83vZczieU,54.0,https://www.youtube.com/watch?v=7o83vZczieU
The Great Disappointment - US History - Extra History,2022-04-23,670748,24047,1374,4z80wKIwW6w,666.0,https://www.youtube.com/watch?v=4z80wKIwW6w
The Swedish Meteor - The Great Northern War - Extra History #shorts,2022-04-22,326388,25713,221,pma42bjrEMI,56.0,https://www.youtube.com/watch?v=pma42bjrEMI
History of Beer - Rise of the Beer Barons - World History - Extra History - Part 5,2022-04-17,386852,16211,626,QIKD5fGbvbc,634.0,https://www.youtube.com/watch?v=QIKD5fGbvbc
THAT Horse Rumor... Catherine the Great - Extra History #shorts,2022-04-15,1667472,113942,845,uG7-ygCoklc,54.0,https://www.youtube.com/watch?v=uG7-ygCoklc
History of Beer - Fermenting Revolution - World History - Extra History - Part 4,2022-04-09,427722,15441,388,6pl-MuQHHTE,638.0,https://www.youtube.com/watch?v=6pl-MuQHHTE
The Perfect Biological Weapon? - Hogs in History! - Extra History #shorts,2022-04-08,308648,27691,278,E24KMDW83zk,60.0,https://www.youtube.com/watch?v=E24KMDW83zk
The 1907 Stock Market Crash - Extra History #shorts,2022-04-04,157663,8700,50,0S4ZVkeu2cw,55.0,https://www.youtube.com/watch?v=0S4ZVkeu2cw
History of Beer  - Hopping Mad - World History - Extra History - Part 3,2022-04-02,469293,16648,340,nbzZKKDjxLE,660.0,https://www.youtube.com/watch?v=nbzZKKDjxLE
Murder by Window! - Defenestration: A Symbol of Rebellion! - Extra History #shorts,2022-03-31,140195,8451,129,lC-a48m3Nbs,57.0,https://www.youtube.com/watch?v=lC-a48m3Nbs
History of Beer  - Barbarian Brew - World History - Extra History - Part 2,2022-03-26,534373,18843,508,RgV9s9ez2cc,623.0,https://www.youtube.com/watch?v=RgV9s9ez2cc
Who Invented Banking? - History of Paper Money - Extra History #shorts,2022-03-25,2109898,193561,943,iatuI91U-e0,59.0,https://www.youtube.com/watch?v=iatuI91U-e0
History of Beer - Building a Civilization - World History - Extra History - Part 1,2022-03-19,767992,26861,824,KJsWaJVtZWA,662.0,https://www.youtube.com/watch?v=KJsWaJVtZWA
"Charles VI ALMOST got ""Fired"" - Joan of Arc - Extra History #shorts",2022-03-18,1631028,130309,364,zuxe_RocVNA,52.0,https://www.youtube.com/watch?v=zuxe_RocVNA
Dracula SUCKED at being a Vampire! - Vlad The Impaler - Extra History #shorts,2022-03-14,136569,9521,92,1yGN9vxqBOs,59.0,https://www.youtube.com/watch?v=1yGN9vxqBOs
Empire of Brazil - LIES - South American History - Extra History,2022-03-12,94146,3343,172,PmLPXWGUdPU,1587.0,https://www.youtube.com/watch?v=PmLPXWGUdPU
"♫ ""Independência do Brasi"" - Empire of Brazil - Music Video - Extra History",2022-03-12,68944,1518,48,aGXDlc-oqao,146.0,https://www.youtube.com/watch?v=aGXDlc-oqao
Pirate Love Triangle - Cheng I Sao - Extra History #shorts,2022-03-11,2779162,223887,629,YqzMP4aDhbg,54.0,https://www.youtube.com/watch?v=YqzMP4aDhbg
Mary Toft: The Woman Who Gave Birth to Rabbits - European History - Extra History,2022-03-05,408320,18249,553,lXSfufPrWiU,667.0,https://www.youtube.com/watch?v=lXSfufPrWiU
Why Everyone Loved Saladin - Extra History #shorts,2022-03-04,198064,16337,261,SNal7kchWDs,54.0,https://www.youtube.com/watch?v=SNal7kchWDs
Empire of Brazil - Breaking Bonds - South American History - Extra History - Part 5,2022-02-26,487546,20776,547,QywX2lN6rbY,641.0,https://www.youtube.com/watch?v=QywX2lN6rbY
"Morris Cohen, Pickpocket to Chinese General!? Sun Yat-sen - Extra History #shorts",2022-02-21,1536852,122739,332,BHyYRGELqbg,54.0,https://www.youtube.com/watch?v=BHyYRGELqbg
Empire of Brazil  - The Anarchy - South American History - Extra History - #4,2022-02-19,529456,21326,619,Y6ZmbqGI2n4,728.0,https://www.youtube.com/watch?v=Y6ZmbqGI2n4
Kickstarting the Apocalypse - Grigori Rasputin & Alexander Scriabin - Extra History #shorts,2022-02-18,127263,8120,89,AK3HxCOZZ6w,60.0,https://www.youtube.com/watch?v=AK3HxCOZZ6w
Maya Angelou - Voice of the Voiceless - US History - Extra History,2022-02-17,119024,6437,181,j0hVDHpYeqg,566.0,https://www.youtube.com/watch?v=j0hVDHpYeqg
Empire of Brazil - Family Drama - South American History - Extra History - Part 3,2022-02-12,564625,22049,577,Cug8DeQWsEk,686.0,https://www.youtube.com/watch?v=Cug8DeQWsEk
The Tulsa Massacre - The Burning of Black Wall Street - Extra History #shorts,2022-02-07,136420,9176,186,_stKzG8aTyg,56.0,https://www.youtube.com/watch?v=_stKzG8aTyg
Empire of Brazil - Independence or DEATH! - South American History - Extra History - Part 2,2022-02-05,671207,24969,601,N9Qb-CRXGyg,634.0,https://www.youtube.com/watch?v=N9Qb-CRXGyg
Profiling Cleopatra - Extra History #shorts,2022-02-04,189973,12618,146,aqfqeiY6sKs,55.0,https://www.youtube.com/watch?v=aqfqeiY6sKs
Empire of Brazil - Runaway Monarch - South American History - Extra History - Part 1,2022-01-29,927589,33739,1090,DzUNfnVnIkw,569.0,https://www.youtube.com/watch?v=DzUNfnVnIkw
Was the Bismarck Scuttled? Hunting The Bismarck | WW2 | Extra History #shorts,2022-01-28,174640,10796,130,Ycv02dkzcvk,59.0,https://www.youtube.com/watch?v=Ycv02dkzcvk
The Man Who Stopped WWIII - Cuban Missile Crisis - Extra History #shorts,2022-01-25,221448,14213,219,Rv49mQg3hiU,59.0,https://www.youtube.com/watch?v=Rv49mQg3hiU
"♫ ""Paranoia"" - Japanese Militarism - Extra History Music",2022-01-24,120497,2412,76,X2HyiKs5bXc,90.0,https://www.youtube.com/watch?v=X2HyiKs5bXc
Japanese Militarism - LIES - Extra History,2022-01-24,107600,3443,224,m_MmSc1H2m0,1629.0,https://www.youtube.com/watch?v=m_MmSc1H2m0
Did Steampunk Samurai Exist? - End of the Samurai - Extra History #shorts,2022-01-18,1690121,145722,745,5Bd49h15Q74,60.0,https://www.youtube.com/watch?v=5Bd49h15Q74
The Zimmermann Telegram - Best of Frenemies - WWI History - Extra History,2022-01-15,565084,20915,575,aOT9F6pU_qY,620.0,https://www.youtube.com/watch?v=aOT9F6pU_qY
Japanese Militarism - Marco... Polo... - Extra History - Part 5,2022-01-08,564842,19545,621,_JC_fFkj5g4,651.0,https://www.youtube.com/watch?v=_JC_fFkj5g4
Japanese Militarism - Government by Assassination - Extra History - Part 4,2022-01-01,563963,19340,712,gKXRPjYcNuU,616.0,https://www.youtube.com/watch?v=gKXRPjYcNuU
Götz of the Iron Hand - Cyborg Knight Prosthetics - European History - Extra History,2021-12-30,612429,28116,999,tu6cvBtMIGU,570.0,https://www.youtube.com/watch?v=tu6cvBtMIGU
Japanese Militarism - Blood on the Railway - Extra History - Part 3,2021-12-25,614613,19189,360,39VVdj1t76Y,656.0,https://www.youtube.com/watch?v=39VVdj1t76Y
A Christmas Truce - The Truce Tree - Extra History #shorts,2021-12-24,8887367,571003,1788,jvSjE-RR6sU,55.0,https://www.youtube.com/watch?v=jvSjE-RR6sU
Japanese Militarism - Taisho Democracy - Extra History - Part 2,2021-12-18,736240,22273,639,DcuvpihOmrQ,669.0,https://www.youtube.com/watch?v=DcuvpihOmrQ
Japanese Militarism - Drawing the Knife - Extra History - Part 1,2021-12-11,1024758,31038,594,JEG09-Aynco,632.0,https://www.youtube.com/watch?v=JEG09-Aynco
"♫ ""British India"" - Conquest of India  -  Extra History Music",2021-12-04,82547,1728,92,HhhkM7PlLaM,88.0,https://www.youtube.com/watch?v=HhhkM7PlLaM
Conquest of India - LIES - Extra History,2021-12-04,87789,2672,237,SlMS3RcFI9k,1547.0,https://www.youtube.com/watch?v=SlMS3RcFI9k
The Cotton Gin - Seeds of a Lie - US History - Extra History,2021-11-27,706893,29682,1255,3IqNot1lxTM,567.0,https://www.youtube.com/watch?v=3IqNot1lxTM
Conquest of India - The Empty Chair - Extra History - Part 5,2021-11-20,481535,18464,790,o0vBdP5hFng,659.0,https://www.youtube.com/watch?v=o0vBdP5hFng
The Discovery of Insulin - Free-for-all - Medical History - Extra History - Part 2,2021-11-18,335668,14491,502,Qs_QCJv3HrA,593.0,https://www.youtube.com/watch?v=Qs_QCJv3HrA
Conquest of India - The Company Raj - Extra History - Part 4,2021-11-13,537236,19947,772,ZYIf2MtIcEY,657.0,https://www.youtube.com/watch?v=ZYIf2MtIcEY
The Discovery of Insulin  - The Miracle - Medical History - Extra History - Part 1,2021-11-11,421170,17396,769,jn4HvRkBbfk,574.0,https://www.youtube.com/watch?v=jn4HvRkBbfk
Conquest of India - The Black Hole - Extra History - Part 3,2021-11-06,608385,20098,802,x1JwJJybHDs,637.0,https://www.youtube.com/watch?v=x1JwJJybHDs
Conquest of India - East India Companies - Extra History - Part 2,2021-10-30,651914,21535,875,AqCWlABVddY,620.0,https://www.youtube.com/watch?v=AqCWlABVddY
Conquest of India - A Historical Paradox - Extra History - Part 1,2021-10-23,874166,29318,1406,E4vonIphF4E,637.0,https://www.youtube.com/watch?v=E4vonIphF4E
Grigori Rasputin - LIES - Russian History - Extra History,2021-10-16,92410,2852,202,-a4aptt3HTA,1578.0,https://www.youtube.com/watch?v=-a4aptt3HTA
"♫ ""Mad Monk"" - Grigori Rasputin - Extra History Music",2021-10-16,81535,1759,76,tAglQLZBGzE,93.0,https://www.youtube.com/watch?v=tAglQLZBGzE
The Great Emu War - Beaks vs. Bullets - Australian History - Part 2 - Extra History,2021-10-09,504553,20463,1110,xxvtYx2CKAU,670.0,https://www.youtube.com/watch?v=xxvtYx2CKAU
The Great Emu War - Battlebirds - Australian History - Part 1 - Extra History,2021-10-02,701604,28466,1628,iiRz52AQlMk,661.0,https://www.youtube.com/watch?v=iiRz52AQlMk
Grigori Rasputin - An Infamous Murder - Russian History - Extra History - Part 4,2021-09-25,582648,22655,799,l8iTHsS-Iu0,674.0,https://www.youtube.com/watch?v=l8iTHsS-Iu0
Grigori Rasputin - The Dark One - Russian History - Extra History - Part 3,2021-09-18,575646,21121,556,aVSg-uFwDcY,683.0,https://www.youtube.com/watch?v=aVSg-uFwDcY
Marcus Garvey - Black Moses - US History - Extra History,2021-09-16,290414,11987,631,GsJl0ScUWmI,682.0,https://www.youtube.com/watch?v=GsJl0ScUWmI
Grigori Rasputin - Royal Blood - Russian History - Extra History - Part 2,2021-09-11,645623,22786,850,_PQjCZ9Hc2E,662.0,https://www.youtube.com/watch?v=_PQjCZ9Hc2E
Grigori Rasputin - The Mad Monk - Russian History - Extra History - Part 1,2021-09-04,1040867,32612,1368,vHQUAb4v94I,672.0,https://www.youtube.com/watch?v=vHQUAb4v94I
"♫ ""The Real Dracula"" - Vlad the Impaler - Extra History Music",2021-08-28,103019,2580,111,QCaPXsoYY5g,110.0,https://www.youtube.com/watch?v=QCaPXsoYY5g
Vlad the Impaler - LIES  - World History - Extra History,2021-08-28,104558,3427,328,lHTWV2kZE10,1472.0,https://www.youtube.com/watch?v=lHTWV2kZE10
The Erfurt Latrine Disaster - A Meeting From Hell - European History - Extra History,2021-08-21,748212,28113,971,wPjg-pDbVzY,610.0,https://www.youtube.com/watch?v=wPjg-pDbVzY
History of Coffee  - Global Addiction - World History - Extra History - Part 2,2021-08-19,712565,24958,781,_MO4pjidfgU,662.0,https://www.youtube.com/watch?v=_MO4pjidfgU
Vlad the Impaler - The Living Dead - European History - Extra History - Part 5,2021-08-14,603857,27803,1005,C-emJnmI5XU,668.0,https://www.youtube.com/watch?v=C-emJnmI5XU
History of Coffee - Brewing Controversy - World History - Extra History - Part 1,2021-08-12,1031633,33589,1254,22p73Pl3KJA,656.0,https://www.youtube.com/watch?v=22p73Pl3KJA
Vlad the Impaler - War in the Dark - European History - Extra History - Part 4,2021-08-07,698121,26705,658,OnDHjdX1aQE,637.0,https://www.youtube.com/watch?v=OnDHjdX1aQE
Vlad the Impaler - Raising The Stakes - European History - Extra History - Part 3,2021-07-31,780829,29818,904,hbRcAHMG_l4,665.0,https://www.youtube.com/watch?v=hbRcAHMG_l4
Vlad the Impaler  - Blood Oaths - European History - Extra History - Part 2,2021-07-24,855551,31127,675,XjCKdhQ_QXE,554.0,https://www.youtube.com/watch?v=XjCKdhQ_QXE
Vlad the Impaler  - Son of the Dragon - European History - Extra History - Part 1,2021-07-17,1203009,43993,1897,A38EIkIzgM8,671.0,https://www.youtube.com/watch?v=A38EIkIzgM8
"♫ ""May 15, 1648"" - Thirty Years' War - Extra History Music",2021-07-12,73306,1525,87,LCZuiXV1j-M,124.0,https://www.youtube.com/watch?v=LCZuiXV1j-M
Thirty Years' War - LIES - European History - Extra History,2021-07-10,98494,2884,276,i7VR_tqIhxI,1532.0,https://www.youtube.com/watch?v=i7VR_tqIhxI
The Harlem Numbers Racket & Stephanie St Clair  - US History - Extra History,2021-07-03,218993,10541,464,rxBydCAfmEE,664.0,https://www.youtube.com/watch?v=rxBydCAfmEE
Thirty Years War - Chaining the Dragon - European History - Extra History - Part 5,2021-06-26,449476,16811,805,8uZKnlwYA3M,655.0,https://www.youtube.com/watch?v=8uZKnlwYA3M
Thirty Years War - Death - European History - Extra History - Part 4,2021-06-19,509799,17184,558,UxVgLvjJXaE,676.0,https://www.youtube.com/watch?v=UxVgLvjJXaE
Thirty Years War - Famine - European History - Extra History - Part 3,2021-06-12,546765,18176,610,imvblptadds,665.0,https://www.youtube.com/watch?v=imvblptadds
Thirty Years War  - The 2nd Horseman - European History - Extra History - Part 2,2021-06-05,630037,20779,603,v3C35SIidJQ,700.0,https://www.youtube.com/watch?v=v3C35SIidJQ
Negro League Baseball - Breaking Baseball's Color Barrier - US History - Extra History,2021-06-03,178976,8605,371,XDP71SpV_i4,686.0,https://www.youtube.com/watch?v=XDP71SpV_i4
Thirty Years' War - Conquest - European History - Part 1 - Extra History,2021-05-29,980994,28843,1143,GaPU1-vMQOI,669.0,https://www.youtube.com/watch?v=GaPU1-vMQOI
"♫ Jewish Pirates - ""Los Piratas Judios"" - Extra History Music",2021-05-22,78584,1609,73,I9GqNP4l00E,93.0,https://www.youtube.com/watch?v=I9GqNP4l00E
Jewish Pirates - Lies - European History - Extra History,2021-05-22,71789,2407,226,WTiFs1EXBhk,1579.0,https://www.youtube.com/watch?v=WTiFs1EXBhk
Climbing Matterhorn: Women Ascending - European History - Part 2 - Extra History,2021-05-15,235245,10429,270,XsoccHW7rvw,661.0,https://www.youtube.com/watch?v=XsoccHW7rvw
Climbing the Matterhorn: Death Mountain - European History - Part 1 - Extra History,2021-05-08,352118,13973,428,XXhx-HhsZg4,614.0,https://www.youtube.com/watch?v=XXhx-HhsZg4
Jewish Pirates - Treasure for Days! & The New World - European History - Part 4 - Extra History,2021-05-01,415531,16287,560,PPF2HgFpjZU,737.0,https://www.youtube.com/watch?v=PPF2HgFpjZU
Rome: Battle of the Milvian Bridge - Constantine vs Maxentius - Roman History - Extra History,2021-04-29,429912,16948,611,8pMjUqCPiig,662.0,https://www.youtube.com/watch?v=8pMjUqCPiig
Jewish Pirates - The Pirate Rabbi - European History - Part 3 - Extra History,2021-04-24,441147,16712,578,m21_Ul22jSw,649.0,https://www.youtube.com/watch?v=m21_Ul22jSw
Jewish Pirates - Barbarossa’s Sidekick - European History - Part 2 - Extra History,2021-04-17,549926,18214,650,T_zCkAzeazI,667.0,https://www.youtube.com/watch?v=T_zCkAzeazI
Jewish Pirates - Fleeing the Inquisition - European History - Part 1 - Extra History,2021-04-10,737153,25303,1404,ZDvmzPlmra8,706.0,https://www.youtube.com/watch?v=ZDvmzPlmra8
Teddy Roosevelt the Trustbuster - Lies - US History - Extra History,2021-04-03,79718,2478,236,4TRS4TiEUxE,1699.0,https://www.youtube.com/watch?v=4TRS4TiEUxE
"♫ Teddy Roosevelt the Trustbuster - ""Monopolies"" - Extra History Music",2021-04-03,81665,1768,93,K3VjxiMxhVA,115.0,https://www.youtube.com/watch?v=K3VjxiMxhVA
The Assassination of Medgar Evers - A Hero Silenced - US History - Extra History,2021-03-27,288483,15254,750,2eWg17KSXEU,631.0,https://www.youtube.com/watch?v=2eWg17KSXEU
Teddy Roosevelt the Trustbuster - Meatgrinder - US History - Part 5 - Extra History,2021-03-20,657816,24006,796,XXos-XlCooI,694.0,https://www.youtube.com/watch?v=XXos-XlCooI
Teddy Roosevelt the Trustbuster - Trainwreck - US History - Part 4 - Extra History,2021-03-13,727887,24278,1040,wRlShGD4QwI,653.0,https://www.youtube.com/watch?v=wRlShGD4QwI
Teddy Roosevelt the Trustbuster - Breaking Standard - US History - Part 3 - Extra History,2021-03-06,857068,27278,880,FO_w4G_YWcE,696.0,https://www.youtube.com/watch?v=FO_w4G_YWcE
Black Medical Exploitation | Why African Americans Distrust Medicine | US History | Extra History,2021-03-04,313688,15334,1018,m63NDZVZRXc,598.0,https://www.youtube.com/watch?v=m63NDZVZRXc
Teddy Roosevelt the Trustbuster - The Regulators - US History - Part 2 - Extra History,2021-02-27,1019079,31453,1282,xDEibXPtIRQ,709.0,https://www.youtube.com/watch?v=xDEibXPtIRQ
Teddy Roosevelt the Trustbuster - Big Oil - US History - Part 1 - Extra History,2021-02-20,1566903,44370,1769,reWe7POryt0,707.0,https://www.youtube.com/watch?v=reWe7POryt0
Interstate Displacement: The Legacy of Robert Moses - US History - Extra History,2021-02-18,321976,15252,1021,LmC5T-2d6Xw,589.0,https://www.youtube.com/watch?v=LmC5T-2d6Xw
"♫ ""The Boy from Tikrit"" by Tiffany Román - Instrumental Music - Extra History",2021-02-13,83255,1978,188,TSdya9GHLZE,83.0,https://www.youtube.com/watch?v=TSdya9GHLZE
Saladin & the 3rd Crusade | Lies | Middle East History | Extra History,2021-02-13,105196,3206,300,X_QEeWDou4I,1597.0,https://www.youtube.com/watch?v=X_QEeWDou4I
Saladin & the 3rd Crusade | Next King of Jerusalem | Middle East History | Extra History | Part 6,2021-02-06,717950,23377,925,o1s8AJK6sSc,624.0,https://www.youtube.com/watch?v=o1s8AJK6sSc
Redlining - Income and Housing Inequality - US History - Extra History,2021-02-04,276526,15189,1084,vyiwk3D-3ag,611.0,https://www.youtube.com/watch?v=vyiwk3D-3ag
Saladin & the 3rd Crusade | A Crusade's End | Middle East History | Extra History | Part 5,2021-01-30,586745,23882,1039,KSiqTA67L2w,580.0,https://www.youtube.com/watch?v=KSiqTA67L2w
"Black Boxing Heavyweights: Jack Johnson, Joe Louis, & Muhammad Ali - US History - Extra History",2021-01-28,311927,16340,962,iuJCtSI_8ts,565.0,https://www.youtube.com/watch?v=iuJCtSI_8ts
Saladin & the 3rd Crusade | Defending Jerusalem | Middle East History | Extra History | Part 4,2021-01-23,615684,20714,740,fGDs5tOX318,607.0,https://www.youtube.com/watch?v=fGDs5tOX318
Saladin & the 3rd Crusade | The Third Crusade | Middle East History | Extra History | Part 3,2021-01-16,701444,21893,867,a8pI7gj0AeA,594.0,https://www.youtube.com/watch?v=a8pI7gj0AeA
How We Choose Extra History Topics - Patreon FAQ,2021-01-15,96953,,,N6aP7WuduDc,167.0,https://www.youtube.com/watch?v=N6aP7WuduDc
Saladin & the 3rd Crusade | Siege of Jerusalem | Middle East History | Extra History | Part 2,2021-01-09,778087,24067,1176,gzLacGirWWQ,581.0,https://www.youtube.com/watch?v=gzLacGirWWQ
Saladin & the 3rd Crusade | Horns of Hattin | Middle East History | Extra History | Part 1,2021-01-02,1043992,29767,1398,ReE35Lj_iTs,561.0,https://www.youtube.com/watch?v=ReE35Lj_iTs
End of the Samurai - Lies - Japanese History - Extra History,2020-12-26,117386,3444,250,7Fzy25qzW3g,1408.0,https://www.youtube.com/watch?v=7Fzy25qzW3g
"♫ ""The Streets of Kyoto"" by Tiffany Román - Instrumental Music - Extra History",2020-12-26,152733,3295,120,pCu-t71uFrw,125.0,https://www.youtube.com/watch?v=pCu-t71uFrw
Francis Walsingham - Elizabethan Spymaster - European History - Extra History,2020-12-19,482221,16369,677,pQMXqmuj2Zw,586.0,https://www.youtube.com/watch?v=pQMXqmuj2Zw
End of the Samurai - The Last Samurai - Japanese History - Extra History - Part 5,2020-12-12,871681,28974,1281,Ir1Aua1jWc4,610.0,https://www.youtube.com/watch?v=Ir1Aua1jWc4
End of the Samurai - The Imperial Army - Japanese History - Extra History - Part 4,2020-12-05,788775,24040,809,_IyXdZi_6yg,559.0,https://www.youtube.com/watch?v=_IyXdZi_6yg
End of the Samurai - The Boshin War - Japanese History - Extra History - Part 3,2020-11-28,957641,26578,698,499MEYhur7E,606.0,https://www.youtube.com/watch?v=499MEYhur7E
End of the Samurai - Gangs of Kyoto - Japanese History - Extra History - Part 2,2020-11-21,1017559,28845,829,c5kn5GFujuA,604.0,https://www.youtube.com/watch?v=c5kn5GFujuA
The Polio Epidemic - FDR & The March of Dimes - Medical History - Extra History,2020-11-19,608364,20517,748,7sqkwjzNRgk,618.0,https://www.youtube.com/watch?v=7sqkwjzNRgk
End of the Samurai - Black Ships - Japanese History - Extra History - Part 1,2020-11-14,1530212,40914,1907,FmRm--vRHCg,573.0,https://www.youtube.com/watch?v=FmRm--vRHCg
The Harlem Renaissance - An Explosion of Art - US History - Extra History,2020-11-12,360624,11723,389,8kZ0gZMCx9U,554.0,https://www.youtube.com/watch?v=8kZ0gZMCx9U
"♫ ""Immortal Longings"" by Tiffany Román - Instrumental Music - Extra History",2020-11-07,78120,1738,92,_Sq_Q_0lOaw,155.0,https://www.youtube.com/watch?v=_Sq_Q_0lOaw
Cleopatra - Lies - Egyptian History - Extra History,2020-11-07,91747,2936,347,2x1UkSVQfI8,1825.0,https://www.youtube.com/watch?v=2x1UkSVQfI8
The Beast of Gévaudan | Terror in the French Countryside | European History | Extra History,2020-10-31,687385,26015,1096,qDf93nFGZuc,664.0,https://www.youtube.com/watch?v=qDf93nFGZuc
Voting in America | From Barkers to Booths | US History | Extra History,2020-10-27,563421,22453,1324,vQfm-6duBb8,587.0,https://www.youtube.com/watch?v=vQfm-6duBb8
Cleopatra - Eternal Life - Egyptian History - Extra History - Part 5,2020-10-24,397777,17130,867,uNGUDaA9-GQ,566.0,https://www.youtube.com/watch?v=uNGUDaA9-GQ
Cleopatra - Death by Snake - Egyptian History - Extra History - Part 4,2020-10-17,576091,20019,914,i_Teuv7-LN8,631.0,https://www.youtube.com/watch?v=i_Teuv7-LN8
"Cleopatra - Exit Caesar, Enter Antony! - Egyptian History - Extra History  - Part 3",2020-10-10,637704,20712,848,Vl1Yvl0U29Y,617.0,https://www.youtube.com/watch?v=Vl1Yvl0U29Y
Cleopatra - Hail Caesar! - Egyptian History - Extra History - Part 2,2020-10-03,688310,22029,924,zGSfOOzHBGs,594.0,https://www.youtube.com/watch?v=zGSfOOzHBGs
Cleopatra - A Drunken Bet - Egyptian History - Extra History - Part 1,2020-09-27,846371,24367,946,ypswk9-DP9M,543.0,https://www.youtube.com/watch?v=ypswk9-DP9M
"♫ ""Hold the Phalanx!"" by Tiffany Román - Instrumental Music - Extra History",2020-09-19,128898,2697,121,JF9HJ_V7Ia0,130.0,https://www.youtube.com/watch?v=JF9HJ_V7Ia0
Third Century Crisis | Lies | Roman History | Extra History,2020-09-19,113430,3009,243,OmmEqC90W7g,1395.0,https://www.youtube.com/watch?v=OmmEqC90W7g
Bartolomé de las Casas | Changing Your Mind | European History | Extra History,2020-09-12,707010,28762,1407,vH65erzQBkY,613.0,https://www.youtube.com/watch?v=vH65erzQBkY
The Harlem Hellfighters | The 369th Infantry | US History | Extra History,2020-09-10,667538,30401,1685,RV-c62e7g1k,612.0,https://www.youtube.com/watch?v=RV-c62e7g1k
Third Century Crisis | The Great Persecution | Roman History | Extra History | Part 5,2020-09-05,716835,22070,1249,n2-pPpWC7Is,582.0,https://www.youtube.com/watch?v=n2-pPpWC7Is
Syphilis - The Killer Cure - Medical History - Extra History - Part 2,2020-09-03,626153,23868,940,fdjBBGJvem0,611.0,https://www.youtube.com/watch?v=fdjBBGJvem0
Third Century Crisis | The Tetrarchy | Roman History | Extra History | Part 4,2020-08-29,735129,21913,627,vBFVRV5vsp4,595.0,https://www.youtube.com/watch?v=vBFVRV5vsp4
Syphilis - The Great Imitator - Medical History - Extra History - Part 1,2020-08-27,924446,31328,1226,gnwKRHBiWb4,604.0,https://www.youtube.com/watch?v=gnwKRHBiWb4
Third Century Crisis | Not Diocletian | Roman History | Extra History | Part 3,2020-08-22,818130,23432,996,lV8u3TS0CRw,595.0,https://www.youtube.com/watch?v=lV8u3TS0CRw
Third Century Crisis | Enter Aurelian | Roman History | Extra History | Part 2,2020-08-15,899598,24360,1012,fyyJbOGI7A0,567.0,https://www.youtube.com/watch?v=fyyJbOGI7A0
The Trojan War - Battles in the Bronze Age - Extra History - Part 2,2020-08-13,483515,15992,489,LVQZXfgjzEE,598.0,https://www.youtube.com/watch?v=LVQZXfgjzEE
Rome & The Third Century Crisis | Taking A Stab At It | Roman History | Extra History | Part 1,2020-08-08,1308985,35139,1672,qNDE113vs28,570.0,https://www.youtube.com/watch?v=qNDE113vs28
"♫ ""Pasifika"" by Tiffany Román - Instrumental Music - Extra History",2020-08-01,75241,1800,103,1M0sZZyTdNE,128.0,https://www.youtube.com/watch?v=1M0sZZyTdNE
Exploring the Pacific - LIES - Extra History,2020-08-01,75506,2010,166,wdj9cbkvHI4,1760.0,https://www.youtube.com/watch?v=wdj9cbkvHI4
The Trojan War - History vs. Myth - Extra History - Part 1,2020-07-30,773100,23098,822,zT2egl5iTvg,667.0,https://www.youtube.com/watch?v=zT2egl5iTvg
The Affair of the Diamond Necklace - Marie Antoinette - Extra History,2020-07-25,532969,18818,964,aLU1wNntRa0,512.0,https://www.youtube.com/watch?v=aLU1wNntRa0
Exploring the Pacific - Farther Than Any Man - Extra History - Part 5,2020-07-18,309061,13435,572,8XQxOe9XT18,561.0,https://www.youtube.com/watch?v=8XQxOe9XT18
Exploring the Pacific - Magellan's Mistake - Extra History - Part 4,2020-07-11,427168,14863,839,CqpQE7dFEuM,566.0,https://www.youtube.com/watch?v=CqpQE7dFEuM
Exploring the Pacific - Founders & Lost Cities - Extra History - Part 3,2020-07-04,404383,14653,700,OLrmHn8lOfk,542.0,https://www.youtube.com/watch?v=OLrmHn8lOfk
"The Burning of Black Wall Street - Tulsa, OK - Extra History",2020-07-03,831012,41039,3012,nc7lXBL9mng,546.0,https://www.youtube.com/watch?v=nc7lXBL9mng
Exploring the Pacific - Wayfinding - Extra History - Part 2,2020-06-27,442110,16641,806,WIDBE33GeCM,550.0,https://www.youtube.com/watch?v=WIDBE33GeCM
Exploring the Pacific - The Great Ocean - Extra History - Part 1,2020-06-20,685542,25029,974,Y1suZVUoxCA,529.0,https://www.youtube.com/watch?v=Y1suZVUoxCA
Dividing the Middle East - Lies - Extra History,2020-06-13,112590,2770,242,eNvhTkDkdqA,1724.0,https://www.youtube.com/watch?v=eNvhTkDkdqA
"♫ ""Thread of War"" by Tiffany Román - Instrumental Music - Extra History",2020-06-13,107366,1955,140,eUEeg2rI_eg,90.0,https://www.youtube.com/watch?v=eUEeg2rI_eg
The Sacred Band - An Alternative 300 - Extra History,2020-06-06,403009,18887,1186,ju8PQcvlq00,605.0,https://www.youtube.com/watch?v=ju8PQcvlq00
The Field of the Cloth of Gold - Royal Frenemies - Extra History - Part 2,2020-06-04,579829,18762,611,yWt9N2ZNi3c,646.0,https://www.youtube.com/watch?v=yWt9N2ZNi3c
Dividing the Middle East - Setting the Board - Extra History - Part 5,2020-05-30,502955,17250,976,1zZ1A8sphjA,580.0,https://www.youtube.com/watch?v=1zZ1A8sphjA
The Field of the Cloth of Gold - Universal Peace - Extra History - Part 1,2020-05-28,841627,23351,975,bhi0aUQRoeg,619.0,https://www.youtube.com/watch?v=bhi0aUQRoeg
Dividing the Middle East - Three Kings - Extra History - Part 4,2020-05-23,612994,17931,682,WU9TrSOnXkU,561.0,https://www.youtube.com/watch?v=WU9TrSOnXkU
Dividing the Middle East - Drawing Lines - Extra History - Part 3,2020-05-16,656095,20212,1403,0VoV_RQZDls,568.0,https://www.youtube.com/watch?v=0VoV_RQZDls
Dividing the Middle East - The Arab Revolt - Extra History - Part 2,2020-05-09,829732,22547,1325,jJCq5p8HCZo,569.0,https://www.youtube.com/watch?v=jJCq5p8HCZo
Dividing the Middle East - The Great Loot - Extra History - Part 1,2020-05-02,1172891,30484,1784,f2L6L37GGAY,582.0,https://www.youtube.com/watch?v=f2L6L37GGAY
The 1929 Stock Market Crash - Black Thursday - Extra History,2020-04-25,2594325,59923,2909,D2iuUzkKu9k,555.0,https://www.youtube.com/watch?v=D2iuUzkKu9k
Ibn Battuta - Lies - Extra History,2020-04-18,234644,6086,583,G9HO75wcoUU,1690.0,https://www.youtube.com/watch?v=G9HO75wcoUU
"♫ ""Battuta's Voyage"" by Tiffany Román - Instrumental Music - Extra History",2020-04-18,134553,2982,200,krv9J3KZu3I,127.0,https://www.youtube.com/watch?v=krv9J3KZu3I
Ibn Fadlan - A Viking Funeral - Extra History,2020-04-11,999384,36457,2900,RSURd15qfWQ,582.0,https://www.youtube.com/watch?v=RSURd15qfWQ
Ibn Battuta - Plague and Homecoming - Extra History - Part 5,2020-04-04,725133,26839,1127,WMlwlHHnMsI,543.0,https://www.youtube.com/watch?v=WMlwlHHnMsI
Ra Ra Rasputin - April Fools 2020 ;) - Extra History,2020-04-01,724303,37875,2981,sjW8cq57Dl8,233.0,https://www.youtube.com/watch?v=sjW8cq57Dl8
Ibn Battuta - Escape to China - Extra History - Part 4,2020-03-27,731657,23504,865,dqZYZOjRlmA,546.0,https://www.youtube.com/watch?v=dqZYZOjRlmA
Ibn Battuta - The Mad Sultan - Extra History - Part 3,2020-03-21,786035,25014,1061,Ia3WdlvfnBU,553.0,https://www.youtube.com/watch?v=Ia3WdlvfnBU
Ibn Battuta - Mongols and Mystics - Extra History - Part 2,2020-03-14,884479,26635,1086,7mNXbUAxdVI,517.0,https://www.youtube.com/watch?v=7mNXbUAxdVI
Ibn Battuta - The Great Traveler - Extra History - Part 1,2020-03-07,1411875,40343,2069,TEI0sVYKtg8,523.0,https://www.youtube.com/watch?v=TEI0sVYKtg8
The Haitian Revolution - Lies - Extra History,2020-02-29,112300,2974,172,oOeLmULRaco,1561.0,https://www.youtube.com/watch?v=oOeLmULRaco
The Haitian Revolution - Roots of Liberty - Extra History - Part 6,2020-02-22,572048,20066,1288,-z0NqTEtJyg,560.0,https://www.youtube.com/watch?v=-z0NqTEtJyg
"♫ ""Crête-à-Pierrot"" by Tiffany Román - Instrumental Music - Extra History",2020-02-22,163607,2753,160,MG2cACAKuzM,122.0,https://www.youtube.com/watch?v=MG2cACAKuzM
The Haitian Revolution - The War of Knives - Extra History - Part 5,2020-02-15,606108,18787,621,Yjerh4HM6Ro,587.0,https://www.youtube.com/watch?v=Yjerh4HM6Ro
The Haitian Revolution - Liberation - Extra History - Part 4,2020-02-08,674053,20300,650,KfLskhmVd7k,572.0,https://www.youtube.com/watch?v=KfLskhmVd7k
The Haitian Revolution - Fire and Freedom - Extra History - Part 3,2020-02-01,761749,21668,707,rqyygI_9DN8,548.0,https://www.youtube.com/watch?v=rqyygI_9DN8
The Haitian Revolution - The Long Fuse - Extra History - Part 2,2020-01-25,815692,22837,694,B-MV8gTNoC0,550.0,https://www.youtube.com/watch?v=B-MV8gTNoC0
The Haitian Revolution - The Slave Society - Extra History - Part 1,2020-01-18,1168204,31934,1247,tYGS8Ll5mw4,552.0,https://www.youtube.com/watch?v=tYGS8Ll5mw4
"♫ ""Alleyways & Truncheons"" by Tiffany Román - Instrumental Music - Extra History",2020-01-11,131323,2458,108,EO_16t_Fe5s,89.0,https://www.youtube.com/watch?v=EO_16t_Fe5s
Policing London - Lies - Extra History,2020-01-11,131299,2869,148,Z8zj6TQUi5U,1528.0,https://www.youtube.com/watch?v=Z8zj6TQUi5U
Allan Pinkerton - The Knights of Capitalism - Extra History,2020-01-04,1216677,35776,2306,Kb2tSF5_vpc,615.0,https://www.youtube.com/watch?v=Kb2tSF5_vpc
Policing London - Scotland Yard at Last - Extra History - Part 5,2019-12-28,1009480,28209,969,qprhL2Jh2Ds,583.0,https://www.youtube.com/watch?v=qprhL2Jh2Ds
Policing London - His Majesty King Mob - Extra History - Part 4,2019-12-21,1078974,26839,574,3Y3H42_8LZU,567.0,https://www.youtube.com/watch?v=3Y3H42_8LZU
History of Vaccines - Killing Smallpox - Medical History - Extra History,2019-12-19,828801,25721,1565,Ke6tT3_QTuM,618.0,https://www.youtube.com/watch?v=Ke6tT3_QTuM
Policing London - The Bow Street Runners - Extra History - Part 3,2019-12-14,1356587,34155,566,H5l75BSJZo8,590.0,https://www.youtube.com/watch?v=H5l75BSJZo8
History of Space Travel - Guided by Starlight - Extra History - Part 6,2019-12-12,238253,9236,559,i2CwEBaLU8U,686.0,https://www.youtube.com/watch?v=i2CwEBaLU8U
Policing London - The Fall of Jonathan Wild - Extra History - Part 2,2019-12-07,1571993,41445,772,h9siL4CWTe4,606.0,https://www.youtube.com/watch?v=h9siL4CWTe4
History of Space Travel - One Small Step - Extra History - Part 5,2019-12-05,276945,8676,452,WNrhPOCZFwQ,676.0,https://www.youtube.com/watch?v=WNrhPOCZFwQ
Policing London - The Thief-Taker General - Extra History - Part 1,2019-11-30,2378724,59315,1376,XvMQY_y4qx8,625.0,https://www.youtube.com/watch?v=XvMQY_y4qx8
History of Space Travel - Red Star - Extra History - Part 4,2019-11-28,283595,8748,401,WjgpEr6majo,651.0,https://www.youtube.com/watch?v=WjgpEr6majo
"♫ ""Nokor Thom"" by Tiffany Román - Instrumental Music - Extra History",2019-11-23,82375,1531,98,OHer7biS1G0,110.0,https://www.youtube.com/watch?v=OHer7biS1G0
Angkor Wat - Lies - Extra History,2019-11-23,85939,2167,158,dDH3TN5xdyY,1391.0,https://www.youtube.com/watch?v=dDH3TN5xdyY
Akhenaten - A Pharaoh Obsessed - Extra History,2019-11-16,1225288,30992,1340,wKSqgLQNIeQ,526.0,https://www.youtube.com/watch?v=wKSqgLQNIeQ
History of Space Travel - Kill Devil to V-2 - Extra History - Part 3,2019-11-14,351677,10043,567,YT1q0hS9yKo,668.0,https://www.youtube.com/watch?v=YT1q0hS9yKo
The Berlin Wall - A Street Party With Sledgehammers - Extra History,2019-11-09,1432747,36876,1849,KgdiYvcOi_w,660.0,https://www.youtube.com/watch?v=KgdiYvcOi_w
"Building Angkor - The ""Lost"" City - Extra History - Part 5",2019-11-08,346375,12135,479,xHmHW7lL1iM,585.0,https://www.youtube.com/watch?v=xHmHW7lL1iM
History of Space Travel - Revolutions - Extra History - Part 2,2019-11-07,342891,10334,458,VB7f2BVPrvA,680.0,https://www.youtube.com/watch?v=VB7f2BVPrvA
Building Angkor - A Drowning City - Extra History - Part 4,2019-11-02,424856,12135,347,JL1yTXZyPd8,610.0,https://www.youtube.com/watch?v=JL1yTXZyPd8
History of Space Travel - Looking to the Stars - Extra History - Part 1,2019-10-31,418012,13268,541,P6JARo6bgpY,596.0,https://www.youtube.com/watch?v=P6JARo6bgpY
Building Angkor - A Clash of Gods - Extra History - #3,2019-10-26,425955,12499,466,BQeuakxNg94,560.0,https://www.youtube.com/watch?v=BQeuakxNg94
Building Angkor - Temple City - Extra History - Part 2,2019-10-19,513799,14078,513,pxbW_L9O7Rg,586.0,https://www.youtube.com/watch?v=pxbW_L9O7Rg
Building Angkor - Monsoon Metropolis - Extra History - Part 1,2019-10-12,802540,21137,1279,oumxCLy_N9k,631.0,https://www.youtube.com/watch?v=oumxCLy_N9k
"♫ ""City of Cuzco"" by Tiffany Román - Instrumental Music - Extra History",2019-10-05,113775,2196,156,NClb6b3A3Vk,104.0,https://www.youtube.com/watch?v=NClb6b3A3Vk
Inca Empire - Lies - Extra History,2019-10-05,68801,2043,154,e96B2arsdkc,1442.0,https://www.youtube.com/watch?v=e96B2arsdkc
Charles Darwin - The Voyage of the Beagle - Extra History,2019-09-28,563549,17923,858,jRmzmYmMTKk,592.0,https://www.youtube.com/watch?v=jRmzmYmMTKk
History of Dentistry - An End To Pain - Extra History - Part 2,2019-09-26,384047,12053,725,x9B19RmsgCo,657.0,https://www.youtube.com/watch?v=x9B19RmsgCo
The Inca Empire - A God Taken Hostage - Extra History - Part 5,2019-09-21,511242,16378,688,zHGWIKnCDtE,633.0,https://www.youtube.com/watch?v=zHGWIKnCDtE
History of Dentistry - Demons and Tooth Worms - Extra History - Part 1,2019-09-19,567155,17932,1643,tlkLbJCtR2k,690.0,https://www.youtube.com/watch?v=tlkLbJCtR2k
The Inca Empire - Andean Apocalypse - Extra History - Part 4,2019-09-14,604308,16918,586,DaVQA6cUQ9Q,621.0,https://www.youtube.com/watch?v=DaVQA6cUQ9Q
The Inca Empire - Life of a Dead Emperor - Extra History - Part 3,2019-09-07,696083,18112,654,5D8mIYp1Qnc,589.0,https://www.youtube.com/watch?v=5D8mIYp1Qnc
The Inca Empire - Earth-Shaker - Extra History - Part 2,2019-08-31,852173,22459,731,y2JiCR3djFI,663.0,https://www.youtube.com/watch?v=y2JiCR3djFI
The Inca Empire - Out of Thin Air - Extra History - Part 1,2019-08-24,1292415,31120,1202,I-9z_Jc81fw,601.0,https://www.youtube.com/watch?v=I-9z_Jc81fw
Joan of Arc - Lies - Extra History,2019-08-17,145525,4121,287,Brnoj4CCGG0,1413.0,https://www.youtube.com/watch?v=Brnoj4CCGG0
"♫ ""Visions of a Martyr"" by Tiffany Román - Instrumental Music - Extra History",2019-08-17,117881,2571,155,IkC5lzNbNdk,144.0,https://www.youtube.com/watch?v=IkC5lzNbNdk
Hogs in History - Creator and Destroyer - Extra History,2019-08-10,1201223,45719,2404,6WkjHyKHyX4,594.0,https://www.youtube.com/watch?v=6WkjHyKHyX4
Joan of Arc - Heroine or Heretic? - Part 5 - Extra History,2019-08-03,860951,28777,1250,C12SCeVmGAw,626.0,https://www.youtube.com/watch?v=C12SCeVmGAw
The Warsaw Uprising: The Unstoppable Spirit of the Polish Resistance | WW2 | Extra History,2019-08-01,2192427,67205,4674,9BjIYKq4CVk,653.0,https://www.youtube.com/watch?v=9BjIYKq4CVk
Joan of Arc - Thy Kingdom Come - Part 4 - Extra History,2019-07-27,919642,26488,883,JuuYBVsg_Hg,635.0,https://www.youtube.com/watch?v=JuuYBVsg_Hg
Joan of Arc - The Maid of Orleans - Part 3 - Extra History,2019-07-20,974169,29598,1257,WQZimRmHEuw,642.0,https://www.youtube.com/watch?v=WQZimRmHEuw
Joan of Arc - Angels and Demons - Part 2 - Extra History,2019-07-13,1165594,31732,1245,ZphBpO5qUkg,620.0,https://www.youtube.com/watch?v=ZphBpO5qUkg
Joan of Arc - The Mad King - Part 1 - Extra History,2019-07-06,1824776,44426,1784,4XFVzpJxgUk,643.0,https://www.youtube.com/watch?v=4XFVzpJxgUk
History of England - A New Future - Part 6 - Extra History,2019-06-29,973576,26258,872,SuidVI9ENN8,581.0,https://www.youtube.com/watch?v=SuidVI9ENN8
History of England - Agincourt - Part 5 - Extra History,2019-06-22,1182964,27027,872,mUgMlZU9TSw,563.0,https://www.youtube.com/watch?v=mUgMlZU9TSw
History of England - Ashes - Part 4 - Extra History,2019-06-15,1108601,25640,619,B7ENUtP_22g,525.0,https://www.youtube.com/watch?v=B7ENUtP_22g
History of England - The Devastation of France - Part 3 - Extra History,2019-06-08,1257807,27679,709,JWuxh-e87dg,503.0,https://www.youtube.com/watch?v=JWuxh-e87dg
History of England - Fire and Swords - Part 2 - Extra History,2019-06-01,1450019,32228,1145,w5K2K-S013U,547.0,https://www.youtube.com/watch?v=w5K2K-S013U
History of England - The 100 Years War  - Part 1 - Extra History,2019-05-25,2526191,53970,1756,i0NXWfCLIfI,512.0,https://www.youtube.com/watch?v=i0NXWfCLIfI
"♫ ""A New Ruler"" by Tiffany Román - Instrumental Music - Extra History",2019-05-18,78993,1328,72,N94H6F0WObc,94.0,https://www.youtube.com/watch?v=N94H6F0WObc
Siege of Vienna & Queen Nzinga - Lies - Extra History,2019-05-18,116142,2790,218,gpXu5AeNVXc,1387.0,https://www.youtube.com/watch?v=gpXu5AeNVXc
"♫ ""A Distant Enemy Approaches"" by Tiffany Román - Instrumental Music - Extra History",2019-05-18,122064,2177,137,jQ_HV57cgbg,107.0,https://www.youtube.com/watch?v=jQ_HV57cgbg
The Three Kingdoms - The Battle of Guandu - Part 2 - Extra History,2019-05-16,713756,17015,986,HRXIbouYVck,691.0,https://www.youtube.com/watch?v=HRXIbouYVck
U.S. Civil War - Surprising Soldiers - Extra History,2019-05-11,1502007,36801,1752,xTQ0qdFhGkQ,569.0,https://www.youtube.com/watch?v=xTQ0qdFhGkQ
The Three Kingdoms - Yellow Turban Rebellion - Part 1 - Extra History,2019-05-09,1146532,27991,1902,hu7bdq-alRo,695.0,https://www.youtube.com/watch?v=hu7bdq-alRo
Queen Nzinga - The Double Queen - Part 2 - Extra History,2019-05-04,735688,21844,833,eCQU5FC7ht0,593.0,https://www.youtube.com/watch?v=eCQU5FC7ht0
Queen Nzinga - Rise of a Legend - Part 1 - Extra History,2019-04-27,1099420,27880,1575,EBbYxLmCO6c,552.0,https://www.youtube.com/watch?v=EBbYxLmCO6c
Siege of Vienna - Charge of the Winged Hussars - Part 3 - Extra History,2019-04-20,2311064,56849,2950,-CouQMh_PUo,652.0,https://www.youtube.com/watch?v=-CouQMh_PUo
Siege of Vienna - Tunnel War - Part 2 - Extra History,2019-04-13,3035718,50865,1620,XxOufHD_Nxw,631.0,https://www.youtube.com/watch?v=XxOufHD_Nxw
Siege of Vienna - Opening Bombardment - Part 1 - Extra History,2019-04-06,2414061,57597,2878,MxZ9coEkd-U,714.0,https://www.youtube.com/watch?v=MxZ9coEkd-U
"♫ ""A Warmer Place - Rowan's Jig"" by Tiffany Román - Instrumental Music - Extra History",2019-03-30,213405,4278,272,nzuygbp6toA,125.0,https://www.youtube.com/watch?v=nzuygbp6toA
Irish Potato Famine - Lies - Extra History,2019-03-30,173583,4447,428,q3cE_pQhBOU,1611.0,https://www.youtube.com/watch?v=q3cE_pQhBOU
The Boston Massacre - Snow and Gunpowder - Extra History,2019-03-23,2086205,42027,2354,qpK9qe0a-WI,630.0,https://www.youtube.com/watch?v=qpK9qe0a-WI
Irish Potato Famine - The Young and the Old - Part 5 - Extra History,2019-03-16,1288831,36897,1770,iLlNAwyUFBs,648.0,https://www.youtube.com/watch?v=iLlNAwyUFBs
Irish Potato Famine - The American Wake - Part 4 - Extra History,2019-03-09,1350832,32534,1583,csNlKTRJiS0,633.0,https://www.youtube.com/watch?v=csNlKTRJiS0
Irish Potato Famine - Black '47 - Part 3 - Extra History,2019-03-02,1509854,34214,3271,6DP8INm09nY,681.0,https://www.youtube.com/watch?v=6DP8INm09nY
Irish Potato Famine - The Corn Laws - Part 2 - Extra History,2019-02-23,1729389,36288,1994,E4Dc0ltgf3I,631.0,https://www.youtube.com/watch?v=E4Dc0ltgf3I
Irish Potato Famine - Isle of Blight - Part 1 - Extra History,2019-02-16,2734694,53150,4165,gAnT21xGdSk,629.0,https://www.youtube.com/watch?v=gAnT21xGdSk
Sun Yat-sen - Lies - Extra History,2019-02-09,142847,3203,247,9ZMU4VT2amo,1375.0,https://www.youtube.com/watch?v=9ZMU4VT2amo
"♫ ""Across the Pacific"" by Tiffany Román - Instrumental Music - Extra History",2019-02-09,134732,2137,176,A5WprbUNm44,111.0,https://www.youtube.com/watch?v=A5WprbUNm44
Tuberculosis - A Ten-Thousand Year Battle - Part 2 - Extra History,2019-02-07,1166891,31477,1537,hBgUWnGtxt4,650.0,https://www.youtube.com/watch?v=hBgUWnGtxt4
Jane Austen - Sarcasm and Subversion - Extra History,2019-02-02,815153,24944,743,KwD-1rW254g,627.0,https://www.youtube.com/watch?v=KwD-1rW254g
Curing Tuberculosis - The Hero Koch - Part 1 - Extra History,2019-01-31,1741161,36744,1525,XP-WXLsnMjY,672.0,https://www.youtube.com/watch?v=XP-WXLsnMjY
Sun Yat-sen - A Dream of China - Part 5 - Extra History,2019-01-26,1001352,27613,1553,2iWELGVrJKE,681.0,https://www.youtube.com/watch?v=2iWELGVrJKE
Sun Yat-sen - A Bombing in Wuchang - Part 4 - Extra History,2019-01-19,983066,23960,932,ibj1IZ-w60s,614.0,https://www.youtube.com/watch?v=ibj1IZ-w60s
Sun Yat-sen - An Army in Exile - Part 3 - Extra History,2019-01-12,1145648,25527,1030,uOIdiZ2zjUU,647.0,https://www.youtube.com/watch?v=uOIdiZ2zjUU
Sun Yat-sen - A Kidnapping in London - Part 2 - Extra History,2018-12-22,1441603,28297,1206,bt1TZHXkQ4Y,648.0,https://www.youtube.com/watch?v=bt1TZHXkQ4Y
Sun Yat-sen - A Killing in Hong Kong - Part 1 - Extra History,2018-12-16,1968460,39283,1563,01vuhp5WgXM,676.0,https://www.youtube.com/watch?v=01vuhp5WgXM
"♫ ""March of the Northmen"" by Tiffany Román - Instrumental Music - Extra History",2018-12-08,142144,2792,127,X5DitVQ8DRw,116.0,https://www.youtube.com/watch?v=X5DitVQ8DRw
Viking Expansion - Lies - Extra History,2018-12-08,171644,3186,316,rAI4zRaNO3I,1770.0,https://www.youtube.com/watch?v=rAI4zRaNO3I
Viking Expansion - Wine Land - Part 6 - Extra History,2018-12-01,817121,22002,1332,SITsfX15jw0,659.0,https://www.youtube.com/watch?v=SITsfX15jw0
Defense of Poland 2: Under Siege | WW2 | Extra History,2018-11-29,1498858,35346,2973,20fFU_OqB0M,711.0,https://www.youtube.com/watch?v=20fFU_OqB0M
Viking Expansion - A Song of Ice and Greenland - Part 5 - Extra History,2018-11-24,826959,18740,889,kTB8131aGJo,572.0,https://www.youtube.com/watch?v=kTB8131aGJo
Defense of Poland 1: The Battle of the Border | WW2 | Extra History,2018-11-22,2413860,47777,3472,I47vCycUSW4,741.0,https://www.youtube.com/watch?v=I47vCycUSW4
Viking Expansion - The Lands of the Rus - Part 4 - Extra History,2018-11-17,994686,22754,1565,fhz4Fe25rik,651.0,https://www.youtube.com/watch?v=fhz4Fe25rik
Viking Expansion - Ireland - Part 3 - Extra History,2018-11-10,1146862,23736,1038,ms3-rhnbw9U,673.0,https://www.youtube.com/watch?v=ms3-rhnbw9U
Viking Expansion - Rollo the Walker - Part 2 - Extra History,2018-11-03,1364511,28793,1637,IOnjG7ocZmI,714.0,https://www.youtube.com/watch?v=IOnjG7ocZmI
"♫""Subatomic Fugue"" by Tiffany Román - Instrumental Music - Extra History",2018-10-28,96232,1755,132,TSr3O9juwt4,106.0,https://www.youtube.com/watch?v=TSr3O9juwt4
Viking Expansion - The Serpent-Riders - Part 1 - Extra History,2018-10-27,1650885,35008,1604,sxItyrp55g8,659.0,https://www.youtube.com/watch?v=sxItyrp55g8
Quantum Computing - The World of the Future - Part 6 - Extra History,2018-10-21,334341,9918,736,HWxhQKo3Vh4,544.0,https://www.youtube.com/watch?v=HWxhQKo3Vh4
"♫ ""Candhi Ayu"" by Tiffany Román - Instrumental Music - Extra History",2018-10-20,106899,2133,149,Zw5Memcq0Mo,73.0,https://www.youtube.com/watch?v=Zw5Memcq0Mo
Kingdom of Majapahit - Lies - Extra History,2018-10-20,206751,5469,755,v826Hrhupww,1360.0,https://www.youtube.com/watch?v=v826Hrhupww
Quantum Computing - Decoherence - Part 5 - Extra History,2018-10-14,418263,10433,465,LsxJmHS0cc8,420.0,https://www.youtube.com/watch?v=LsxJmHS0cc8
"Julie d'Aubigny - Duelist, Singer, Radical - Extra History",2018-10-13,1149213,44852,2858,6QaBYLAOaSY,598.0,https://www.youtube.com/watch?v=6QaBYLAOaSY
Quantum Computing - Spooky Action at a Distance - Part 4 - Extra History,2018-10-07,427256,12363,647,sITpTx5GL-w,389.0,https://www.youtube.com/watch?v=sITpTx5GL-w
Kingdom of Majapahit - Changing Winds - Part 5 - Extra History,2018-10-06,872554,25294,2044,1gGoSOpf34E,741.0,https://www.youtube.com/watch?v=1gGoSOpf34E
Quantum Computing - The Einstein-Bohr Debates - Part 3 - Extra History,2018-09-30,605422,16662,714,8PUi0I02Mdc,652.0,https://www.youtube.com/watch?v=8PUi0I02Mdc
Kingdom of Majapahit - The Golden Reign - Part 4 - Extra History,2018-09-29,971974,25865,2004,k_7lo61DkBM,650.0,https://www.youtube.com/watch?v=k_7lo61DkBM
Quantum Computing - Electron Boogaloo - Part 2 - Extra History,2018-09-23,568170,13562,844,2i02SQ5SFaU,599.0,https://www.youtube.com/watch?v=2i02SQ5SFaU
Kingdom of Majapahit - Master of Intrigue - Part 3 - Extra History,2018-09-22,1080279,25239,1603,WOw9feCjpME,645.0,https://www.youtube.com/watch?v=WOw9feCjpME
Quantum Computing - The Foundation of Everything - Part 1 - Extra History,2018-09-16,824249,23083,1516,iol5936dZho,526.0,https://www.youtube.com/watch?v=iol5936dZho
Kingdom of Majapahit - Wrath of the Khan - Part 2 - Extra History,2018-09-15,1331639,30014,2197,bZKHATDgPO0,592.0,https://www.youtube.com/watch?v=bZKHATDgPO0
Battle of Saipan 2: Suicide Island | WW2 | Extra History,2018-09-13,1536484,32140,1966,dDvuXO9REMM,711.0,https://www.youtube.com/watch?v=dDvuXO9REMM
Battle of Saipan 1: Steel and Coral | WW2 | Extra History,2018-09-06,2236372,36295,1946,y9qi1Ge3ThY,678.0,https://www.youtube.com/watch?v=y9qi1Ge3ThY
Kingdom of Majapahit - An Empire of Water - Part 1 - Extra History,2018-08-25,2236923,56406,5655,n4zGw2OewIk,636.0,https://www.youtube.com/watch?v=n4zGw2OewIk
"♫ ""The Cytokine Storm"" by Tiffany Román - Instrumental Music - Extra History",2018-08-18,159608,2651,265,5FAA-rhA2Qo,92.0,https://www.youtube.com/watch?v=5FAA-rhA2Qo
The 1918 Flu Pandemic - Lies - Extra History,2018-08-18,288787,5776,601,fyyes_IMNoo,1219.0,https://www.youtube.com/watch?v=fyyes_IMNoo
The 1918 Flu Pandemic - The Forgotten Plague - Part 6 - Extra History,2018-08-11,1421407,36083,4078,NSLKFwXBdbg,625.0,https://www.youtube.com/watch?v=NSLKFwXBdbg
The 1918 Flu Pandemic - Leviathan - Part 5 - Extra History,2018-08-04,1544948,29274,2015,QSxaojFNAsU,626.0,https://www.youtube.com/watch?v=QSxaojFNAsU
The 1918 Flu Pandemic - Fighting the Ghost - Part 4 - Extra History,2018-07-28,1558284,29189,2100,dHGz4QvDVlM,593.0,https://www.youtube.com/watch?v=dHGz4QvDVlM
Pellagra - A Medical Mystery - Extra History,2018-07-26,1613412,38109,2024,reYKBgdrZsM,663.0,https://www.youtube.com/watch?v=reYKBgdrZsM
The 1918 Flu Pandemic - Order More Coffins - Part 3 - Extra History,2018-07-21,1613769,31007,1999,RHlYBBZL_y8,610.0,https://www.youtube.com/watch?v=RHlYBBZL_y8
The 1918 Flu Pandemic - Trench Fever - Part 2 - Extra History,2018-07-14,1958594,33865,1834,Gt-VQGNiSWU,570.0,https://www.youtube.com/watch?v=Gt-VQGNiSWU
The 1918 Flu Pandemic - Emergence  - Part 1 - Extra History,2018-07-07,3584694,58943,5318,XQ9WX4qVxEo,561.0,https://www.youtube.com/watch?v=XQ9WX4qVxEo
History of Non-Euclidean Geometry - Lies - Part 6 - Extra History - Part 6,2018-06-30,167535,3886,238,icpzi9sX_58,712.0,https://www.youtube.com/watch?v=icpzi9sX_58
"♫ ""Postulate 5"" by Sean and Dean Kiner - Instrumental Music - Extra History",2018-06-30,183579,2916,226,jZtt0xCuw4o,220.0,https://www.youtube.com/watch?v=jZtt0xCuw4o
The History of Non-Euclidean Geometry - The World We Know - Part 5 - Extra History,2018-06-23,865927,29645,1324,RJHi7xJV7QY,523.0,https://www.youtube.com/watch?v=RJHi7xJV7QY
The History of Non-Euclidean Geometry - A Most Terrible Possibility - Part 4 - Extra History,2018-06-16,984696,23664,1227,i5goUkT1irw,472.0,https://www.youtube.com/watch?v=i5goUkT1irw
The Battle of Thermopylae - East vs. West - Part 2 - Extra History,2018-06-14,1663275,37497,1604,Fvd9vxyCgCA,631.0,https://www.youtube.com/watch?v=Fvd9vxyCgCA
The History of Non-Euclidean Geometry - Squaring the Circle - Part 3 - Extra History,2018-06-09,1000917,25290,1303,H74AayZkpXg,594.0,https://www.youtube.com/watch?v=H74AayZkpXg
The Battle of Thermopylae - The Hellenic Alliance - Part 1 - Extra History,2018-06-07,2469561,45962,2208,FwitONWEgsk,624.0,https://www.youtube.com/watch?v=FwitONWEgsk
The History of Non-Euclidean Geometry - The Great Quest  - Part 2 - Extra History,2018-06-02,1207163,30587,1460,vUWKMo5scKY,483.0,https://www.youtube.com/watch?v=vUWKMo5scKY
The History of Non-Euclidean Geometry - Sacred Geometry - Part 1 - Extra History,2018-05-26,1738029,39466,1821,nkvVR-sKJT8,437.0,https://www.youtube.com/watch?v=nkvVR-sKJT8
"♫ ""Wealth Beyond Dreams"" by Sean and Dean Kiner  - Instrumental Music - Extra History",2018-05-19,125096,1971,107,zAeKkS-e3WE,76.0,https://www.youtube.com/watch?v=zAeKkS-e3WE
The Empire of Mali - Lies - Extra History,2018-05-19,147738,3212,199,-DWZUvDleSQ,870.0,https://www.youtube.com/watch?v=-DWZUvDleSQ
The Empire of Mali - The Final Bloody Act - Extra History - Part 5,2018-05-12,845071,21099,1021,Mi79VdOCXGc,652.0,https://www.youtube.com/watch?v=Mi79VdOCXGc
The Empire of Mali - The Cracks Begin to Show - Extra History - Part 4,2018-05-05,978733,19676,915,lkTF0TGBDNc,538.0,https://www.youtube.com/watch?v=lkTF0TGBDNc
The Empire of Mali - Mansa Musa - Extra History - Part 3,2018-04-28,1491062,26310,1339,4-Un2xx6Pzo,490.0,https://www.youtube.com/watch?v=4-Un2xx6Pzo
The Empire of Mali - An Empire of Trade and Faith - Extra History - Part 2,2018-04-21,1465549,28294,1351,YPytwp5ll9g,619.0,https://www.youtube.com/watch?v=YPytwp5ll9g
The Empire of Mali - The Twang of a Bow - Extra History - Part 1,2018-04-14,2325963,37903,1748,UkayShPilkw,530.0,https://www.youtube.com/watch?v=UkayShPilkw
The Danelaw - The Fall of Eric Bloodaxe - Extra History - Part 2,2018-04-12,1334003,26274,1080,MvM3wPGAUjE,636.0,https://www.youtube.com/watch?v=MvM3wPGAUjE
The Triangle Shirtwaist Fire - Horror in Manhattan - Extra History,2018-04-07,1393178,33483,2036,8-fwdc3OSaU,641.0,https://www.youtube.com/watch?v=8-fwdc3OSaU
The Danelaw - Alfred vs. Guthrum - Extra History - Part 1,2018-04-05,2220564,39128,2008,_K6P3T0NIjo,656.0,https://www.youtube.com/watch?v=_K6P3T0NIjo
Genghis Khan - Lies - Extra History,2018-03-31,297372,6595,567,rSg5Lx5RqUA,918.0,https://www.youtube.com/watch?v=rSg5Lx5RqUA
"♫ ""The Infinite Steppe"" by Sean and Dean Kiner - Instrumental Music - Extra History",2018-03-31,232641,4075,270,flaRyx90YJo,118.0,https://www.youtube.com/watch?v=flaRyx90YJo
Genghis Khan - The Final Conquering Years - Extra History - Part 6,2018-03-24,2869276,66367,4207,aKQ-djCmsrQ,605.0,https://www.youtube.com/watch?v=aKQ-djCmsrQ
Genghis Khan - Beginnings of the Great Mongol Nation - Extra History - Part 5,2018-03-17,3092176,53667,2059,FPYnY_TgQDA,642.0,https://www.youtube.com/watch?v=FPYnY_TgQDA
Genghis Khan - Khan of All Mongols - Extra History - Part 4,2018-03-10,3161963,55727,2222,vmYcxEOBk_8,621.0,https://www.youtube.com/watch?v=vmYcxEOBk_8
Genghis Khan - The Debut of Temüjin Khan - Extra History - Part 3,2018-03-03,3327049,55751,1661,IvUDNSfSQdU,628.0,https://www.youtube.com/watch?v=IvUDNSfSQdU
Cuban Missile Crisis - Black Saturday - Extra History - Part 3,2018-03-01,2406063,47372,2598,-Ox9wIZeZYg,664.0,https://www.youtube.com/watch?v=-Ox9wIZeZYg
Genghis Khan - The Rivalry of Blood Brothers - Extra History - Part 2,2018-02-24,3731800,62360,1759,61NZrJevZwI,595.0,https://www.youtube.com/watch?v=61NZrJevZwI
Cuban Missile Crisis - Eyeball to Eyeball - Extra History - Part 2,2018-02-22,2893077,43162,1587,QQT4Dt82Kz0,660.0,https://www.youtube.com/watch?v=QQT4Dt82Kz0
Genghis Khan - Temüjin the Child - Extra History - Part 1,2018-02-17,6041077,88501,4063,3cVTVF6ioaY,596.0,https://www.youtube.com/watch?v=3cVTVF6ioaY
Cuban Missile Crisis - The Failed Checkmate - Extra History - Part 1,2018-02-15,4223728,57247,2421,xqJBibhR07w,658.0,https://www.youtube.com/watch?v=xqJBibhR07w
"♫ ""Immortal Soul"" by Sean and Dean Kiner - Instrumental Music - Extra History",2018-02-03,289363,2974,179,IQFFsCbEJQo,154.0,https://www.youtube.com/watch?v=IQFFsCbEJQo
Khosrau Anushirawan - Lies - Extra History,2018-02-03,244661,4627,566,U66AB7hsqt8,1278.0,https://www.youtube.com/watch?v=U66AB7hsqt8
Cheng I Sao - Pirate Queen - Extra History,2018-01-27,3744729,77801,3292,-p2lhxUqMMQ,650.0,https://www.youtube.com/watch?v=-p2lhxUqMMQ
Khosrau Anushirawan - On Top of the World - Extra History - Part 5,2018-01-20,1613052,29409,1287,Epuxm-GtT1g,608.0,https://www.youtube.com/watch?v=Epuxm-GtT1g
Khosrau Anushirawan - Trolling Justinian - Extra History - Part 4,2018-01-13,1734168,27703,1346,z08uc0PolYc,500.0,https://www.youtube.com/watch?v=z08uc0PolYc
WW1 Christmas Truce: Letters from the Trenches - Extra History - Part 2,2017-12-24,1651124,39717,1441,9Pey-HmXGfs,521.0,https://www.youtube.com/watch?v=9Pey-HmXGfs
Khosrau Anushirawan - The Immortal Soul - Extra History - Part 3,2017-12-23,1897432,28618,945,bmqLo75E86M,542.0,https://www.youtube.com/watch?v=bmqLo75E86M
WW1 Christmas Truce: Silent Night - Extra History - Part 1,2017-12-17,6407608,152083,8292,WUlPNWDvk-c,673.0,https://www.youtube.com/watch?v=WUlPNWDvk-c
Khosrau Anushirawan - Prince of Persia - Extra History - Part 2,2017-12-16,2075221,30757,1351,GMVZSxkgcGk,612.0,https://www.youtube.com/watch?v=GMVZSxkgcGk
"Khosrau Anushirawan - Like Father, Like Son - Extra History - Part 1",2017-12-09,2862590,39981,1521,bJL2Vnc5vLo,568.0,https://www.youtube.com/watch?v=bJL2Vnc5vLo
Berlin Airlift: The Cold War Begins - Extra History,2017-12-07,4723322,71448,4120,nwjFSQCrShM,685.0,https://www.youtube.com/watch?v=nwjFSQCrShM
"♫ ""Art of the Possible"" by Sean and Dean Kiner - Instrumental Music - Extra History",2017-12-02,378828,5644,300,UmJRokjQ0K0,84.0,https://www.youtube.com/watch?v=UmJRokjQ0K0
Otto von Bismarck - Lies - Extra History,2017-12-02,362851,7268,553,nkc87DmiDwI,965.0,https://www.youtube.com/watch?v=nkc87DmiDwI
Otto von Bismarck - Germany! - Extra History - Part 6,2017-11-18,2701554,49186,1920,G9bqCd7sRg0,410.0,https://www.youtube.com/watch?v=G9bqCd7sRg0
Otto von Bismarck - Prussia Ascendant - Extra History - Part 5,2017-11-11,2847963,46395,2124,jCFt0CQ8aEk,639.0,https://www.youtube.com/watch?v=jCFt0CQ8aEk
Otto von Bismarck - The Iron Chancellor - Extra History - Part 4,2017-11-04,2722945,43177,1673,bKnIfv7wKk0,552.0,https://www.youtube.com/watch?v=bKnIfv7wKk0
Otto von Bismarck - Iron and Blood - Extra History - Part 3,2017-10-28,2919242,44452,1246,KnJDZpi3EBI,540.0,https://www.youtube.com/watch?v=KnJDZpi3EBI
Otto von Bismarck - A Man of Great Ideas - Extra History - Part 2,2017-10-21,3197330,49333,1412,LsxmsHBRl1M,603.0,https://www.youtube.com/watch?v=LsxmsHBRl1M
Otto von Bismarck - The Wildman Bismarck - Extra History - Part 1,2017-10-14,4720569,73667,2636,zc3Y-dU_GjM,560.0,https://www.youtube.com/watch?v=zc3Y-dU_GjM
"♫ ""Song of Gunfire"" - Sean and Dean Kiner - Instrumental Music - Extra History",2017-10-07,548375,7269,585,jU5Y4vX9hBc,93.0,https://www.youtube.com/watch?v=jU5Y4vX9hBc
Great Northern War - Lies - Extra History,2017-10-07,448676,6594,672,1hGAdzbef4g,1588.0,https://www.youtube.com/watch?v=1hGAdzbef4g
The Collapse of the Carolingian Empire - Echoes of History - Extra History,2017-09-30,1771028,38113,1917,mZ1jkjfRKJM,412.0,https://www.youtube.com/watch?v=mZ1jkjfRKJM
Great Northern War - Rise and Fall - Extra History - Part 5,2017-09-23,1659274,36482,2233,0dPI1PzyWjg,534.0,https://www.youtube.com/watch?v=0dPI1PzyWjg
Great Northern War - Clash of Kings - Extra History - Part 4,2017-09-16,1987699,33073,1210,M6Oon1XGWRc,507.0,https://www.youtube.com/watch?v=M6Oon1XGWRc
Great Northern War - Young and Violent - Extra History - Part 3,2017-09-09,2288618,37426,1570,dovxeQEDils,515.0,https://www.youtube.com/watch?v=dovxeQEDils
Great Northern War - A Good Plan - Extra History - Part 2,2017-08-26,2836798,45989,2309,QCTohrWP-Lo,540.0,https://www.youtube.com/watch?v=QCTohrWP-Lo
Great Northern War - When Sweden Ruled the World - Extra History - Part 1,2017-08-19,4743438,69085,3501,VyBPAz1H-lU,515.0,https://www.youtube.com/watch?v=VyBPAz1H-lU
The Bronze Age Collapse - Lies - Extra History,2017-08-12,471551,6619,540,f_eTD0NxTvw,1080.0,https://www.youtube.com/watch?v=f_eTD0NxTvw
"♫ ""Collapse"" by Sean and Dean Kiner - Instrumental Music - Extra History",2017-08-12,318157,3320,183,nzK62clVNdc,67.0,https://www.youtube.com/watch?v=nzK62clVNdc
Saragarhi - The Last Stand - Extra History,2017-08-05,2973755,83009,7626,lFfHp83Xm04,521.0,https://www.youtube.com/watch?v=lFfHp83Xm04
D-Day - Lies - Extra History,2017-08-01,615310,6013,266,x-dHHyeOrAY,2143.0,https://www.youtube.com/watch?v=x-dHHyeOrAY
The Alphabet - Origins of Writing - Extra History,2017-07-29,1028926,22504,1180,yPrcfawo9UM,373.0,https://www.youtube.com/watch?v=yPrcfawo9UM
The Bronze Age Collapse - Systems Collapse - Extra History - Part 4,2017-07-15,1885283,46294,2663,3HaqpSPVhW8,618.0,https://www.youtube.com/watch?v=3HaqpSPVhW8
The Bronze Age Collapse - Fire and Sword - Extra History - Part 3,2017-07-08,2119666,39205,2195,y-8uv4D7cOE,490.0,https://www.youtube.com/watch?v=y-8uv4D7cOE
The Bronze Age Collapse - The Wheel and the Rod - Extra History - Part 2,2017-07-01,2475792,42897,1657,QMBM1qazAXE,517.0,https://www.youtube.com/watch?v=QMBM1qazAXE
D-Day 4: The Atlantic Wall | WW2 | Extra History,2017-06-29,3838230,52510,1662,KxFliX-w6kI,649.0,https://www.youtube.com/watch?v=KxFliX-w6kI
The Bronze Age Collapse - Before the Storm - Extra History - Part 1,2017-06-24,3697895,61873,2650,KkMP328eU5Q,466.0,https://www.youtube.com/watch?v=KkMP328eU5Q
D-Day 3: La Résistance | WW2 | Extra History,2017-06-20,3271687,47773,1947,EyPLDItxGgA,574.0,https://www.youtube.com/watch?v=EyPLDItxGgA
"♫ ""Article 11"" by Sean and Dean Kiner - Instrumental Music - Extra History",2017-06-17,183640,1835,127,RaBNaJAcyzE,86.0,https://www.youtube.com/watch?v=RaBNaJAcyzE
The Articles of Confederation - Lies - Extra History,2017-06-17,288866,3206,276,nr9NsS2FDIA,2468.0,https://www.youtube.com/watch?v=nr9NsS2FDIA
D-Day 2: The Secret War | WW2 | Extra History,2017-06-13,4287640,56054,2429,a3w9pmvpyDM,664.0,https://www.youtube.com/watch?v=a3w9pmvpyDM
Kamehameha the Great - Law of the Splintered Paddle - Extra History - Part 2,2017-06-10,1674303,30835,1199,lY8c8jDPSgE,635.0,https://www.youtube.com/watch?v=lY8c8jDPSgE
D-Day 1: The Great Crusade | WW2 | Extra History,2017-06-06,7926119,98975,4490,-KY1pDLulF4,626.0,https://www.youtube.com/watch?v=-KY1pDLulF4
Kamehameha the Great - The Lonely One - Extra History - Part 1,2017-06-03,2413799,42459,3261,yIfgic6W09Y,552.0,https://www.youtube.com/watch?v=yIfgic6W09Y
Hunting the Bismarck 4: Sink the Bismarck | WW2 | Extra History,2017-06-01,2753940,47183,3648,cV0NNZbj2QI,564.0,https://www.youtube.com/watch?v=cV0NNZbj2QI
The Articles of Confederation - Constitutional Convention - Extra History - Part 4,2017-05-27,1325837,24105,1029,wds6kpbpLlA,676.0,https://www.youtube.com/watch?v=wds6kpbpLlA
Hunting the Bismarck 3: A Chance to Strike | WW2 | Extra History,2017-05-25,2852185,40645,1650,OJeI5_9c29s,704.0,https://www.youtube.com/watch?v=OJeI5_9c29s
The Articles of Confederation - Finding Finances - Extra History - Part 3,2017-05-20,1337339,21237,1191,nLvRJpDjxVk,605.0,https://www.youtube.com/watch?v=nLvRJpDjxVk
Hunting the Bismarck 2: The Mighty HMS Hood | WW2 | Extra History,2017-05-18,3279970,46468,2542,Kz8pmbytxoQ,665.0,https://www.youtube.com/watch?v=Kz8pmbytxoQ
The Articles of Confederation - Ratification - Extra History - Part 2,2017-05-13,1571495,20636,858,lPLA_VPMsUg,469.0,https://www.youtube.com/watch?v=lPLA_VPMsUg
Hunting the Bismarck 1: The Pride of Germany | WW2 | Extra History,2017-05-11,4911259,63916,4447,2CV1tvMYFRs,632.0,https://www.youtube.com/watch?v=2CV1tvMYFRs
The Articles of Confederation - Becoming the United States - Extra History - Part 1,2017-05-06,2824850,34493,1657,C6rHSiN0vKk,570.0,https://www.youtube.com/watch?v=C6rHSiN0vKk
"♫ ""Farewell to Greta"" by Sean and Dean Kiner - Instrumental Music - Extra History",2017-04-29,865092,10725,688,LPgSId5P6zE,151.0,https://www.youtube.com/watch?v=LPgSId5P6zE
Ned Kelly - Lies - Extra History,2017-04-29,341348,5335,561,arON4ofhKd8,2530.0,https://www.youtube.com/watch?v=arON4ofhKd8
Mary Anning - Princess of Paleontology - Extra History,2017-04-22,1129473,30791,1609,a-CW0B4YeBQ,575.0,https://www.youtube.com/watch?v=a-CW0B4YeBQ
Ned Kelly - The Iron Outlaw - Extra History - Part 5,2017-04-15,1477064,30432,2108,fBc0BnIHFbE,514.0,https://www.youtube.com/watch?v=fBc0BnIHFbE
Ned Kelly - Kelly Country - Extra History - Part 4,2017-04-08,1561585,26505,1145,S1qffXgDqNM,583.0,https://www.youtube.com/watch?v=S1qffXgDqNM
Ned Kelly - Shoot Out at Stringybark Creek - Extra History - Part 3,2017-04-01,1523434,24925,848,sZ2b9ys7ALI,569.0,https://www.youtube.com/watch?v=sZ2b9ys7ALI
Ned Kelly - Under Suspicion - Extra History - Part 2,2017-03-25,1768514,28334,1010,jry47Hf1y80,623.0,https://www.youtube.com/watch?v=jry47Hf1y80
Ned Kelly - Becoming a Bushranger - Extra History - Part 1,2017-03-18,2425236,37036,1547,a1WmidFwFzY,519.0,https://www.youtube.com/watch?v=a1WmidFwFzY
"♫ ""Ascension in C"" - Sean and Dean Kiner - Instrumental Music - Extra History",2017-03-11,543350,8581,347,sCv_hs8Yh1c,168.0,https://www.youtube.com/watch?v=sCv_hs8Yh1c
Catherine the Great - Lies - Extra History,2017-03-11,433244,8444,516,zmjLWS-JsWA,1359.0,https://www.youtube.com/watch?v=zmjLWS-JsWA
Catherine the Great - Succession - Extra History - Part 6,2017-03-04,2724633,54748,2341,zUBPhrnfoBo,511.0,https://www.youtube.com/watch?v=zUBPhrnfoBo
"Catherine the Great - Potemkin, Catherine's General, Advisor, and Lover - Extra History - Part 5",2017-02-25,3013602,57835,1687,6Gzss-iVd1g,604.0,https://www.youtube.com/watch?v=6Gzss-iVd1g
"Catherine the Great - Reforms, Rebellion, and Greatness - Extra History - Part 4",2017-02-18,3396790,55234,1571,yjk6nmntdDI,520.0,https://www.youtube.com/watch?v=yjk6nmntdDI
Catherine the Great - Empress Catherine at Last - Extra History - Part 3,2017-02-11,4243187,65909,2036,Gtlxbyzd7Vg,635.0,https://www.youtube.com/watch?v=Gtlxbyzd7Vg
Catherine the Great - Not Quite Empress Yet - Extra History - Part 2,2017-02-04,4456568,70082,1752,ObmkeDWQaus,535.0,https://www.youtube.com/watch?v=ObmkeDWQaus
Catherine the Great - Not Quite Catherine Yet - Extra History - Part 1,2017-01-28,7196840,106142,3021,r1-OC_4cx_o,498.0,https://www.youtube.com/watch?v=r1-OC_4cx_o
"♫ ""El Libertador"" - Sean and Dean Kiner - Instrumental Music - Extra History",2017-01-21,398077,4678,209,VS9tppSH_Ys,76.0,https://www.youtube.com/watch?v=VS9tppSH_Ys
Simón Bolívar - Lies - Extra History,2017-01-21,240735,4770,489,wl9GKgwoyxw,1138.0,https://www.youtube.com/watch?v=wl9GKgwoyxw
Simón Bolívar - All Good Things - Extra History - Part 6,2016-12-24,929139,20678,1329,x_M2LX980Aw,586.0,https://www.youtube.com/watch?v=x_M2LX980Aw
Simón Bolívar - Heavy is the Head - Extra History - Part 5,2016-12-17,959251,17466,611,90Chn1wgm_M,485.0,https://www.youtube.com/watch?v=90Chn1wgm_M
Simón Bolívar - Defeat is Not Surrender - Extra History - Part 4,2016-12-10,1146601,20088,810,Ie0IoiQQFKA,647.0,https://www.youtube.com/watch?v=Ie0IoiQQFKA
Simón Bolívar - Leavings and Returns - Extra History - Part 3,2016-12-03,1187609,19650,856,WGW-kg0b9D0,523.0,https://www.youtube.com/watch?v=WGW-kg0b9D0
Simón Bolívar - Francisco de Miranda - Extra History - Part 2,2016-11-26,1479748,23910,872,N3vu2JYwxSY,648.0,https://www.youtube.com/watch?v=N3vu2JYwxSY
Simón Bolívar - Reverberations - Extra History - Part 1,2016-11-19,2184327,34092,2007,80b4ROFoaFY,485.0,https://www.youtube.com/watch?v=80b4ROFoaFY
"♫ ""Simple Gifts"" - Sean and Dean Kiner - Instrumental Music - Extra History",2016-11-12,267238,4367,226,jnBuj6madds,108.0,https://www.youtube.com/watch?v=jnBuj6madds
The History of Paper Money - Lies - Extra History,2016-11-12,390904,6595,965,s31ESRvR1p4,1823.0,https://www.youtube.com/watch?v=s31ESRvR1p4
Veterans Day - A Call to Armistice: Fundraising for War Child Charity - Extra History,2016-11-11,155145,5527,370,zbVXLgReUn8,398.0,https://www.youtube.com/watch?v=zbVXLgReUn8
The History of Paper Money - The Gold Standard - Extra History - Part 6,2016-11-05,1432458,30858,2005,GNo7MDN5-0g,600.0,https://www.youtube.com/watch?v=GNo7MDN5-0g
The History of Paper Money - Working out the Kinks - Extra History - Part 5,2016-10-29,1409667,23060,988,LrB9bS2VOLE,560.0,https://www.youtube.com/watch?v=LrB9bS2VOLE
The History of Paper Money - Lay Down the Law - Extra History - Part 4,2016-10-22,1564520,24700,990,lzH1p3t2oRE,516.0,https://www.youtube.com/watch?v=lzH1p3t2oRE
The History of Paper Money - Barebones Economy - Extra History - Part 3,2016-10-15,1725606,28143,1013,GKtNuzakzMA,452.0,https://www.youtube.com/watch?v=GKtNuzakzMA
The History of Paper Money - Not Just Noodles - Extra History - Part 2,2016-10-08,2058460,31490,1041,rPHTmGjoe2k,466.0,https://www.youtube.com/watch?v=rPHTmGjoe2k
The History of Paper Money - Origins of Exchange - Extra History - Part 1,2016-10-01,3243492,47135,2072,-nZkP2b-4vo,494.0,https://www.youtube.com/watch?v=-nZkP2b-4vo
"♫ ""Air and Light"" - Sean and Dean Kiner - Instrumental Music - Extra History",2016-09-24,242628,3208,230,e-k1PKbt5fI,108.0,https://www.youtube.com/watch?v=e-k1PKbt5fI
The Brothers Gracchi - Lies - Extra History,2016-09-24,276139,4539,422,UZhcMftzjMU,1050.0,https://www.youtube.com/watch?v=UZhcMftzjMU
The Brothers Gracchi - Gracchus the Elder - Prequel: In His Footsteps - Extra History - Part 6,2016-09-10,1090713,19444,708,cXRzijwTcGQ,694.0,https://www.youtube.com/watch?v=cXRzijwTcGQ
The Brothers Gracchi - The Final Fall - Extra History - Part 5,2016-09-03,1149422,20457,967,nfZWu6PsUHI,433.0,https://www.youtube.com/watch?v=nfZWu6PsUHI
Hiawatha - Government for the People - Extra History - Part 2,2016-09-01,1201959,29943,1476,RPtUSKKzBcM,614.0,https://www.youtube.com/watch?v=RPtUSKKzBcM
The Brothers Gracchi - Enter Gaius - Extra History - Part 4,2016-08-27,1294269,21325,542,WpL7xwCBM34,442.0,https://www.youtube.com/watch?v=WpL7xwCBM34
Hiawatha - The Great Law of Peace - Extra History - Part 1,2016-08-25,1847747,33717,1562,79RApCgwZFw,600.0,https://www.youtube.com/watch?v=79RApCgwZFw
The Brothers Gracchi - Ochlocracy - Extra History - Part 3,2016-08-20,1329767,20400,682,kpFmzkxd-HI,365.0,https://www.youtube.com/watch?v=kpFmzkxd-HI
The Brothers Gracchi - Populares - Extra History - Part 2,2016-08-13,1541721,22804,1128,FC2Hvg7RdSY,442.0,https://www.youtube.com/watch?v=FC2Hvg7RdSY
The Brothers Gracchi - How Republics Fall - Extra History - Part 1,2016-08-06,2249414,31470,1922,ODI1VOOoey0,508.0,https://www.youtube.com/watch?v=ODI1VOOoey0
Lindisfarne  - An Age Borne in Fire - Extra History,2016-07-30,1516297,28330,1838,qc_wCJd9DKw,377.0,https://www.youtube.com/watch?v=qc_wCJd9DKw
"♫ ""Waning Moon"" by Sean and Dean Kiner - Instrumental Music - Extra History",2016-07-23,391122,4655,224,BeBeJnqk6V0,80.0,https://www.youtube.com/watch?v=BeBeJnqk6V0
First Opium War - Lies - Extra History,2016-07-23,544318,7688,732,v9beMOxGOrk,1540.0,https://www.youtube.com/watch?v=v9beMOxGOrk
Urbino - The Light of Italy: Federico da Montefeltro - Extra History,2016-07-16,1677787,36378,1593,kAfNQ_XiPjQ,445.0,https://www.youtube.com/watch?v=kAfNQ_XiPjQ
First Opium War - Conflagration and Surrender - Extra History - Part 4,2016-07-09,3040126,46161,2913,s9WRmsHFUg0,514.0,https://www.youtube.com/watch?v=s9WRmsHFUg0
First Opium War - Gunboat Diplomacy - Extra History - Part 3,2016-07-02,3018275,41818,1834,jAjUqwauf-A,489.0,https://www.youtube.com/watch?v=jAjUqwauf-A
First Opium War - The Righteous Minister - Extra History - Part 2,2016-06-25,3785843,47012,2093,qHmuuc7m1AA,413.0,https://www.youtube.com/watch?v=qHmuuc7m1AA
First Opium War - Trade Deficits and the Macartney Embassy - Extra History - Part 1,2016-06-18,5312906,64421,3529,fgQahGsYokU,465.0,https://www.youtube.com/watch?v=fgQahGsYokU
Samuel HaNagid - A Prince of Jews - Extra History,2016-06-11,1067380,20589,1104,h5oBgayr9S0,557.0,https://www.youtube.com/watch?v=h5oBgayr9S0
The History of Writing - Where the Story Begins - Extra History,2016-06-04,2043848,49846,3339,HyjLt_RGEww,429.0,https://www.youtube.com/watch?v=HyjLt_RGEww
"♫ ""Oxyrhynchus Hymn"" by  Sean and Dean Kiner - Instrumental Music - Extra History",2016-05-28,288204,3256,175,SeZ6VJ-bQ80,73.0,https://www.youtube.com/watch?v=SeZ6VJ-bQ80
Early Christian Schisms - Lies - Extra History,2016-05-28,451942,7622,934,6dnECIPXIRY,1165.0,https://www.youtube.com/watch?v=6dnECIPXIRY
"Early Christian Schisms - Ephesus, the Robber Council, and Chalcedon - Extra History - Part 4",2016-05-21,1343481,22811,1846,f9lEcwLnwfg,495.0,https://www.youtube.com/watch?v=f9lEcwLnwfg
Early Christian Schisms - The Council of Nicaea - Extra History - Part 3,2016-05-14,1536375,23133,1255,6d2lOQpuqd4,486.0,https://www.youtube.com/watch?v=6d2lOQpuqd4
Early Christian Schisms - The Woes of Constantine - Extra History - Part 2,2016-05-07,1652356,25439,1650,hZsZXHPDwsw,535.0,https://www.youtube.com/watch?v=hZsZXHPDwsw
Early Christian Schisms - Before Imperium - Extra History - Part 1,2016-04-30,2377076,39175,2631,E1ZZeCDGHJE,496.0,https://www.youtube.com/watch?v=E1ZZeCDGHJE
WW2 | The Resource War 4: Strategic Bombing | Extra History,2016-04-26,1978831,34135,2459,zOXbYAd6TLo,461.0,https://www.youtube.com/watch?v=zOXbYAd6TLo
"♫ ""The Lawgiver"" by Sean and Dean Kiner -  Instrumental Music - Extra History",2016-04-23,365678,5119,317,38pQQZj1HWM,70.0,https://www.youtube.com/watch?v=38pQQZj1HWM
Suleiman the Magnificent - Lies - Extra History,2016-04-23,451835,8244,888,ltT_CvI5wv0,1456.0,https://www.youtube.com/watch?v=ltT_CvI5wv0
WW2 | The Resource War 3: The Engines of War | Extra History,2016-04-19,2209129,35219,1588,OvDsvHNvVZw,458.0,https://www.youtube.com/watch?v=OvDsvHNvVZw
Suleiman the Magnificent - Custodian of the Two Holy Mosques - Extra History - Part 6,2016-04-16,1484032,30436,2758,5gTjfYqiBqg,499.0,https://www.youtube.com/watch?v=5gTjfYqiBqg
WW2 | The Resource War 2: Lend-Lease | Extra History,2016-04-12,2316537,34876,2173,N5PTeDe4jTQ,434.0,https://www.youtube.com/watch?v=N5PTeDe4jTQ
Suleiman the Magnificent - Slave of God - Extra History - Part 5,2016-04-09,1622409,26030,2216,S7p4AcTBG7o,565.0,https://www.youtube.com/watch?v=S7p4AcTBG7o
WW2 | The Resource War 1: Arsenal of Democracy | Extra History,2016-04-05,3615706,53130,2677,NYv-GC8DgMk,524.0,https://www.youtube.com/watch?v=NYv-GC8DgMk
Suleiman the Magnificent - The Shadow of God - Extra History - Part 4,2016-04-02,1737582,28328,1305,JH4jcSFOx70,473.0,https://www.youtube.com/watch?v=JH4jcSFOx70
The Battle of Kursk 4: Control of the Eastern Front | WW2 | Extra History,2016-03-28,1990388,29930,1715,rQlFi9s_e2s,462.0,https://www.youtube.com/watch?v=rQlFi9s_e2s
Suleiman the Magnificent - Sultan of Sultans - Extra History - #3,2016-03-26,1913605,29992,1751,DqN0EFFUA6w,502.0,https://www.youtube.com/watch?v=DqN0EFFUA6w
The Battle of Kursk 3: Operation Citadel | WW2 | Extra History,2016-03-21,2196100,29546,1155,6udnj7PvZZ8,468.0,https://www.youtube.com/watch?v=6udnj7PvZZ8
Suleiman the Magnificent - Master of the World - Extra History - Part 2,2016-03-19,2115713,31516,1684,pNYIZJew4oE,487.0,https://www.youtube.com/watch?v=pNYIZJew4oE
Suleiman the Magnificent - Hero of All That Is - Extra History - Part 1,2016-03-12,3124140,47830,2509,JGZSkLq3Eng,470.0,https://www.youtube.com/watch?v=JGZSkLq3Eng
"♫ Justinian & Theodora: ""Monogenes Pais"" - Instrumental Music - Extra History",2016-03-05,412449,6394,413,kSWO0JOKmWA,90.0,https://www.youtube.com/watch?v=kSWO0JOKmWA
Justinian & Theodora - Lies 2 - Extra History,2016-03-05,302432,5505,433,wNs4Lklnky4,980.0,https://www.youtube.com/watch?v=wNs4Lklnky4
The Battle of Kursk 2: Preparations | WW2 | Extra History,2016-02-29,2504465,38460,1343,QdK2Sim_ZRU,464.0,https://www.youtube.com/watch?v=QdK2Sim_ZRU
"Justinian - Caesar I was, and am Justinian - Extra History - Part 12",2016-02-27,1142350,30298,1697,6oHr-zd6Bew,448.0,https://www.youtube.com/watch?v=6oHr-zd6Bew
Justinian & Theodora - The Emperor Who Never Sleeps - Extra History - Part 11,2016-02-20,1233537,21907,981,I6vn6uRlPL8,538.0,https://www.youtube.com/watch?v=I6vn6uRlPL8
On World War II and Nazi Symbolism: A Note from Extra History,2016-02-15,739028,10896,1205,LSjFUOA2oZM,130.0,https://www.youtube.com/watch?v=LSjFUOA2oZM
The Battle of Kursk 1: Operation Barbarossa | WW2 | Extra History,2016-02-15,3827918,49141,3136,C-UvLZSK3CI,504.0,https://www.youtube.com/watch?v=C-UvLZSK3CI
Theodora - This is My Empire - Extra History - Part 10,2016-02-13,1300218,22478,1105,RwXAGiIVsgQ,469.0,https://www.youtube.com/watch?v=RwXAGiIVsgQ
Justinian & Theodora - Justinian's Rival - Extra History - Part 9,2016-02-06,1301817,21321,1004,aN1imOXR4b4,515.0,https://www.youtube.com/watch?v=aN1imOXR4b4
Justinian & Theodora - Bad Faith - Extra History - Part 8,2016-01-30,1273768,21661,550,EO9DuuhNEoE,480.0,https://www.youtube.com/watch?v=EO9DuuhNEoE
Justinian & Theodora - The Cracks Begin to Spread - Extra History - Part 7,2016-01-23,1442428,23254,1037,oUtEJtBeCaQ,546.0,https://www.youtube.com/watch?v=oUtEJtBeCaQ
Mary Seacole - Mother Seacole in the Crimea - Extra History - Part 2,2016-01-16,1385358,37242,1607,eADLWvWqK5Q,608.0,https://www.youtube.com/watch?v=eADLWvWqK5Q
Mary Seacole - A Bold Front to Fortune - Extra History - Part 1,2016-01-09,1844004,30603,1335,xT9BTuBtCJs,558.0,https://www.youtube.com/watch?v=xT9BTuBtCJs
"♫ ""The Broad Street Pump"" by Sean and Dean Kiner - Instrumental Music - Extra History",2015-12-12,325685,4778,219,doteMFHPv18,92.0,https://www.youtube.com/watch?v=doteMFHPv18
England: The Broad Street Pump - Lies - Extra History,2015-12-12,356983,6363,603,rg_7q_FPjxQ,906.0,https://www.youtube.com/watch?v=rg_7q_FPjxQ
England: The Broad Street Pump - The Sanitary Movement - Extra History - Part 4,2015-12-05,1201294,26178,1216,cba7di0eL8I,394.0,https://www.youtube.com/watch?v=cba7di0eL8I
England: The Broad Street Pump - Map of the Blue Death - Extra History - Part 3,2015-11-28,1910941,36449,1507,9NVT6iZP2qg,540.0,https://www.youtube.com/watch?v=9NVT6iZP2qg
England: The Broad Street Pump - Epidemiology Begins! - Extra History - Part 2,2015-11-21,1992082,27126,864,1jlsyucUwpo,365.0,https://www.youtube.com/watch?v=1jlsyucUwpo
"England: The Broad Street Pump - You Know Nothing, John Snow - Extra History - Part 1",2015-11-14,2815296,39962,1497,TLpzHHbFrHY,454.0,https://www.youtube.com/watch?v=TLpzHHbFrHY
"♫ ""Drums of War"" by Sean and Dean Kiner - Instrumental Music - Extra History",2015-11-07,835945,14536,785,OYz0y5xUqmk,61.0,https://www.youtube.com/watch?v=OYz0y5xUqmk
Korea: Admiral Yi - Lies - Extra History,2015-11-07,715252,12763,1137,C3yCzHIbkgA,1240.0,https://www.youtube.com/watch?v=C3yCzHIbkgA
Middle East: Palmyra Today - Afterword - Extra History,2015-10-31,455160,13585,1322,v-GgknZYu3s,203.0,https://www.youtube.com/watch?v=v-GgknZYu3s
Middle East: Odenathus - Ghosts of the Desert - Extra History,2015-10-31,1474204,26269,1030,0Pf6PMSB8uo,501.0,https://www.youtube.com/watch?v=0Pf6PMSB8uo
Korea: Admiral Yi - Martial Lord of Loyalty - Extra History - Part 5,2015-10-24,2679145,61843,5666,39Gsx6PaxiY,445.0,https://www.youtube.com/watch?v=39Gsx6PaxiY
Korea: Admiral Yi - Those Who Seek Death Shall Live - Extra History - Part 4,2015-10-17,2778106,42737,3244,QTan6eDphCk,619.0,https://www.youtube.com/watch?v=QTan6eDphCk
Korea: Admiral Yi - The Bright Moonlight of Hansando - Extra History - Part 3,2015-10-10,2847097,41047,2091,p97Xa6aB2jA,533.0,https://www.youtube.com/watch?v=p97Xa6aB2jA
Korea: Admiral Yi - Be Like a Mountain - Extra History - Part 2,2015-10-03,3106976,42786,1737,hKBOoPfMvLc,499.0,https://www.youtube.com/watch?v=hKBOoPfMvLc
Korea: Admiral Yi - Keep Beating the Drum - Extra History - Part 1,2015-09-26,4466958,63626,3429,3ieaDfD_h6s,472.0,https://www.youtube.com/watch?v=3ieaDfD_h6s
Europe: The First Crusade - Lies - Extra History,2015-09-19,686516,10451,1057,15KhdeIc0EI,1539.0,https://www.youtube.com/watch?v=15KhdeIc0EI
Europe: The First Crusade - On to Jerusalem - Extra History - Part 6,2015-09-12,2094031,31993,2208,oyYGLoo3bj0,542.0,https://www.youtube.com/watch?v=oyYGLoo3bj0
Europe: The First Crusade - Siege of Antioch - Extra History - Part 5,2015-09-05,2165897,29904,1011,ZvUibFUJFKM,537.0,https://www.youtube.com/watch?v=ZvUibFUJFKM
Europe: The First Crusade - Men of Iron - Extra History - Part 4,2015-08-29,2355016,33511,1207,UdzsMEHUBrQ,616.0,https://www.youtube.com/watch?v=UdzsMEHUBrQ
Europe: The First Crusade - A Good Crusade? - Extra History - Part 3,2015-08-22,2544468,36141,1613,pI5_idvxm18,572.0,https://www.youtube.com/watch?v=pI5_idvxm18
Europe: The First Crusade - Peter the Hermit - Extra History - Part 2,2015-08-15,2734643,36380,2565,aAodRUPN7lE,531.0,https://www.youtube.com/watch?v=aAodRUPN7lE
Europe: The First Crusade - The People's Crusade - Extra History - Part 1,2015-08-08,4254124,54609,3849,HIs5B2U7US0,493.0,https://www.youtube.com/watch?v=HIs5B2U7US0
Byzantine Empire: Justinian and Theodora - Lies - Extra History,2015-08-01,510036,8088,573,FZwsRVgEu3A,1095.0,https://www.youtube.com/watch?v=FZwsRVgEu3A
Byzantine Empire: Justinian and Theodora - Fighting for Rome - Extra History - Part 6,2015-07-25,1648591,28225,868,0W8wIAV1Pu4,647.0,https://www.youtube.com/watch?v=0W8wIAV1Pu4
Byzantine Empire: Justinian and Theodora - Impossible Burden of Fate - Extra History - Part 5,2015-07-18,1723273,24042,709,oakBpmsJJ9Q,493.0,https://www.youtube.com/watch?v=oakBpmsJJ9Q
Byzantine Empire: Justinian and Theodora - Vanquishing the Vandals - Extra History - Part 4,2015-07-11,1867479,25351,833,_NpDvBX2XEI,522.0,https://www.youtube.com/watch?v=_NpDvBX2XEI
Byzantine Empire: Justinian and Theodora - Purple is the Noblest Shroud - Extra History - Part 3,2015-07-04,2054082,27995,1222,eGL_M1SQV5E,543.0,https://www.youtube.com/watch?v=eGL_M1SQV5E
Byzantine Empire: Justinian and Theodora - The Reforms of Justinian - Extra History - Part 2,2015-06-27,2306470,31035,1004,klq84Z9O4GU,581.0,https://www.youtube.com/watch?v=klq84Z9O4GU
Byzantine Empire: Justinian and Theodora - From Swineherd to Emperor - Extra History - Part 1,2015-06-20,3212535,41532,1739,H_2E0RxVHH4,489.0,https://www.youtube.com/watch?v=H_2E0RxVHH4
Zulu Empire - Lies - Extra History,2015-06-13,480241,7212,398,0C6pjINyK5Y,723.0,https://www.youtube.com/watch?v=0C6pjINyK5Y
Africa: Zulu Empire - Last Stands and Changing Fortunes - Extra History - Part 4,2015-06-06,1655765,27725,2314,KG_mbCgp_zU,558.0,https://www.youtube.com/watch?v=KG_mbCgp_zU
Africa: Zulu Empire - Diamonds in South Africa - Extra History - Part 3,2015-05-30,1753374,25119,1169,-JG-5otw0O8,544.0,https://www.youtube.com/watch?v=-JG-5otw0O8
Africa: Zulu Empire - The Wrath of Shaka Zulu - Extra History - Part 2,2015-05-23,2167926,29993,1775,GUpaZ0hMso4,517.0,https://www.youtube.com/watch?v=GUpaZ0hMso4
Africa: Zulu Empire - Shaka Zulu Becomes King - Extra History - Part 1,2015-05-16,3192439,49285,3145,BZLGKFWlRzY,452.0,https://www.youtube.com/watch?v=BZLGKFWlRzY
England: South Sea Bubble - Lies - Extra History,2015-05-09,588143,8891,726,NqeXXzKTzRU,1263.0,https://www.youtube.com/watch?v=NqeXXzKTzRU
England: South Sea Bubble - It Was Walpole - Extra History - Part 5,2015-04-25,1849685,31318,1779,a_1IpUCUuVc,530.0,https://www.youtube.com/watch?v=a_1IpUCUuVc
England: South Sea Bubble - The Bubble Pops - Extra History - Part 4,2015-04-11,1839376,24695,612,SIlnsP6AjP8,416.0,https://www.youtube.com/watch?v=SIlnsP6AjP8
England: South Sea Bubble - Buying Out Britain - Extra History - Part 3,2015-03-28,2077179,26599,1015,1vcF5rebN20,576.0,https://www.youtube.com/watch?v=1vcF5rebN20
England: South Sea Bubble - Too Big to Fail - Extra History - Part 2,2015-03-14,2300359,28517,1096,Fsk6oZm1EEA,513.0,https://www.youtube.com/watch?v=Fsk6oZm1EEA
England: South Sea Bubble - The Sharp Mind of John Blunt - Extra History - Part 1,2015-02-28,3326802,45924,2156,k1kndKWJKB8,549.0,https://www.youtube.com/watch?v=k1kndKWJKB8
Warring States Japan: Sengoku Jidai - Lies - Extra History,2015-02-14,622094,8968,753,0lNYvGEmRO4,833.0,https://www.youtube.com/watch?v=0lNYvGEmRO4
Warring States Japan: Sengoku Jidai - The Campaign of Sekigahara - Extra History - Part 6,2015-01-31,2322189,39242,1716,5vscOHPFUf0,597.0,https://www.youtube.com/watch?v=5vscOHPFUf0
Warring States Japan: Sengoku Jidai - How Toyotomi Unified Japan - Extra History - Part 5,2015-01-17,2327217,32414,1580,lBD8OAegEw0,542.0,https://www.youtube.com/watch?v=lBD8OAegEw0
Warring States Japan: Sengoku Jidai - The Death of Oda Nobunaga - Extra History - Part 4,2014-12-20,2885250,36461,1797,ht6h4-MsMOY,560.0,https://www.youtube.com/watch?v=ht6h4-MsMOY
Warring States Japan: Sengoku Jidai - Warrior Monks of Hongan-ji and Hiei - Extra History - Part 3,2014-12-06,2842007,36944,1653,G3frtoMaxZE,533.0,https://www.youtube.com/watch?v=G3frtoMaxZE
Warring States Japan: Sengoku Jidai - The Siege of Inabayama Castle - Extra History - Part 2,2014-11-22,3019743,39570,1220,I2yT2nitGDk,461.0,https://www.youtube.com/watch?v=I2yT2nitGDk
Warring States Japan: Sengoku Jidai - Battle of Okehazama - Extra History - Part 1,2014-11-08,4730249,61948,2498,hDsdkoln59A,563.0,https://www.youtube.com/watch?v=hDsdkoln59A
World War I: The Seminal Tragedy - Lies - Extra History,2014-10-25,793162,14288,990,aiKGPAMIWKs,977.0,https://www.youtube.com/watch?v=aiKGPAMIWKs
World War I: The Seminal Tragedy - The Final Act - Extra History - Part 4,2014-10-11,2330776,47643,4285,WukYrrTH3ms,715.0,https://www.youtube.com/watch?v=WukYrrTH3ms
World War I: The Seminal Tragedy - The July Crisis - Extra History - Part 3,2014-09-27,2390390,31772,1295,zroZqvr4whk,519.0,https://www.youtube.com/watch?v=zroZqvr4whk
World War I: The Seminal Tragedy - One Fateful Day in June - Extra History - Part 2,2014-09-13,2653390,39442,3021,kyCmh9G1fpo,497.0,https://www.youtube.com/watch?v=kyCmh9G1fpo
World War I: The Seminal Tragedy - The Concert of Europe - Extra History - Part 1,2014-08-31,3719117,52816,2965,S-wSL4WqUws,594.0,https://www.youtube.com/watch?v=S-wSL4WqUws
Please Support Extra History on Patreon!,2014-08-23,91388,3974,502,SZPT-sCSFq0,136.0,https://www.youtube.com/watch?v=SZPT-sCSFq0
Rome: The Punic Wars - The Conclusion of the Second Punic War - Extra History - Part 4,2013-09-27,2326349,41229,2174,McT1H-NVCMQ,700.0,https://www.youtube.com/watch?v=McT1H-NVCMQ
Rome: The Punic Wars - The Second Punic War Rages On - Extra History - Part 3,2013-09-20,2527809,35544,1798,wT_rev5VAQc,758.0,https://www.youtube.com/watch?v=wT_rev5VAQc
Rome: The Punic Wars - The Second Punic War Begins - Extra History - Part 2,2013-09-13,2965306,38130,1510,lf0-Yki5p40,666.0,https://www.youtube.com/watch?v=lf0-Yki5p40
Rome: The Punic Wars - The First Punic War - Extra History - Part 1,2013-09-06,5128436,67036,3038,EbBHk_zLTmY,553.0,https://www.youtube.com/watch?v=EbBHk_zLTmY
