Unnamed: 0,title,published,views,likes,comments,video_id,duration,url,days_since_start,title_cluster,final_cluster,series_name
613,Africa Zulu Empire Shaka Zulu Becomes King Part 1,2015-05-16,3192439,49285.0,3145.0,BZLGKFWlRzY,452.0,https://www.youtube.com/watch?v=BZLGKFWlRzY,617,66,66,Africa - Zulu - Empire
612,Africa Zulu Empire The Wrath of Shaka Zulu Part 2,2015-05-23,2167926,29993.0,1775.0,GUpaZ0hMso4,517.0,https://www.youtube.com/watch?v=GUpaZ0hMso4,624,66,66,Africa - Zulu - Empire
610,Africa Zulu Empire Last Stands and Changing Fortunes Part 4,2015-06-06,1655765,27725.0,2314.0,KG_mbCgp_zU,558.0,https://www.youtube.com/watch?v=KG_mbCgp_zU,638,66,66,Africa - Zulu - Empire
609,Zulu Empire Lies,2015-06-13,480241,7212.0,398.0,0C6pjINyK5Y,723.0,https://www.youtube.com/watch?v=0C6pjINyK5Y,645,66,66,Africa - Zulu - Empire
350,Building Angkor Monsoon Metropolis Part 1,2019-10-12,802540,21137.0,1279.0,oumxCLy_N9k,631.0,https://www.youtube.com/watch?v=oumxCLy_N9k,2227,19,19,Building - Angkor
349,Building Angkor Temple City Part 2,2019-10-19,513799,14078.0,513.0,pxbW_L9O7Rg,586.0,https://www.youtube.com/watch?v=pxbW_L9O7Rg,2234,19,19,Building - Angkor
348,Building Angkor A Clash of Gods 3,2019-10-26,425955,12499.0,466.0,BQeuakxNg94,560.0,https://www.youtube.com/watch?v=BQeuakxNg94,2241,19,19,Building - Angkor
346,Building Angkor A Drowning City Part 4,2019-11-02,424856,12135.0,347.0,JL1yTXZyPd8,610.0,https://www.youtube.com/watch?v=JL1yTXZyPd8,2248,19,19,Building - Angkor
344,Building Angkor The Lost City Part 5,2019-11-08,346375,12135.0,479.0,xHmHW7lL1iM,585.0,https://www.youtube.com/watch?v=xHmHW7lL1iM,2254,19,19,Building - Angkor
340,Angkor Wat Lies,2019-11-23,85939,2167.0,158.0,dDH3TN5xdyY,1391.0,https://www.youtube.com/watch?v=dDH3TN5xdyY,2269,19,19,Building - Angkor
608,Byzantine Empire Justinian and Theodora From Swineherd to Emperor Part 1,2015-06-20,3212535,41532.0,1739.0,H_2E0RxVHH4,489.0,https://www.youtube.com/watch?v=H_2E0RxVHH4,652,38,38,Byzantine - Empire - Justinian - and - Theodora
607,Byzantine Empire Justinian and Theodora The Reforms of Justinian Part 2,2015-06-27,2306470,31035.0,1004.0,klq84Z9O4GU,581.0,https://www.youtube.com/watch?v=klq84Z9O4GU,659,38,38,Byzantine - Empire - Justinian - and - Theodora
606,Byzantine Empire Justinian and Theodora Purple is the Noblest Shroud Part 3,2015-07-04,2054082,27995.0,1222.0,eGL_M1SQV5E,543.0,https://www.youtube.com/watch?v=eGL_M1SQV5E,666,38,38,Byzantine - Empire - Justinian - and - Theodora
605,Byzantine Empire Justinian and Theodora Vanquishing the Vandals Part 4,2015-07-11,1867479,25351.0,833.0,_NpDvBX2XEI,522.0,https://www.youtube.com/watch?v=_NpDvBX2XEI,673,38,38,Byzantine - Empire - Justinian - and - Theodora
604,Byzantine Empire Justinian and Theodora Impossible Burden of Fate Part 5,2015-07-18,1723273,24042.0,709.0,oakBpmsJJ9Q,493.0,https://www.youtube.com/watch?v=oakBpmsJJ9Q,680,38,38,Byzantine - Empire - Justinian - and - Theodora
603,Byzantine Empire Justinian and Theodora Fighting for Rome Part 6,2015-07-25,1648591,28225.0,868.0,0W8wIAV1Pu4,647.0,https://www.youtube.com/watch?v=0W8wIAV1Pu4,687,38,38,Byzantine - Empire - Justinian - and - Theodora
602,Byzantine Empire Justinian and Theodora Lies,2015-08-01,510036,8088.0,573.0,FZwsRVgEu3A,1095.0,https://www.youtube.com/watch?v=FZwsRVgEu3A,694,38,38,Byzantine - Empire - Justinian - and - Theodora
579,Justinian Theodora The Cracks Begin to Spread Part 7,2016-01-23,1442428,23254.0,1037.0,oUtEJtBeCaQ,546.0,https://www.youtube.com/watch?v=oUtEJtBeCaQ,869,38,38,Byzantine - Empire - Justinian - and - Theodora
578,Justinian Theodora Bad Faith Part 8,2016-01-30,1273768,21661.0,550.0,EO9DuuhNEoE,480.0,https://www.youtube.com/watch?v=EO9DuuhNEoE,876,38,38,Byzantine - Empire - Justinian - and - Theodora
577,Justinian Theodora Justinians Rival Part 9,2016-02-06,1301817,21321.0,1004.0,aN1imOXR4b4,515.0,https://www.youtube.com/watch?v=aN1imOXR4b4,883,38,38,Byzantine - Empire - Justinian - and - Theodora
576,Theodora This is My Empire Part 10,2016-02-13,1300218,22478.0,1105.0,RwXAGiIVsgQ,469.0,https://www.youtube.com/watch?v=RwXAGiIVsgQ,890,38,38,Byzantine - Empire - Justinian - and - Theodora
573,Justinian Theodora The Emperor Who Never Sleeps Part 11,2016-02-20,1233537,21907.0,981.0,I6vn6uRlPL8,538.0,https://www.youtube.com/watch?v=I6vn6uRlPL8,897,38,38,Byzantine - Empire - Justinian - and - Theodora
572,Justinian Caesar I was and am Justinian Part 12,2016-02-27,1142350,30298.0,1697.0,6oHr-zd6Bew,448.0,https://www.youtube.com/watch?v=6oHr-zd6Bew,904,38,38,Byzantine - Empire - Justinian - and - Theodora
570,Justinian Theodora Lies 2,2016-03-05,302432,5505.0,433.0,wNs4Lklnky4,980.0,https://www.youtube.com/watch?v=wNs4Lklnky4,911,38,38,Byzantine - Empire - Justinian - and - Theodora
518,Catherine the Great Not Quite Catherine Yet Part 1,2017-01-28,7196840,106142.0,3021.0,r1-OC_4cx_o,498.0,https://www.youtube.com/watch?v=r1-OC_4cx_o,1240,62,62,Catherine - the - Great
517,Catherine the Great Not Quite Empress Yet Part 2,2017-02-04,4456568,70082.0,1752.0,ObmkeDWQaus,535.0,https://www.youtube.com/watch?v=ObmkeDWQaus,1247,62,62,Catherine - the - Great
516,Catherine the Great Empress Catherine at Last Part 3,2017-02-11,4243187,65909.0,2036.0,Gtlxbyzd7Vg,635.0,https://www.youtube.com/watch?v=Gtlxbyzd7Vg,1254,62,62,Catherine - the - Great
515,Catherine the Great Reforms Rebellion and Greatness Part 4,2017-02-18,3396790,55234.0,1571.0,yjk6nmntdDI,520.0,https://www.youtube.com/watch?v=yjk6nmntdDI,1261,62,62,Catherine - the - Great
514,Catherine the Great Potemkin Catherines General Advisor and Lover Part 5,2017-02-25,3013602,57835.0,1687.0,6Gzss-iVd1g,604.0,https://www.youtube.com/watch?v=6Gzss-iVd1g,1268,62,62,Catherine - the - Great
513,Catherine the Great Succession Part 6,2017-03-04,2724633,54748.0,2341.0,zUBPhrnfoBo,511.0,https://www.youtube.com/watch?v=zUBPhrnfoBo,1275,62,62,Catherine - the - Great
512,Catherine the Great Lies,2017-03-11,433244,8444.0,516.0,zmjLWS-JsWA,1359.0,https://www.youtube.com/watch?v=zmjLWS-JsWA,1282,62,62,Catherine - the - Great
214,Conquest of India A Historical Paradox Part 1,2021-10-23,874166,29318.0,1406.0,E4vonIphF4E,637.0,https://www.youtube.com/watch?v=E4vonIphF4E,2969,49,49,Conquest - of - India - The
213,Conquest of India East India Companies Part 2,2021-10-30,651914,21535.0,875.0,AqCWlABVddY,620.0,https://www.youtube.com/watch?v=AqCWlABVddY,2976,49,49,Conquest - of - India - The
212,Conquest of India The Black Hole Part 3,2021-11-06,608385,20098.0,802.0,x1JwJJybHDs,637.0,https://www.youtube.com/watch?v=x1JwJJybHDs,2983,49,49,Conquest - of - India - The
210,Conquest of India The Company Raj Part 4,2021-11-13,537236,19947.0,772.0,ZYIf2MtIcEY,657.0,https://www.youtube.com/watch?v=ZYIf2MtIcEY,2990,49,49,Conquest - of - India - The
208,Conquest of India The Empty Chair Part 5,2021-11-20,481535,18464.0,790.0,o0vBdP5hFng,659.0,https://www.youtube.com/watch?v=o0vBdP5hFng,2997,49,49,Conquest - of - India - The
206,Conquest of India LIES,2021-12-04,87789,2672.0,237.0,SlMS3RcFI9k,1547.0,https://www.youtube.com/watch?v=SlMS3RcFI9k,3011,49,49,Conquest - of - India - The
457,Cuban Missile Crisis The Failed Checkmate Part 1,2018-02-15,4223728,57247.0,2421.0,xqJBibhR07w,658.0,https://www.youtube.com/watch?v=xqJBibhR07w,1623,22,22,Cuban - Missile - Crisis
455,Cuban Missile Crisis Eyeball to Eyeball Part 2,2018-02-22,2893077,43162.0,1587.0,QQT4Dt82Kz0,660.0,https://www.youtube.com/watch?v=QQT4Dt82Kz0,1630,22,22,Cuban - Missile - Crisis
453,Cuban Missile Crisis Black Saturday Part 3,2018-03-01,2406063,47372.0,2598.0,-Ox9wIZeZYg,664.0,https://www.youtube.com/watch?v=-Ox9wIZeZYg,1637,22,22,Cuban - Missile - Crisis
493,DDay 2 The Secret War WW2,2017-06-13,4287640,56054.0,2429.0,a3w9pmvpyDM,664.0,https://www.youtube.com/watch?v=a3w9pmvpyDM,1376,77,77,DDay
137,Operation Avalanche 1 The Forgotten DDay WW2,2023-02-23,525405,18497.0,521.0,7ZhqdeY0VbQ,699.0,https://www.youtube.com/watch?v=7ZhqdeY0VbQ,3457,77,77,DDay
312,Dividing the Middle East The Great Loot Part 1,2020-05-02,1172891,30484.0,1784.0,f2L6L37GGAY,582.0,https://www.youtube.com/watch?v=f2L6L37GGAY,2430,51,51,Dividing - the - Middle - East
311,Dividing the Middle East The Arab Revolt Part 2,2020-05-09,829732,22547.0,1325.0,jJCq5p8HCZo,569.0,https://www.youtube.com/watch?v=jJCq5p8HCZo,2437,51,51,Dividing - the - Middle - East
310,Dividing the Middle East Drawing Lines Part 3,2020-05-16,656095,20212.0,1403.0,0VoV_RQZDls,568.0,https://www.youtube.com/watch?v=0VoV_RQZDls,2444,51,51,Dividing - the - Middle - East
309,Dividing the Middle East Three Kings Part 4,2020-05-23,612994,17931.0,682.0,WU9TrSOnXkU,561.0,https://www.youtube.com/watch?v=WU9TrSOnXkU,2451,51,51,Dividing - the - Middle - East
307,Dividing the Middle East Setting the Board Part 5,2020-05-30,502955,17250.0,976.0,1zZ1A8sphjA,580.0,https://www.youtube.com/watch?v=1zZ1A8sphjA,2458,51,51,Dividing - the - Middle - East
304,Dividing the Middle East Lies,2020-06-13,112590,2770.0,242.0,eNvhTkDkdqA,1724.0,https://www.youtube.com/watch?v=eNvhTkDkdqA,2472,51,51,Dividing - the - Middle - East
556,Early Christian Schisms Before Imperium Part 1,2016-04-30,2377076,39175.0,2631.0,E1ZZeCDGHJE,496.0,https://www.youtube.com/watch?v=E1ZZeCDGHJE,967,46,46,Early - Christian - Schisms - The
555,Early Christian Schisms The Woes of Constantine Part 2,2016-05-07,1652356,25439.0,1650.0,hZsZXHPDwsw,535.0,https://www.youtube.com/watch?v=hZsZXHPDwsw,974,46,46,Early - Christian - Schisms - The
554,Early Christian Schisms The Council of Nicaea Part 3,2016-05-14,1536375,23133.0,1255.0,6d2lOQpuqd4,486.0,https://www.youtube.com/watch?v=6d2lOQpuqd4,981,46,46,Early - Christian - Schisms - The
553,Early Christian Schisms Ephesus the Robber Council and Chalcedon Part 4,2016-05-21,1343481,22811.0,1846.0,f9lEcwLnwfg,495.0,https://www.youtube.com/watch?v=f9lEcwLnwfg,988,46,46,Early - Christian - Schisms - The
552,Early Christian Schisms Lies,2016-05-28,451942,7622.0,934.0,6dnECIPXIRY,1165.0,https://www.youtube.com/watch?v=6dnECIPXIRY,995,46,46,Early - Christian - Schisms - The
166,Divorcing a King Eleanor of Aquitaine Part 1,2022-08-20,755860,24907.0,719.0,fjalQSOLZE4,600.0,https://www.youtube.com/watch?v=fjalQSOLZE4,3270,8,8,Eleanor - of - Aquitaine - Part
165,The Court of Love Eleanor of Aquitaine Part 2,2022-08-27,546332,18486.0,470.0,4_KgUiDUPs0,642.0,https://www.youtube.com/watch?v=4_KgUiDUPs0,3277,8,8,Eleanor - of - Aquitaine - Part
164,The Devils Brood Eleanor of Aquitaine Part 3,2022-09-03,469091,16603.0,394.0,z8a2_kEKXn0,622.0,https://www.youtube.com/watch?v=z8a2_kEKXn0,3284,8,8,Eleanor - of - Aquitaine - Part
163,Mother of Empires Eleanor of Aquitaine Part 4,2022-09-10,419807,17975.0,498.0,NSSh1AfFrwA,702.0,https://www.youtube.com/watch?v=NSSh1AfFrwA,3291,8,8,Eleanor - of - Aquitaine - Part
160,Eleanor of Aquitaine LIES,2022-10-01,63917,1956.0,136.0,sOTYzWonpK4,1732.0,https://www.youtube.com/watch?v=sOTYzWonpK4,3312,8,8,Eleanor - of - Aquitaine - Part
197,Empire of Brazil Runaway Monarch Part 1,2022-01-29,927589,33739.0,1090.0,DzUNfnVnIkw,569.0,https://www.youtube.com/watch?v=DzUNfnVnIkw,3067,68,68,Empire - of - Brazil
196,Empire of Brazil Independence or DEATH Part 2,2022-02-05,671207,24969.0,601.0,N9Qb-CRXGyg,634.0,https://www.youtube.com/watch?v=N9Qb-CRXGyg,3074,68,68,Empire - of - Brazil
195,Empire of Brazil Family Drama Part 3,2022-02-12,564625,22049.0,577.0,Cug8DeQWsEk,686.0,https://www.youtube.com/watch?v=Cug8DeQWsEk,3081,68,68,Empire - of - Brazil
193,Empire of Brazil The Anarchy 4,2022-02-19,529456,21326.0,619.0,Y6ZmbqGI2n4,728.0,https://www.youtube.com/watch?v=Y6ZmbqGI2n4,3088,68,68,Empire - of - Brazil
190,Empire of Brazil LIES,2022-03-12,94146,3343.0,172.0,PmLPXWGUdPU,1587.0,https://www.youtube.com/watch?v=PmLPXWGUdPU,3109,68,68,Empire - of - Brazil
274,End of the Samurai Black Ships Part 1,2020-11-14,1530212,40914.0,1907.0,FmRm--vRHCg,573.0,https://www.youtube.com/watch?v=FmRm--vRHCg,2626,48,48,End - of - the - Samurai - The
272,End of the Samurai Gangs of Kyoto Part 2,2020-11-21,1017559,28845.0,829.0,c5kn5GFujuA,604.0,https://www.youtube.com/watch?v=c5kn5GFujuA,2633,48,48,End - of - the - Samurai - The
271,End of the Samurai The Boshin War Part 3,2020-11-28,957641,26578.0,698.0,499MEYhur7E,606.0,https://www.youtube.com/watch?v=499MEYhur7E,2640,48,48,End - of - the - Samurai - The
270,End of the Samurai The Imperial Army Part 4,2020-12-05,788775,24040.0,809.0,_IyXdZi_6yg,559.0,https://www.youtube.com/watch?v=_IyXdZi_6yg,2647,48,48,End - of - the - Samurai - The
269,End of the Samurai The Last Samurai Part 5,2020-12-12,871681,28974.0,1281.0,Ir1Aua1jWc4,610.0,https://www.youtube.com/watch?v=Ir1Aua1jWc4,2654,48,48,End - of - the - Samurai - The
267,End of the Samurai Lies,2020-12-26,117386,3444.0,250.0,7Fzy25qzW3g,1408.0,https://www.youtube.com/watch?v=7Fzy25qzW3g,2668,48,48,End - of - the - Samurai - The
619,England South Sea Bubble The Sharp Mind of John Blunt Part 1,2015-02-28,3326802,45924.0,2156.0,k1kndKWJKB8,549.0,https://www.youtube.com/watch?v=k1kndKWJKB8,540,25,25,England - South - Sea - Bubble
618,England South Sea Bubble Too Big to Fail Part 2,2015-03-14,2300359,28517.0,1096.0,Fsk6oZm1EEA,513.0,https://www.youtube.com/watch?v=Fsk6oZm1EEA,554,25,25,England - South - Sea - Bubble
617,England South Sea Bubble Buying Out Britain Part 3,2015-03-28,2077179,26599.0,1015.0,1vcF5rebN20,576.0,https://www.youtube.com/watch?v=1vcF5rebN20,568,25,25,England - South - Sea - Bubble
616,England South Sea Bubble The Bubble Pops Part 4,2015-04-11,1839376,24695.0,612.0,SIlnsP6AjP8,416.0,https://www.youtube.com/watch?v=SIlnsP6AjP8,582,25,25,England - South - Sea - Bubble
615,England South Sea Bubble It Was Walpole Part 5,2015-04-25,1849685,31318.0,1779.0,a_1IpUCUuVc,530.0,https://www.youtube.com/watch?v=a_1IpUCUuVc,596,25,25,England - South - Sea - Bubble
614,England South Sea Bubble Lies,2015-05-09,588143,8891.0,726.0,NqeXXzKTzRU,1263.0,https://www.youtube.com/watch?v=NqeXXzKTzRU,610,25,25,England - South - Sea - Bubble
586,England The Broad Street Pump You Know Nothing John Snow Part 1,2015-11-14,2815296,39962.0,1497.0,TLpzHHbFrHY,454.0,https://www.youtube.com/watch?v=TLpzHHbFrHY,799,24,24,England - The - Broad - Street - Pump
585,England The Broad Street Pump Epidemiology Begins Part 2,2015-11-21,1992082,27126.0,864.0,1jlsyucUwpo,365.0,https://www.youtube.com/watch?v=1jlsyucUwpo,806,24,24,England - The - Broad - Street - Pump
584,England The Broad Street Pump Map of the Blue Death Part 3,2015-11-28,1910941,36449.0,1507.0,9NVT6iZP2qg,540.0,https://www.youtube.com/watch?v=9NVT6iZP2qg,813,24,24,England - The - Broad - Street - Pump
583,England The Broad Street Pump The Sanitary Movement Part 4,2015-12-05,1201294,26178.0,1216.0,cba7di0eL8I,394.0,https://www.youtube.com/watch?v=cba7di0eL8I,820,24,24,England - The - Broad - Street - Pump
582,England The Broad Street Pump Lies,2015-12-12,356983,6363.0,603.0,rg_7q_FPjxQ,906.0,https://www.youtube.com/watch?v=rg_7q_FPjxQ,827,24,24,England - The - Broad - Street - Pump
173,Kings of Solomon Not Prester John Ethiopian Empire Part 1,2022-06-25,601489,22131.0,900.0,ZtbLrCrm56Y,649.0,https://www.youtube.com/watch?v=ZtbLrCrm56Y,3214,50,50,Ethiopian - Empire - Part
172,Kings of Solomon New Jerusalem Ethiopian Empire Part 2,2022-07-02,402040,14733.0,551.0,9lQJxcYL6Hk,662.0,https://www.youtube.com/watch?v=9lQJxcYL6Hk,3221,50,50,Ethiopian - Empire - Part
171,Kings of Solomon Church and State Ethiopian Empire Part 3,2022-07-16,327935,12736.0,334.0,GdS10vtF2Q8,641.0,https://www.youtube.com/watch?v=GdS10vtF2Q8,3235,50,50,Ethiopian - Empire - Part
170,Kings of Solomon Time of Judges Ethiopian Empire Part 4,2022-07-23,285458,11362.0,441.0,oAsURqXz5EM,591.0,https://www.youtube.com/watch?v=oAsURqXz5EM,3242,50,50,Ethiopian - Empire - Part
169,Kings of Solomon The Barefoot Emperor Ethiopian Empire Part 5,2022-07-30,256516,11168.0,341.0,ZJerzcod8yw,666.0,https://www.youtube.com/watch?v=ZJerzcod8yw,3249,50,50,Ethiopian - Empire - Part
168,Kings of Solomon The Battle of Adwa Ethiopian Empire Part 6,2022-08-06,277356,11833.0,433.0,HI5A_2DKm_0,743.0,https://www.youtube.com/watch?v=HI5A_2DKm_0,3256,50,50,Ethiopian - Empire - Part
167,Kings Of Solomon Ethiopia Empire LIES,2022-08-13,58804,1810.0,130.0,2zvWcJvra_g,1698.0,https://www.youtube.com/watch?v=2zvWcJvra_g,3263,50,50,Ethiopian - Empire - Part
601,Europe The First Crusade The Peoples Crusade Part 1,2015-08-08,4254124,54609.0,3849.0,HIs5B2U7US0,493.0,https://www.youtube.com/watch?v=HIs5B2U7US0,701,78,78,Europe - The - First - Crusade
599,Europe The First Crusade A Good Crusade Part 3,2015-08-22,2544468,36141.0,1613.0,pI5_idvxm18,572.0,https://www.youtube.com/watch?v=pI5_idvxm18,715,78,78,Europe - The - First - Crusade
596,Europe The First Crusade On to Jerusalem Part 6,2015-09-12,2094031,31993.0,2208.0,oyYGLoo3bj0,542.0,https://www.youtube.com/watch?v=oyYGLoo3bj0,736,78,78,Europe - The - First - Crusade
595,Europe The First Crusade Lies,2015-09-19,686516,10451.0,1057.0,15KhdeIc0EI,1539.0,https://www.youtube.com/watch?v=15KhdeIc0EI,743,78,78,Europe - The - First - Crusade
303,Exploring the Pacific The Great Ocean Part 1,2020-06-20,685542,25029.0,974.0,Y1suZVUoxCA,529.0,https://www.youtube.com/watch?v=Y1suZVUoxCA,2479,36,36,Exploring - the - Pacific
302,Exploring the Pacific Wayfinding Part 2,2020-06-27,442110,16641.0,806.0,WIDBE33GeCM,550.0,https://www.youtube.com/watch?v=WIDBE33GeCM,2486,36,36,Exploring - the - Pacific
300,Exploring the Pacific Founders Lost Cities Part 3,2020-07-04,404383,14653.0,700.0,OLrmHn8lOfk,542.0,https://www.youtube.com/watch?v=OLrmHn8lOfk,2493,36,36,Exploring - the - Pacific
299,Exploring the Pacific Magellans Mistake Part 4,2020-07-11,427168,14863.0,839.0,CqpQE7dFEuM,566.0,https://www.youtube.com/watch?v=CqpQE7dFEuM,2500,36,36,Exploring - the - Pacific
298,Exploring the Pacific Farther Than Any Man Part 5,2020-07-18,309061,13435.0,572.0,8XQxOe9XT18,561.0,https://www.youtube.com/watch?v=8XQxOe9XT18,2507,36,36,Exploring - the - Pacific
295,Exploring the Pacific LIES,2020-08-01,75506,2010.0,166.0,wdj9cbkvHI4,1760.0,https://www.youtube.com/watch?v=wdj9cbkvHI4,2521,36,36,Exploring - the - Pacific
549,First Opium War Trade Deficits and the Macartney Embassy Part 1,2016-06-18,5312906,64421.0,3529.0,fgQahGsYokU,465.0,https://www.youtube.com/watch?v=fgQahGsYokU,1016,12,12,First - Opium - War
548,First Opium War The Righteous Minister Part 2,2016-06-25,3785843,47012.0,2093.0,qHmuuc7m1AA,413.0,https://www.youtube.com/watch?v=qHmuuc7m1AA,1023,12,12,First - Opium - War
547,First Opium War Gunboat Diplomacy Part 3,2016-07-02,3018275,41818.0,1834.0,jAjUqwauf-A,489.0,https://www.youtube.com/watch?v=jAjUqwauf-A,1030,12,12,First - Opium - War
546,First Opium War Conflagration and Surrender Part 4,2016-07-09,3040126,46161.0,2913.0,s9WRmsHFUg0,514.0,https://www.youtube.com/watch?v=s9WRmsHFUg0,1037,12,12,First - Opium - War
544,First Opium War Lies,2016-07-23,544318,7688.0,732.0,v9beMOxGOrk,1540.0,https://www.youtube.com/watch?v=v9beMOxGOrk,1051,12,12,First - Opium - War
144,His Monstrous Father Frederick the Great Part 1,2023-01-14,1529053,49225.0,1633.0,FGVQKBm0McA,711.0,https://www.youtube.com/watch?v=FGVQKBm0McA,3417,63,63,Frederick - the - Great - Part
143,The School of Battle Frederick the Great Part 2,2023-01-21,964916,33202.0,684.0,d53_wvG8BXA,734.0,https://www.youtube.com/watch?v=d53_wvG8BXA,3424,63,63,Frederick - the - Great - Part
142,Forging a Legend Frederick the Great Part 3,2023-01-28,804402,28117.0,488.0,vJdjPwSJqd8,720.0,https://www.youtube.com/watch?v=vJdjPwSJqd8,3431,63,63,Frederick - the - Great - Part
141,The Seven Years War Frederick the Great Part 4,2023-02-04,739817,25813.0,655.0,TqyLu-WGG9c,736.0,https://www.youtube.com/watch?v=TqyLu-WGG9c,3438,63,63,Frederick - the - Great - Part
139,Who Wants to Live Forever Frederick the Great Part 5,2023-02-11,594758,27011.0,880.0,yjVrcnMbgQM,747.0,https://www.youtube.com/watch?v=yjVrcnMbgQM,3445,63,63,Frederick - the - Great - Part
136,Frederick the Great LIES,2023-02-25,91342,3176.0,179.0,KeRu7AYNFVo,1697.0,https://www.youtube.com/watch?v=KeRu7AYNFVo,3459,63,63,Frederick - the - Great - Part
22,The Unholy Roman Emperor Frederick II 1 The Popes Pet,2025-01-25,608222,21231.0,590.0,IkWE_BNkMLY,998.0,https://www.youtube.com/watch?v=IkWE_BNkMLY,4159,63,63,Frederick - the - Great - Part
21,The Unholy Roman Emperor Frederick II 2 Excommunicated Again,2025-02-08,397161,15281.0,449.0,ottbSSTiCcw,1048.0,https://www.youtube.com/watch?v=ottbSSTiCcw,4173,63,63,Frederick - the - Great - Part
19,The Unholy Roman Emperor Frederick II 3 Savior or Antichrist,2025-02-22,337716,13816.0,376.0,4GZPc68Kz2w,1043.0,https://www.youtube.com/watch?v=4GZPc68Kz2w,4187,63,63,Frederick - the - Great - Part
17,The Unholy Roman Emperor Frederick II LIES,2025-03-12,49308,1650.0,63.0,9dqqLw2HrCU,1769.0,https://www.youtube.com/watch?v=9dqqLw2HrCU,4205,63,63,Frederick - the - Great - Part
456,Genghis Khan Temjin the Child Part 1,2018-02-17,6041077,88501.0,4063.0,3cVTVF6ioaY,596.0,https://www.youtube.com/watch?v=3cVTVF6ioaY,1625,45,45,Genghis - Khan - The
454,Genghis Khan The Rivalry of Blood Brothers Part 2,2018-02-24,3731800,62360.0,1759.0,61NZrJevZwI,595.0,https://www.youtube.com/watch?v=61NZrJevZwI,1632,45,45,Genghis - Khan - The
452,Genghis Khan The Debut of Temjin Khan Part 3,2018-03-03,3327049,55751.0,1661.0,IvUDNSfSQdU,628.0,https://www.youtube.com/watch?v=IvUDNSfSQdU,1639,45,45,Genghis - Khan - The
451,Genghis Khan Khan of All Mongols Part 4,2018-03-10,3161963,55727.0,2222.0,vmYcxEOBk_8,621.0,https://www.youtube.com/watch?v=vmYcxEOBk_8,1646,45,45,Genghis - Khan - The
450,Genghis Khan Beginnings of the Great Mongol Nation Part 5,2018-03-17,3092176,53667.0,2059.0,FPYnY_TgQDA,642.0,https://www.youtube.com/watch?v=FPYnY_TgQDA,1653,45,45,Genghis - Khan - The
449,Genghis Khan The Final Conquering Years Part 6,2018-03-24,2869276,66367.0,4207.0,aKQ-djCmsrQ,605.0,https://www.youtube.com/watch?v=aKQ-djCmsrQ,1660,45,45,Genghis - Khan - The
448,Genghis Khan Lies,2018-03-31,297372,6595.0,567.0,rSg5Lx5RqUA,918.0,https://www.youtube.com/watch?v=rSg5Lx5RqUA,1667,45,45,Genghis - Khan - The
480,Great Northern War A Good Plan Part 2,2017-08-26,2836798,45989.0,2309.0,QCTohrWP-Lo,540.0,https://www.youtube.com/watch?v=QCTohrWP-Lo,1450,72,72,Great - Northern - War
479,Great Northern War Young and Violent Part 3,2017-09-09,2288618,37426.0,1570.0,dovxeQEDils,515.0,https://www.youtube.com/watch?v=dovxeQEDils,1464,72,72,Great - Northern - War
478,Great Northern War Clash of Kings Part 4,2017-09-16,1987699,33073.0,1210.0,M6Oon1XGWRc,507.0,https://www.youtube.com/watch?v=M6Oon1XGWRc,1471,72,72,Great - Northern - War
477,Great Northern War Rise and Fall Part 5,2017-09-23,1659274,36482.0,2233.0,0dPI1PzyWjg,534.0,https://www.youtube.com/watch?v=0dPI1PzyWjg,1478,72,72,Great - Northern - War
475,Great Northern War Lies,2017-10-07,448676,6594.0,672.0,1hGAdzbef4g,1588.0,https://www.youtube.com/watch?v=1hGAdzbef4g,1492,72,72,Great - Northern - War
222,Grigori Rasputin The Mad Monk Part 1,2021-09-04,1040867,32612.0,1368.0,vHQUAb4v94I,672.0,https://www.youtube.com/watch?v=vHQUAb4v94I,2920,47,47,Grigori - Rasputin - The
221,Grigori Rasputin Royal Blood Part 2,2021-09-11,645623,22786.0,850.0,_PQjCZ9Hc2E,662.0,https://www.youtube.com/watch?v=_PQjCZ9Hc2E,2927,47,47,Grigori - Rasputin - The
219,Grigori Rasputin The Dark One Part 3,2021-09-18,575646,21121.0,556.0,aVSg-uFwDcY,683.0,https://www.youtube.com/watch?v=aVSg-uFwDcY,2934,47,47,Grigori - Rasputin - The
218,Grigori Rasputin An Infamous Murder Part 4,2021-09-25,582648,22655.0,799.0,l8iTHsS-Iu0,674.0,https://www.youtube.com/watch?v=l8iTHsS-Iu0,2941,47,47,Grigori - Rasputin - The
215,Grigori Rasputin LIES,2021-10-16,92410,2852.0,202.0,-a4aptt3HTA,1578.0,https://www.youtube.com/watch?v=-a4aptt3HTA,2962,47,47,Grigori - Rasputin - The
128,John Brown LIES,2023-04-15,76564,2818.0,224.0,4gc_m1IM7dI,1999.0,https://www.youtube.com/watch?v=4gc_m1IM7dI,3508,26,26,Henry - Ford
105,Henry Ford The Boy Who Hated Horses Part 1,2023-09-16,902270,32092.0,783.0,tQAFS1d-0hY,701.0,https://www.youtube.com/watch?v=tQAFS1d-0hY,3662,26,26,Henry - Ford
104,Henry Ford Motor City Part 2,2023-09-23,573551,21040.0,372.0,wT7NJx6WSag,683.0,https://www.youtube.com/watch?v=wT7NJx6WSag,3669,26,26,Henry - Ford
103,Henry Ford The Model T Part 3,2023-09-30,558473,20170.0,536.0,p7G4s8sjNtk,661.0,https://www.youtube.com/watch?v=p7G4s8sjNtk,3676,26,26,Henry - Ford
101,Henry Ford Ignorant Anarchist Part 4,2023-10-07,513616,21001.0,1250.0,HUg22semUoE,665.0,https://www.youtube.com/watch?v=HUg22semUoE,3683,26,26,Henry - Ford
99,Henry Ford A Tragic End Part 5,2023-10-14,556871,22578.0,721.0,aa4n-NpfjEs,760.0,https://www.youtube.com/watch?v=aa4n-NpfjEs,3690,26,26,Henry - Ford
97,Henry Ford LIES,2023-10-28,85398,2553.0,186.0,WnksQgTVtXA,2130.0,https://www.youtube.com/watch?v=WnksQgTVtXA,3704,26,26,Henry - Ford
227,History of Coffee Brewing Controversy Part 1,2021-08-12,1031633,33589.0,1254.0,22p73Pl3KJA,656.0,https://www.youtube.com/watch?v=22p73Pl3KJA,2897,2,2,History - of - Beer
225,History of Coffee Global Addiction Part 2,2021-08-19,712565,24958.0,781.0,_MO4pjidfgU,662.0,https://www.youtube.com/watch?v=_MO4pjidfgU,2904,2,2,History - of - Beer
189,History of Beer Building a Civilization Part 1,2022-03-19,767992,26861.0,824.0,KJsWaJVtZWA,662.0,https://www.youtube.com/watch?v=KJsWaJVtZWA,3116,2,2,History - of - Beer
188,History of Beer Barbarian Brew Part 2,2022-03-26,534373,18843.0,508.0,RgV9s9ez2cc,623.0,https://www.youtube.com/watch?v=RgV9s9ez2cc,3123,2,2,History - of - Beer
187,History of Beer Hopping Mad Part 3,2022-04-02,469293,16648.0,340.0,nbzZKKDjxLE,660.0,https://www.youtube.com/watch?v=nbzZKKDjxLE,3130,2,2,History - of - Beer
186,History of Beer Fermenting Revolution Part 4,2022-04-09,427722,15441.0,388.0,6pl-MuQHHTE,638.0,https://www.youtube.com/watch?v=6pl-MuQHHTE,3137,2,2,History - of - Beer
185,History of Beer Rise of the Beer Barons Part 5,2022-04-17,386852,16211.0,626.0,QIKD5fGbvbc,634.0,https://www.youtube.com/watch?v=QIKD5fGbvbc,3145,2,2,History - of - Beer
182,History of Beer LIES,2022-04-30,71804,2332.0,184.0,8-p-4Cw0ElI,1715.0,https://www.youtube.com/watch?v=8-p-4Cw0ElI,3158,2,2,History - of - Beer
33,The Story of Beer Complete,2024-11-27,773559,17908.0,597.0,VEXoJhDNKAc,2627.0,https://www.youtube.com/watch?v=VEXoJhDNKAc,4100,2,2,History - of - Beer
15,History of Cats 1 Gods Fluffy Murder Machines,2025-03-22,863911,39498.0,1400.0,zK1Mpx9h-I8,990.0,https://www.youtube.com/watch?v=zK1Mpx9h-I8,4215,3,3,History - of - Cats
14,History of Cats 2 Creatures from Hell,2025-04-05,349105,18939.0,945.0,3ofDW6vaZ4M,967.0,https://www.youtube.com/watch?v=3ofDW6vaZ4M,4229,3,3,History - of - Cats
12,The First Cat Memes History of Cats 3,2025-04-19,344639,16145.0,587.0,0JV9oyb8Uo4,1090.0,https://www.youtube.com/watch?v=0JV9oyb8Uo4,4243,3,3,History - of - Cats
10,The History of Cats Lies,2025-05-07,61874,2205.0,119.0,04xN-vQf_sc,1750.0,https://www.youtube.com/watch?v=04xN-vQf_sc,4261,3,3,History - of - Cats
373,History of England The 100 Years War Part 1,2019-05-25,2526191,53970.0,1756.0,i0NXWfCLIfI,512.0,https://www.youtube.com/watch?v=i0NXWfCLIfI,2087,34,34,History - of - England
372,History of England Fire and Swords Part 2,2019-06-01,1450019,32228.0,1145.0,w5K2K-S013U,547.0,https://www.youtube.com/watch?v=w5K2K-S013U,2094,34,34,History - of - England
368,History of England A New Future Part 6,2019-06-29,973576,26258.0,872.0,SuidVI9ENN8,581.0,https://www.youtube.com/watch?v=SuidVI9ENN8,2122,34,34,History - of - England
347,History of Space Travel Looking to the Stars Part 1,2019-10-31,418012,13268.0,541.0,P6JARo6bgpY,596.0,https://www.youtube.com/watch?v=P6JARo6bgpY,2246,5,5,History - of - Space - Travel
345,History of Space Travel Revolutions Part 2,2019-11-07,342891,10334.0,458.0,VB7f2BVPrvA,680.0,https://www.youtube.com/watch?v=VB7f2BVPrvA,2253,5,5,History - of - Space - Travel
342,History of Space Travel Kill Devil to V2 Part 3,2019-11-14,351677,10043.0,567.0,YT1q0hS9yKo,668.0,https://www.youtube.com/watch?v=YT1q0hS9yKo,2260,5,5,History - of - Space - Travel
339,History of Space Travel Red Star Part 4,2019-11-28,283595,8748.0,401.0,WjgpEr6majo,651.0,https://www.youtube.com/watch?v=WjgpEr6majo,2274,5,5,History - of - Space - Travel
337,History of Space Travel One Small Step Part 5,2019-12-05,276945,8676.0,452.0,WNrhPOCZFwQ,676.0,https://www.youtube.com/watch?v=WNrhPOCZFwQ,2281,5,5,History - of - Space - Travel
335,History of Space Travel Guided by Starlight Part 6,2019-12-12,238253,9236.0,559.0,i2CwEBaLU8U,686.0,https://www.youtube.com/watch?v=i2CwEBaLU8U,2288,5,5,History - of - Space - Travel
64,Ancient Celebrity Murder Hypatia of Alexandria Part 1,2024-05-25,509133,17002.0,517.0,SselOJQd2_4,628.0,https://www.youtube.com/watch?v=SselOJQd2_4,3914,60,60,Hypatia - of - Alexandria
63,Hypatia of Alexandria Christians vs Pagans Part 2,2024-06-01,302874,11094.0,329.0,RqUy82EeBkE,651.0,https://www.youtube.com/watch?v=RqUy82EeBkE,3921,60,60,Hypatia - of - Alexandria
62,Hypatia of Alexandria Mob Mentality Part 3,2024-06-08,238570,9485.0,436.0,95AAcjMB7Ps,701.0,https://www.youtube.com/watch?v=95AAcjMB7Ps,3928,60,60,Hypatia - of - Alexandria
61,Hypatia of Alexandria Everyone Gets Her Wrong Part 4,2024-06-15,235980,9466.0,379.0,Eoa4hydiLps,674.0,https://www.youtube.com/watch?v=Eoa4hydiLps,3935,60,60,Hypatia - of - Alexandria
58,Hypatia of Alexandria LIES,2024-07-04,104721,1888.0,111.0,wnUv-Yfm9t8,1693.0,https://www.youtube.com/watch?v=wnUv-Yfm9t8,3954,60,60,Hypatia - of - Alexandria
321,Ibn Battuta The Great Traveler Part 1,2020-03-07,1411875,40343.0,2069.0,TEI0sVYKtg8,523.0,https://www.youtube.com/watch?v=TEI0sVYKtg8,2374,40,40,Ibn - Battuta
320,Ibn Battuta Mongols and Mystics Part 2,2020-03-14,884479,26635.0,1086.0,7mNXbUAxdVI,517.0,https://www.youtube.com/watch?v=7mNXbUAxdVI,2381,40,40,Ibn - Battuta
319,Ibn Battuta The Mad Sultan Part 3,2020-03-21,786035,25014.0,1061.0,Ia3WdlvfnBU,553.0,https://www.youtube.com/watch?v=Ia3WdlvfnBU,2388,40,40,Ibn - Battuta
318,Ibn Battuta Escape to China Part 4,2020-03-27,731657,23504.0,865.0,dqZYZOjRlmA,546.0,https://www.youtube.com/watch?v=dqZYZOjRlmA,2394,40,40,Ibn - Battuta
316,Ibn Battuta Plague and Homecoming Part 5,2020-04-04,725133,26839.0,1127.0,WMlwlHHnMsI,543.0,https://www.youtube.com/watch?v=WMlwlHHnMsI,2402,40,40,Ibn - Battuta
314,Ibn Battuta Lies,2020-04-18,234644,6086.0,583.0,G9HO75wcoUU,1690.0,https://www.youtube.com/watch?v=G9HO75wcoUU,2416,40,40,Ibn - Battuta
6,Ibn Battuta Historys Greatest Traveler Complete,2025-06-07,298548,9413.0,485.0,HdlxlYjyf0w,2775.0,https://www.youtube.com/watch?v=HdlxlYjyf0w,4292,40,40,Ibn - Battuta
56,Invasion of Quebec Americas Founding Disaster Part 1,2024-07-13,586919,17389.0,692.0,_jPzFvKRuKE,644.0,https://www.youtube.com/watch?v=_jPzFvKRuKE,3963,31,31,Invasion - of - Quebec
54,Invasion of Quebec Benedict Arnolds Death March Part 2,2024-07-20,355424,12372.0,331.0,RZchF6fBjRA,660.0,https://www.youtube.com/watch?v=RZchF6fBjRA,3970,31,31,Invasion - of - Quebec
53,Invasion of Quebec Battle in the Streets Part 3,2024-07-27,302678,10704.0,344.0,t0xbGEADSSE,595.0,https://www.youtube.com/watch?v=t0xbGEADSSE,3977,31,31,Invasion - of - Quebec
52,Invasion of Quebec No Retreat Part 4,2024-08-03,276890,10190.0,340.0,6trYjVdxeRs,692.0,https://www.youtube.com/watch?v=6trYjVdxeRs,3984,31,31,Invasion - of - Quebec
51,Benedict Arnold From War Hero to Traitor Part 1,2024-08-10,454875,16256.0,596.0,SG-NWQvcZI0,638.0,https://www.youtube.com/watch?v=SG-NWQvcZI0,3991,31,31,Invasion - of - Quebec
50,Benedict Arnold Path to Betrayal Part 2,2024-08-17,296176,12233.0,485.0,biIzip1F8GI,682.0,https://www.youtube.com/watch?v=biIzip1F8GI,3998,31,31,Invasion - of - Quebec
49,Invasion of Quebec LIES,2024-08-21,60061,1615.0,119.0,r4SIBeuVdn4,1970.0,https://www.youtube.com/watch?v=r4SIBeuVdn4,4002,31,31,Invasion - of - Quebec
389,Irish Potato Famine Isle of Blight Part 1,2019-02-16,2734694,53150.0,4165.0,gAnT21xGdSk,629.0,https://www.youtube.com/watch?v=gAnT21xGdSk,1989,73,73,Irish - Potato - Famine
388,Irish Potato Famine The Corn Laws Part 2,2019-02-23,1729389,36288.0,1994.0,E4Dc0ltgf3I,631.0,https://www.youtube.com/watch?v=E4Dc0ltgf3I,1996,73,73,Irish - Potato - Famine
387,Irish Potato Famine Black 47 Part 3,2019-03-02,1509854,34214.0,3271.0,6DP8INm09nY,681.0,https://www.youtube.com/watch?v=6DP8INm09nY,2003,73,73,Irish - Potato - Famine
386,Irish Potato Famine The American Wake Part 4,2019-03-09,1350832,32534.0,1583.0,csNlKTRJiS0,633.0,https://www.youtube.com/watch?v=csNlKTRJiS0,2010,73,73,Irish - Potato - Famine
385,Irish Potato Famine The Young and the Old Part 5,2019-03-16,1288831,36897.0,1770.0,iLlNAwyUFBs,648.0,https://www.youtube.com/watch?v=iLlNAwyUFBs,2017,73,73,Irish - Potato - Famine
383,Irish Potato Famine Lies,2019-03-30,173583,4447.0,428.0,q3cE_pQhBOU,1611.0,https://www.youtube.com/watch?v=q3cE_pQhBOU,2031,73,73,Irish - Potato - Famine
236,Thirty Years War Famine Part 3,2021-06-12,546765,18176.0,610.0,imvblptadds,665.0,https://www.youtube.com/watch?v=imvblptadds,2836,73,73,Irish - Potato - Famine
23,Irish Potato Famine Complete,2025-01-18,1087569,23577.0,1471.0,PRloj_jb1xQ,3181.0,https://www.youtube.com/watch?v=PRloj_jb1xQ,4152,73,73,Irish - Potato - Famine
204,Japanese Militarism Taisho Democracy Part 2,2021-12-18,736240,22273.0,639.0,DcuvpihOmrQ,669.0,https://www.youtube.com/watch?v=DcuvpihOmrQ,3025,55,55,Japanese - Militarism
201,Japanese Militarism Government by Assassination Part 4,2022-01-01,563963,19340.0,712.0,gKXRPjYcNuU,616.0,https://www.youtube.com/watch?v=gKXRPjYcNuU,3039,55,55,Japanese - Militarism
198,Japanese Militarism LIES,2022-01-24,107600,3443.0,224.0,m_MmSc1H2m0,1629.0,https://www.youtube.com/watch?v=m_MmSc1H2m0,3062,55,55,Japanese - Militarism
247,Jewish Pirates Fleeing the Inquisition Part 1,2021-04-10,737153,25303.0,1404.0,ZDvmzPlmra8,706.0,https://www.youtube.com/watch?v=ZDvmzPlmra8,2773,15,15,Jewish - Pirates
246,Jewish Pirates Barbarossas Sidekick Part 2,2021-04-17,549926,18214.0,650.0,T_zCkAzeazI,667.0,https://www.youtube.com/watch?v=T_zCkAzeazI,2780,15,15,Jewish - Pirates
245,Jewish Pirates The Pirate Rabbi Part 3,2021-04-24,441147,16712.0,578.0,m21_Ul22jSw,649.0,https://www.youtube.com/watch?v=m21_Ul22jSw,2787,15,15,Jewish - Pirates
243,Jewish Pirates Treasure for Days The New World Part 4,2021-05-01,415531,16287.0,560.0,PPF2HgFpjZU,737.0,https://www.youtube.com/watch?v=PPF2HgFpjZU,2794,15,15,Jewish - Pirates
240,Jewish Pirates Lies,2021-05-22,71789,2407.0,226.0,WTiFs1EXBhk,1579.0,https://www.youtube.com/watch?v=WTiFs1EXBhk,2815,15,15,Jewish - Pirates
367,Joan of Arc The Mad King Part 1,2019-07-06,1824776,44426.0,1784.0,4XFVzpJxgUk,643.0,https://www.youtube.com/watch?v=4XFVzpJxgUk,2129,32,32,Joan - of - Arc
366,Joan of Arc Angels and Demons Part 2,2019-07-13,1165594,31732.0,1245.0,ZphBpO5qUkg,620.0,https://www.youtube.com/watch?v=ZphBpO5qUkg,2136,32,32,Joan - of - Arc
365,Joan of Arc The Maid of Orleans Part 3,2019-07-20,974169,29598.0,1257.0,WQZimRmHEuw,642.0,https://www.youtube.com/watch?v=WQZimRmHEuw,2143,32,32,Joan - of - Arc
364,Joan of Arc Thy Kingdom Come Part 4,2019-07-27,919642,26488.0,883.0,JuuYBVsg_Hg,635.0,https://www.youtube.com/watch?v=JuuYBVsg_Hg,2150,32,32,Joan - of - Arc
362,Joan of Arc Heroine or Heretic Part 5,2019-08-03,860951,28777.0,1250.0,C12SCeVmGAw,626.0,https://www.youtube.com/watch?v=C12SCeVmGAw,2157,32,32,Joan - of - Arc
360,Joan of Arc Lies,2019-08-17,145525,4121.0,287.0,Brnoj4CCGG0,1413.0,https://www.youtube.com/watch?v=Brnoj4CCGG0,2171,32,32,Joan - of - Arc
48,Joan of Arc Complete,2024-08-24,932558,24986.0,694.0,OvE23dL0rkU,3186.0,https://www.youtube.com/watch?v=OvE23dL0rkU,4005,32,32,Joan - of - Arc
134,Hero or Terrorist John Brown Part 1,2023-03-04,1036878,36655.0,2555.0,UghaZOr2umU,682.0,https://www.youtube.com/watch?v=UghaZOr2umU,3466,27,27,John - Brown - Part
133,Choosing Violence John Brown Part 2,2023-03-11,677437,26636.0,846.0,YQk1YUbbzOo,715.0,https://www.youtube.com/watch?v=YQk1YUbbzOo,3473,27,27,John - Brown - Part
466,Khosrau Anushirawan Like Father Like Son Part 1,2017-12-09,2862590,39981.0,1521.0,bJL2Vnc5vLo,568.0,https://www.youtube.com/watch?v=bJL2Vnc5vLo,1555,37,37,Khosrau - Anushirawan
465,Khosrau Anushirawan Prince of Persia Part 2,2017-12-16,2075221,30757.0,1351.0,GMVZSxkgcGk,612.0,https://www.youtube.com/watch?v=GMVZSxkgcGk,1562,37,37,Khosrau - Anushirawan
463,Khosrau Anushirawan The Immortal Soul Part 3,2017-12-23,1897432,28618.0,945.0,bmqLo75E86M,542.0,https://www.youtube.com/watch?v=bmqLo75E86M,1569,37,37,Khosrau - Anushirawan
461,Khosrau Anushirawan Trolling Justinian Part 4,2018-01-13,1734168,27703.0,1346.0,z08uc0PolYc,500.0,https://www.youtube.com/watch?v=z08uc0PolYc,1590,37,37,Khosrau - Anushirawan
460,Khosrau Anushirawan On Top of the World Part 5,2018-01-20,1613052,29409.0,1287.0,Epuxm-GtT1g,608.0,https://www.youtube.com/watch?v=Epuxm-GtT1g,1597,37,37,Khosrau - Anushirawan
458,Khosrau Anushirawan Lies,2018-02-03,244661,4627.0,566.0,U66AB7hsqt8,1278.0,https://www.youtube.com/watch?v=U66AB7hsqt8,1611,37,37,Khosrau - Anushirawan
422,Kingdom of Majapahit An Empire of Water Part 1,2018-08-25,2236923,56406.0,5655.0,n4zGw2OewIk,636.0,https://www.youtube.com/watch?v=n4zGw2OewIk,1814,44,44,Kingdom - of - Majapahit
419,Kingdom of Majapahit Wrath of the Khan Part 2,2018-09-15,1331639,30014.0,2197.0,bZKHATDgPO0,592.0,https://www.youtube.com/watch?v=bZKHATDgPO0,1835,44,44,Kingdom - of - Majapahit
417,Kingdom of Majapahit Master of Intrigue Part 3,2018-09-22,1080279,25239.0,1603.0,WOw9feCjpME,645.0,https://www.youtube.com/watch?v=WOw9feCjpME,1842,44,44,Kingdom - of - Majapahit
415,Kingdom of Majapahit The Golden Reign Part 4,2018-09-29,971974,25865.0,2004.0,k_7lo61DkBM,650.0,https://www.youtube.com/watch?v=k_7lo61DkBM,1849,44,44,Kingdom - of - Majapahit
413,Kingdom of Majapahit Changing Winds Part 5,2018-10-06,872554,25294.0,2044.0,1gGoSOpf34E,741.0,https://www.youtube.com/watch?v=1gGoSOpf34E,1856,44,44,Kingdom - of - Majapahit
409,Kingdom of Majapahit Lies,2018-10-20,206751,5469.0,755.0,v826Hrhupww,1360.0,https://www.youtube.com/watch?v=v826Hrhupww,1870,44,44,Kingdom - of - Majapahit
594,Korea Admiral Yi Keep Beating the Drum Part 1,2015-09-26,4466958,63626.0,3429.0,3ieaDfD_h6s,472.0,https://www.youtube.com/watch?v=3ieaDfD_h6s,750,42,42,Korea - Admiral - Yi
593,Korea Admiral Yi Be Like a Mountain Part 2,2015-10-03,3106976,42786.0,1737.0,hKBOoPfMvLc,499.0,https://www.youtube.com/watch?v=hKBOoPfMvLc,757,42,42,Korea - Admiral - Yi
592,Korea Admiral Yi The Bright Moonlight of Hansando Part 3,2015-10-10,2847097,41047.0,2091.0,p97Xa6aB2jA,533.0,https://www.youtube.com/watch?v=p97Xa6aB2jA,764,42,42,Korea - Admiral - Yi
591,Korea Admiral Yi Those Who Seek Death Shall Live Part 4,2015-10-17,2778106,42737.0,3244.0,QTan6eDphCk,619.0,https://www.youtube.com/watch?v=QTan6eDphCk,771,42,42,Korea - Admiral - Yi
590,Korea Admiral Yi Martial Lord of Loyalty Part 5,2015-10-24,2679145,61843.0,5666.0,39Gsx6PaxiY,445.0,https://www.youtube.com/watch?v=39Gsx6PaxiY,778,42,42,Korea - Admiral - Yi
587,Korea Admiral Yi Lies,2015-11-07,715252,12763.0,1137.0,C3yCzHIbkgA,1240.0,https://www.youtube.com/watch?v=C3yCzHIbkgA,792,42,42,Korea - Admiral - Yi
8,Mutiny on the Bounty 1 Disaster in the Making,2025-05-17,372525,13927.0,505.0,i8p4Uv6Hpjs,1047.0,https://www.youtube.com/watch?v=i8p4Uv6Hpjs,4271,1,1,Mutiny - on - the - Bounty
7,Mutiny on the Bounty 2 Cast Adrift,2025-05-31,228596,10497.0,328.0,p0eOXXKMLCA,1030.0,https://www.youtube.com/watch?v=p0eOXXKMLCA,4285,1,1,Mutiny - on - the - Bounty
5,Mutiny on the Bounty 3 Global Manhunt,2025-06-14,227719,10809.0,371.0,-JJuH5F5dmo,1046.0,https://www.youtube.com/watch?v=-JJuH5F5dmo,4299,1,1,Mutiny - on - the - Bounty
4,Mutiny on the Bounty Lies,2025-07-02,28262,1272.0,77.0,mrhganQPwv8,1746.0,https://www.youtube.com/watch?v=mrhganQPwv8,4317,1,1,Mutiny - on - the - Bounty
283,Cleopatra A Drunken Bet Part 1,2020-09-27,846371,24367.0,946.0,ypswk9-DP9M,543.0,https://www.youtube.com/watch?v=ypswk9-DP9M,2578,59,59,Napoleon - in - Egypt
282,Cleopatra Hail Caesar Part 2,2020-10-03,688310,22029.0,924.0,zGSfOOzHBGs,594.0,https://www.youtube.com/watch?v=zGSfOOzHBGs,2584,59,59,Napoleon - in - Egypt
281,Cleopatra Exit Caesar Enter Antony Part 3,2020-10-10,637704,20712.0,848.0,Vl1Yvl0U29Y,617.0,https://www.youtube.com/watch?v=Vl1Yvl0U29Y,2591,59,59,Napoleon - in - Egypt
280,Cleopatra Death by Snake Part 4,2020-10-17,576091,20019.0,914.0,i_Teuv7-LN8,631.0,https://www.youtube.com/watch?v=i_Teuv7-LN8,2598,59,59,Napoleon - in - Egypt
279,Cleopatra Eternal Life Part 5,2020-10-24,397777,17130.0,867.0,uNGUDaA9-GQ,566.0,https://www.youtube.com/watch?v=uNGUDaA9-GQ,2605,59,59,Napoleon - in - Egypt
276,Cleopatra Lies,2020-11-07,91747,2936.0,347.0,2x1UkSVQfI8,1825.0,https://www.youtube.com/watch?v=2x1UkSVQfI8,2619,59,59,Napoleon - in - Egypt
127,Cosplaying Caesar Napoleon in Egypt Part 1,2023-04-22,892194,30340.0,1022.0,UjoS_uTtmTs,719.0,https://www.youtube.com/watch?v=UjoS_uTtmTs,3515,59,59,Napoleon - in - Egypt
126,Battle of the Pyramids Napoleon in Egypt Part 2,2023-04-29,528392,19261.0,502.0,ne4guurtnVI,701.0,https://www.youtube.com/watch?v=ne4guurtnVI,3522,59,59,Napoleon - in - Egypt
125,Death on the Nile Napoleon in Egypt Part 3,2023-05-06,466143,17080.0,545.0,PRR9BRYTbD4,686.0,https://www.youtube.com/watch?v=PRR9BRYTbD4,3529,59,59,Napoleon - in - Egypt
124,Bonaparte Bails Napoleon in Egypt Part 4,2023-05-13,389882,15080.0,542.0,oDiTVL8cUJ4,727.0,https://www.youtube.com/watch?v=oDiTVL8cUJ4,3536,59,59,Napoleon - in - Egypt
123,His Pants Full of Sht Napoleon in Egypt Part 5,2023-05-20,339552,14455.0,510.0,XZsZOX_-4Cc,683.0,https://www.youtube.com/watch?v=XZsZOX_-4Cc,3543,59,59,Napoleon - in - Egypt
120,Napoleon in Egypt LIES,2023-06-03,65660,2053.0,124.0,T6Jo2pQ_eKg,1832.0,https://www.youtube.com/watch?v=T6Jo2pQ_eKg,3557,59,59,Napoleon - in - Egypt
574,On World War II and Nazi Symbolism A Note from,2016-02-15,739028,10896.0,1205.0,LSjFUOA2oZM,130.0,https://www.youtube.com/watch?v=LSjFUOA2oZM,892,33,33,Nazi - Occultism
39,Nazi Occultism 1 The Thule Society WW2,2024-10-19,884120,32468.0,1270.0,TokYUITs6zs,719.0,https://www.youtube.com/watch?v=TokYUITs6zs,4061,33,33,Nazi - Occultism
38,Nazi Occultism 2 Weird Science WW2,2024-10-26,493827,19396.0,1246.0,6MEzUovLTMs,712.0,https://www.youtube.com/watch?v=6MEzUovLTMs,4068,33,33,Nazi - Occultism
37,Nazi Occultism 3 Hitler vs Magic WW2,2024-11-02,416165,16733.0,560.0,06fXIstwddk,717.0,https://www.youtube.com/watch?v=06fXIstwddk,4075,33,33,Nazi - Occultism
36,Nazi Occultism 4 The Indiana Jones Stuff WW2,2024-11-09,453663,17120.0,468.0,Tg8CpKzcFm8,787.0,https://www.youtube.com/watch?v=Tg8CpKzcFm8,4082,33,33,Nazi - Occultism
35,Nazi Occultism 5 Thors Hammer WW2,2024-11-16,417194,18304.0,791.0,1H-z5Dhy5c8,692.0,https://www.youtube.com/watch?v=1H-z5Dhy5c8,4089,33,33,Nazi - Occultism
32,Nazi Occultism LIES,2024-11-30,144765,2731.0,236.0,xRwnSoaNmjA,2093.0,https://www.youtube.com/watch?v=xRwnSoaNmjA,4103,33,33,Nazi - Occultism
511,Ned Kelly Becoming a Bushranger Part 1,2017-03-18,2425236,37036.0,1547.0,a1WmidFwFzY,519.0,https://www.youtube.com/watch?v=a1WmidFwFzY,1289,11,11,Ned - Kelly
510,Ned Kelly Under Suspicion Part 2,2017-03-25,1768514,28334.0,1010.0,jry47Hf1y80,623.0,https://www.youtube.com/watch?v=jry47Hf1y80,1296,11,11,Ned - Kelly
509,Ned Kelly Shoot Out at Stringybark Creek Part 3,2017-04-01,1523434,24925.0,848.0,sZ2b9ys7ALI,569.0,https://www.youtube.com/watch?v=sZ2b9ys7ALI,1303,11,11,Ned - Kelly
508,Ned Kelly Kelly Country Part 4,2017-04-08,1561585,26505.0,1145.0,S1qffXgDqNM,583.0,https://www.youtube.com/watch?v=S1qffXgDqNM,1310,11,11,Ned - Kelly
507,Ned Kelly The Iron Outlaw Part 5,2017-04-15,1477064,30432.0,2108.0,fBc0BnIHFbE,514.0,https://www.youtube.com/watch?v=fBc0BnIHFbE,1317,11,11,Ned - Kelly
505,Ned Kelly Lies,2017-04-29,341348,5335.0,561.0,arON4ofhKd8,2530.0,https://www.youtube.com/watch?v=arON4ofhKd8,1331,11,11,Ned - Kelly
503,Hunting the Bismarck 1 The Pride of Germany WW2,2017-05-11,4911259,63916.0,4447.0,2CV1tvMYFRs,632.0,https://www.youtube.com/watch?v=2CV1tvMYFRs,1343,56,56,Otto - von - Bismarck
501,Hunting the Bismarck 2 The Mighty HMS Hood WW2,2017-05-18,3279970,46468.0,2542.0,Kz8pmbytxoQ,665.0,https://www.youtube.com/watch?v=Kz8pmbytxoQ,1350,56,56,Otto - von - Bismarck
499,Hunting the Bismarck 3 A Chance to Strike WW2,2017-05-25,2852185,40645.0,1650.0,OJeI5_9c29s,704.0,https://www.youtube.com/watch?v=OJeI5_9c29s,1357,56,56,Otto - von - Bismarck
497,Hunting the Bismarck 4 Sink the Bismarck WW2,2017-06-01,2753940,47183.0,3648.0,cV0NNZbj2QI,564.0,https://www.youtube.com/watch?v=cV0NNZbj2QI,1364,56,56,Otto - von - Bismarck
474,Otto von Bismarck The Wildman Bismarck Part 1,2017-10-14,4720569,73667.0,2636.0,zc3Y-dU_GjM,560.0,https://www.youtube.com/watch?v=zc3Y-dU_GjM,1499,56,56,Otto - von - Bismarck
473,Otto von Bismarck A Man of Great Ideas Part 2,2017-10-21,3197330,49333.0,1412.0,LsxmsHBRl1M,603.0,https://www.youtube.com/watch?v=LsxmsHBRl1M,1506,56,56,Otto - von - Bismarck
472,Otto von Bismarck Iron and Blood Part 3,2017-10-28,2919242,44452.0,1246.0,KnJDZpi3EBI,540.0,https://www.youtube.com/watch?v=KnJDZpi3EBI,1513,56,56,Otto - von - Bismarck
471,Otto von Bismarck The Iron Chancellor Part 4,2017-11-04,2722945,43177.0,1673.0,bKnIfv7wKk0,552.0,https://www.youtube.com/watch?v=bKnIfv7wKk0,1520,56,56,Otto - von - Bismarck
470,Otto von Bismarck Prussia Ascendant Part 5,2017-11-11,2847963,46395.0,2124.0,jCFt0CQ8aEk,639.0,https://www.youtube.com/watch?v=jCFt0CQ8aEk,1527,56,56,Otto - von - Bismarck
469,Otto von Bismarck Germany Part 6,2017-11-18,2701554,49186.0,1920.0,G9bqCd7sRg0,410.0,https://www.youtube.com/watch?v=G9bqCd7sRg0,1534,56,56,Otto - von - Bismarck
468,Otto von Bismarck Lies,2017-12-02,362851,7268.0,553.0,nkc87DmiDwI,965.0,https://www.youtube.com/watch?v=nkc87DmiDwI,1548,56,56,Otto - von - Bismarck
152,Path to Pearl Harbor 1 Pacific Empires Japan vs USA WW2,2022-11-26,899382,24251.0,592.0,CxeiSM1edHE,771.0,https://www.youtube.com/watch?v=CxeiSM1edHE,3368,76,76,Path - to - Pearl - Harbor
151,Path to Pearl Harbor 2 Mystery of the Panay WW2,2022-12-03,548980,16947.0,418.0,9lZDfVMOyK0,728.0,https://www.youtube.com/watch?v=9lZDfVMOyK0,3375,76,76,Path - to - Pearl - Harbor
150,Path to Pearl Harbor 3 First Strike WW2,2022-12-10,491035,15328.0,294.0,_8V9CKSx6Bg,677.0,https://www.youtube.com/watch?v=_8V9CKSx6Bg,3382,76,76,Path - to - Pearl - Harbor
148,Path to Pearl Harbor 4 Countdown to War WW2,2022-12-17,476792,15126.0,301.0,JEOyNwtFX3c,741.0,https://www.youtube.com/watch?v=JEOyNwtFX3c,3389,76,76,Path - to - Pearl - Harbor
147,Path to Pearl Harbor 5 Climb Mount Niitaka WW2,2022-12-24,412202,14207.0,295.0,TqUBjJBqgQw,743.0,https://www.youtube.com/watch?v=TqUBjJBqgQw,3396,76,76,Path - to - Pearl - Harbor
146,Day of Infamy The Path to Pearl Harbor WWII Part 6,2022-12-31,413207,15559.0,609.0,aD8XSGHnIJo,739.0,https://www.youtube.com/watch?v=aD8XSGHnIJo,3403,76,76,Path - to - Pearl - Harbor
145,Path to Pearl Harbor LIES WW2,2023-01-07,91650,2537.0,144.0,jfFyKUq5ikI,2125.0,https://www.youtube.com/watch?v=jfFyKUq5ikI,3410,76,76,Path - to - Pearl - Harbor
338,Policing London The ThiefTaker General Part 1,2019-11-30,2378724,59315.0,1376.0,XvMQY_y4qx8,625.0,https://www.youtube.com/watch?v=XvMQY_y4qx8,2276,6,6,Policing - London - The
336,Policing London The Fall of Jonathan Wild Part 2,2019-12-07,1571993,41445.0,772.0,h9siL4CWTe4,606.0,https://www.youtube.com/watch?v=h9siL4CWTe4,2283,6,6,Policing - London - The
334,Policing London The Bow Street Runners Part 3,2019-12-14,1356587,34155.0,566.0,H5l75BSJZo8,590.0,https://www.youtube.com/watch?v=H5l75BSJZo8,2290,6,6,Policing - London - The
332,Policing London His Majesty King Mob Part 4,2019-12-21,1078974,26839.0,574.0,3Y3H42_8LZU,567.0,https://www.youtube.com/watch?v=3Y3H42_8LZU,2297,6,6,Policing - London - The
331,Policing London Scotland Yard at Last Part 5,2019-12-28,1009480,28209.0,969.0,qprhL2Jh2Ds,583.0,https://www.youtube.com/watch?v=qprhL2Jh2Ds,2304,6,6,Policing - London - The
329,Policing London Lies,2020-01-11,131299,2869.0,148.0,Z8zj6TQUi5U,1528.0,https://www.youtube.com/watch?v=Z8zj6TQUi5U,2318,6,6,Policing - London - The
3,Policing London Complete,2025-07-05,261636,8452.0,223.0,H9BYIz0iiV0,2995.0,https://www.youtube.com/watch?v=H9BYIz0iiV0,4320,6,6,Policing - London - The
418,Quantum Computing The Foundation of Everything Part 1,2018-09-16,824249,23083.0,1516.0,iol5936dZho,526.0,https://www.youtube.com/watch?v=iol5936dZho,1836,0,0,Quantum - Computing - The
416,Quantum Computing Electron Boogaloo Part 2,2018-09-23,568170,13562.0,844.0,2i02SQ5SFaU,599.0,https://www.youtube.com/watch?v=2i02SQ5SFaU,1843,0,0,Quantum - Computing - The
414,Quantum Computing The EinsteinBohr Debates Part 3,2018-09-30,605422,16662.0,714.0,8PUi0I02Mdc,652.0,https://www.youtube.com/watch?v=8PUi0I02Mdc,1850,0,0,Quantum - Computing - The
412,Quantum Computing Spooky Action at a Distance Part 4,2018-10-07,427256,12363.0,647.0,sITpTx5GL-w,389.0,https://www.youtube.com/watch?v=sITpTx5GL-w,1857,0,0,Quantum - Computing - The
410,Quantum Computing Decoherence Part 5,2018-10-14,418263,10433.0,465.0,LsxJmHS0cc8,420.0,https://www.youtube.com/watch?v=LsxJmHS0cc8,1864,0,0,Quantum - Computing - The
408,Quantum Computing The World of the Future Part 6,2018-10-21,334341,9918.0,736.0,HWxhQKo3Vh4,544.0,https://www.youtube.com/watch?v=HWxhQKo3Vh4,1871,0,0,Quantum - Computing - The
636,Rome The Punic Wars The First Punic War Part 1,2013-09-06,5128436,67036.0,3038.0,EbBHk_zLTmY,553.0,https://www.youtube.com/watch?v=EbBHk_zLTmY,0,58,58,Rome - The - Punic - Wars - The - Second - Punic - War
635,Rome The Punic Wars The Second Punic War Begins Part 2,2013-09-13,2965306,38130.0,1510.0,lf0-Yki5p40,666.0,https://www.youtube.com/watch?v=lf0-Yki5p40,7,58,58,Rome - The - Punic - Wars - The - Second - Punic - War
634,Rome The Punic Wars The Second Punic War Rages On Part 3,2013-09-20,2527809,35544.0,1798.0,wT_rev5VAQc,758.0,https://www.youtube.com/watch?v=wT_rev5VAQc,14,58,58,Rome - The - Punic - Wars - The - Second - Punic - War
633,Rome The Punic Wars The Conclusion of the Second Punic War Part 4,2013-09-27,2326349,41229.0,2174.0,McT1H-NVCMQ,700.0,https://www.youtube.com/watch?v=McT1H-NVCMQ,21,58,58,Rome - The - Punic - Wars - The - Second - Punic - War
266,Saladin the 3rd Crusade Horns of Hattin Part 1,2021-01-02,1043992,29767.0,1398.0,ReE35Lj_iTs,561.0,https://www.youtube.com/watch?v=ReE35Lj_iTs,2675,79,79,Saladin - the - 3rd - Crusade
265,Saladin the 3rd Crusade Siege of Jerusalem Part 2,2021-01-09,778087,24067.0,1176.0,gzLacGirWWQ,581.0,https://www.youtube.com/watch?v=gzLacGirWWQ,2682,79,79,Saladin - the - 3rd - Crusade
263,Saladin the 3rd Crusade The Third Crusade Part 3,2021-01-16,701444,21893.0,867.0,a8pI7gj0AeA,594.0,https://www.youtube.com/watch?v=a8pI7gj0AeA,2689,79,79,Saladin - the - 3rd - Crusade
262,Saladin the 3rd Crusade Defending Jerusalem Part 4,2021-01-23,615684,20714.0,740.0,fGDs5tOX318,607.0,https://www.youtube.com/watch?v=fGDs5tOX318,2696,79,79,Saladin - the - 3rd - Crusade
260,Saladin the 3rd Crusade A Crusades End Part 5,2021-01-30,586745,23882.0,1039.0,KSiqTA67L2w,580.0,https://www.youtube.com/watch?v=KSiqTA67L2w,2703,79,79,Saladin - the - 3rd - Crusade
258,Saladin the 3rd Crusade Next King of Jerusalem Part 6,2021-02-06,717950,23377.0,925.0,o1s8AJK6sSc,624.0,https://www.youtube.com/watch?v=o1s8AJK6sSc,2710,79,79,Saladin - the - 3rd - Crusade
257,Saladin the 3rd Crusade Lies,2021-02-13,105196,3206.0,300.0,X_QEeWDou4I,1597.0,https://www.youtube.com/watch?v=X_QEeWDou4I,2717,79,79,Saladin - the - 3rd - Crusade
72,The Cult of Mithras Secret Societies 1,2024-04-06,615199,27052.0,805.0,qmv7BhKEDUo,684.0,https://www.youtube.com/watch?v=qmv7BhKEDUo,3865,28,28,Secret - Societies
71,The Illuminati Secret Societies 2,2024-04-13,748356,25345.0,951.0,8_JXIXkDE4s,713.0,https://www.youtube.com/watch?v=8_JXIXkDE4s,3872,28,28,Secret - Societies
70,Knights of the Golden Circle Secret Societies 3,2024-04-20,456884,18172.0,605.0,PCqjbbJvAa4,747.0,https://www.youtube.com/watch?v=PCqjbbJvAa4,3879,28,28,Secret - Societies
69,The Golden Dawn and Aleister Crowley Secret Societies 4,2024-04-27,483332,19299.0,1137.0,_kS_HrYtxF0,669.0,https://www.youtube.com/watch?v=_kS_HrYtxF0,3886,28,28,Secret - Societies
68,The Yakuza Secret Societies 5,2024-05-04,853579,30468.0,640.0,wJqgqEHc3nw,699.0,https://www.youtube.com/watch?v=wJqgqEHc3nw,3893,28,28,Secret - Societies
66,Secret Societies LIES,2024-05-15,150580,2627.0,220.0,opBy-sQ75Vw,1813.0,https://www.youtube.com/watch?v=opBy-sQ75Vw,3904,28,28,Secret - Societies
382,Siege of Vienna Opening Bombardment Part 1,2019-04-06,2414061,57597.0,2878.0,MxZ9coEkd-U,714.0,https://www.youtube.com/watch?v=MxZ9coEkd-U,2038,43,43,Siege - of - Vienna
381,Siege of Vienna Tunnel War Part 2,2019-04-13,3035718,50865.0,1620.0,XxOufHD_Nxw,631.0,https://www.youtube.com/watch?v=XxOufHD_Nxw,2045,43,43,Siege - of - Vienna
380,Siege of Vienna Charge of the Winged Hussars Part 3,2019-04-20,2311064,56849.0,2950.0,-CouQMh_PUo,652.0,https://www.youtube.com/watch?v=-CouQMh_PUo,2052,43,43,Siege - of - Vienna
374,Siege of Vienna Queen Nzinga Lies,2019-05-18,116142,2790.0,218.0,gpXu5AeNVXc,1387.0,https://www.youtube.com/watch?v=gpXu5AeNVXc,2080,43,43,Siege - of - Vienna
57,The Siege of Vienna Complete,2024-07-06,1176459,30208.0,896.0,pE3QWKLaxMs,2091.0,https://www.youtube.com/watch?v=pE3QWKLaxMs,3956,43,43,Siege - of - Vienna
525,Simn Bolvar Reverberations Part 1,2016-11-19,2184327,34092.0,2007.0,80b4ROFoaFY,485.0,https://www.youtube.com/watch?v=80b4ROFoaFY,1170,20,20,Simn - Bolvar
523,Simn Bolvar Leavings and Returns Part 3,2016-12-03,1187609,19650.0,856.0,WGW-kg0b9D0,523.0,https://www.youtube.com/watch?v=WGW-kg0b9D0,1184,20,20,Simn - Bolvar
522,Simn Bolvar Defeat is Not Surrender Part 4,2016-12-10,1146601,20088.0,810.0,Ie0IoiQQFKA,647.0,https://www.youtube.com/watch?v=Ie0IoiQQFKA,1191,20,20,Simn - Bolvar
521,Simn Bolvar Heavy is the Head Part 5,2016-12-17,959251,17466.0,611.0,90Chn1wgm_M,485.0,https://www.youtube.com/watch?v=90Chn1wgm_M,1198,20,20,Simn - Bolvar
520,Simn Bolvar All Good Things Part 6,2016-12-24,929139,20678.0,1329.0,x_M2LX980Aw,586.0,https://www.youtube.com/watch?v=x_M2LX980Aw,1205,20,20,Simn - Bolvar
519,Simn Bolvar Lies,2017-01-21,240735,4770.0,489.0,wl9GKgwoyxw,1138.0,https://www.youtube.com/watch?v=wl9GKgwoyxw,1233,20,20,Simn - Bolvar
242,Climbing the Matterhorn Death Mountain Part 1,2021-05-08,352118,13973.0,428.0,XXhx-HhsZg4,614.0,https://www.youtube.com/watch?v=XXhx-HhsZg4,2801,13,13,Sitting - Bull
91,Shootout at the OK Corral The Showdown Part 2,2023-12-09,346657,14905.0,366.0,mLQidyCs_EE,632.0,https://www.youtube.com/watch?v=mLQidyCs_EE,3746,13,13,Sitting - Bull
79,Sitting Bull Origin of a Legend Part 1,2024-02-17,404742,16983.0,435.0,CSa-aSM59JE,670.0,https://www.youtube.com/watch?v=CSa-aSM59JE,3816,13,13,Sitting - Bull
78,Sitting Bull No Reservations Part 2,2024-02-24,266266,12178.0,396.0,WI7TTeqrZm4,644.0,https://www.youtube.com/watch?v=WI7TTeqrZm4,3823,13,13,Sitting - Bull
77,Sitting Bull Battle of the Little Bighorn Part 3,2024-03-02,268219,12630.0,307.0,QYmyL9kwIJ4,646.0,https://www.youtube.com/watch?v=QYmyL9kwIJ4,3830,13,13,Sitting - Bull
76,The Murder of Sitting Bull Part 4,2024-03-09,230773,12067.0,576.0,YivoXjsOCPU,717.0,https://www.youtube.com/watch?v=YivoXjsOCPU,3837,13,13,Sitting - Bull
73,Sitting Bull LIES,2024-03-30,76446,2086.0,168.0,Z_UraQtpL9E,1489.0,https://www.youtube.com/watch?v=Z_UraQtpL9E,3858,13,13,Sitting - Bull
569,Suleiman the Magnificent Hero of All That Is Part 1,2016-03-12,3124140,47830.0,2509.0,JGZSkLq3Eng,470.0,https://www.youtube.com/watch?v=JGZSkLq3Eng,918,41,41,Suleiman - the - Magnificent
568,Suleiman the Magnificent Master of the World Part 2,2016-03-19,2115713,31516.0,1684.0,pNYIZJew4oE,487.0,https://www.youtube.com/watch?v=pNYIZJew4oE,925,41,41,Suleiman - the - Magnificent
566,Suleiman the Magnificent Sultan of Sultans 3,2016-03-26,1913605,29992.0,1751.0,DqN0EFFUA6w,502.0,https://www.youtube.com/watch?v=DqN0EFFUA6w,932,41,41,Suleiman - the - Magnificent
564,Suleiman the Magnificent The Shadow of God Part 4,2016-04-02,1737582,28328.0,1305.0,JH4jcSFOx70,473.0,https://www.youtube.com/watch?v=JH4jcSFOx70,939,41,41,Suleiman - the - Magnificent
562,Suleiman the Magnificent Slave of God Part 5,2016-04-09,1622409,26030.0,2216.0,S7p4AcTBG7o,565.0,https://www.youtube.com/watch?v=S7p4AcTBG7o,946,41,41,Suleiman - the - Magnificent
560,Suleiman the Magnificent Custodian of the Two Holy Mosques Part 6,2016-04-16,1484032,30436.0,2758.0,5gTjfYqiBqg,499.0,https://www.youtube.com/watch?v=5gTjfYqiBqg,953,41,41,Suleiman - the - Magnificent
558,Suleiman the Magnificent Lies,2016-04-23,451835,8244.0,888.0,ltT_CvI5wv0,1456.0,https://www.youtube.com/watch?v=ltT_CvI5wv0,960,41,41,Suleiman - the - Magnificent
398,Sun Yatsen A Killing in Hong Kong Part 1,2018-12-16,1968460,39283.0,1563.0,01vuhp5WgXM,676.0,https://www.youtube.com/watch?v=01vuhp5WgXM,1927,17,17,Sun - Yatsen - A
397,Sun Yatsen A Kidnapping in London Part 2,2018-12-22,1441603,28297.0,1206.0,bt1TZHXkQ4Y,648.0,https://www.youtube.com/watch?v=bt1TZHXkQ4Y,1933,17,17,Sun - Yatsen - A
396,Sun Yatsen An Army in Exile Part 3,2019-01-12,1145648,25527.0,1030.0,uOIdiZ2zjUU,647.0,https://www.youtube.com/watch?v=uOIdiZ2zjUU,1954,17,17,Sun - Yatsen - A
395,Sun Yatsen A Bombing in Wuchang Part 4,2019-01-19,983066,23960.0,932.0,ibj1IZ-w60s,614.0,https://www.youtube.com/watch?v=ibj1IZ-w60s,1961,17,17,Sun - Yatsen - A
394,Sun Yatsen A Dream of China Part 5,2019-01-26,1001352,27613.0,1553.0,2iWELGVrJKE,681.0,https://www.youtube.com/watch?v=2iWELGVrJKE,1968,17,17,Sun - Yatsen - A
390,Sun Yatsen Lies,2019-02-09,142847,3203.0,247.0,9ZMU4VT2amo,1375.0,https://www.youtube.com/watch?v=9ZMU4VT2amo,1982,17,17,Sun - Yatsen - A
20,Sun Yatsen Complete,2025-02-15,606170,14449.0,436.0,sUi-yNyCNek,3300.0,https://www.youtube.com/watch?v=sUi-yNyCNek,4180,17,17,Sun - Yatsen - A
255,Teddy Roosevelt the Trustbuster Big Oil Part 1,2021-02-20,1566903,44370.0,1769.0,reWe7POryt0,707.0,https://www.youtube.com/watch?v=reWe7POryt0,2724,7,7,Teddy - Roosevelt - the - Trustbuster
254,Teddy Roosevelt the Trustbuster The Regulators Part 2,2021-02-27,1019079,31453.0,1282.0,xDEibXPtIRQ,709.0,https://www.youtube.com/watch?v=xDEibXPtIRQ,2731,7,7,Teddy - Roosevelt - the - Trustbuster
252,Teddy Roosevelt the Trustbuster Breaking Standard Part 3,2021-03-06,857068,27278.0,880.0,FO_w4G_YWcE,696.0,https://www.youtube.com/watch?v=FO_w4G_YWcE,2738,7,7,Teddy - Roosevelt - the - Trustbuster
251,Teddy Roosevelt the Trustbuster Trainwreck Part 4,2021-03-13,727887,24278.0,1040.0,wRlShGD4QwI,653.0,https://www.youtube.com/watch?v=wRlShGD4QwI,2745,7,7,Teddy - Roosevelt - the - Trustbuster
250,Teddy Roosevelt the Trustbuster Meatgrinder Part 5,2021-03-20,657816,24006.0,796.0,XXos-XlCooI,694.0,https://www.youtube.com/watch?v=XXos-XlCooI,2752,7,7,Teddy - Roosevelt - the - Trustbuster
248,Teddy Roosevelt the Trustbuster Lies,2021-04-03,79718,2478.0,236.0,4TRS4TiEUxE,1699.0,https://www.youtube.com/watch?v=4TRS4TiEUxE,2766,7,7,Teddy - Roosevelt - the - Trustbuster
9,Theodore Roosevelt Trustbuster Complete,2025-05-10,441456,13806.0,526.0,qhweYlMlk3s,2962.0,https://www.youtube.com/watch?v=qhweYlMlk3s,4264,7,7,Teddy - Roosevelt - the - Trustbuster
2,The Tariff King President William McKinley 1,2025-07-12,314260,15450.0,893.0,_lWCFazfhL0,1103.0,https://www.youtube.com/watch?v=_lWCFazfhL0,4327,7,7,Teddy - Roosevelt - the - Trustbuster
430,The 1918 Flu Pandemic Emergence Part 1,2018-07-07,3584694,58943.0,5318.0,XQ9WX4qVxEo,561.0,https://www.youtube.com/watch?v=XQ9WX4qVxEo,1765,18,18,The - 1918 - Flu - Pandemic
429,The 1918 Flu Pandemic Trench Fever Part 2,2018-07-14,1958594,33865.0,1834.0,Gt-VQGNiSWU,570.0,https://www.youtube.com/watch?v=Gt-VQGNiSWU,1772,18,18,The - 1918 - Flu - Pandemic
428,The 1918 Flu Pandemic Order More Coffins Part 3,2018-07-21,1613769,31007.0,1999.0,RHlYBBZL_y8,610.0,https://www.youtube.com/watch?v=RHlYBBZL_y8,1779,18,18,The - 1918 - Flu - Pandemic
426,The 1918 Flu Pandemic Fighting the Ghost Part 4,2018-07-28,1558284,29189.0,2100.0,dHGz4QvDVlM,593.0,https://www.youtube.com/watch?v=dHGz4QvDVlM,1786,18,18,The - 1918 - Flu - Pandemic
425,The 1918 Flu Pandemic Leviathan Part 5,2018-08-04,1544948,29274.0,2015.0,QSxaojFNAsU,626.0,https://www.youtube.com/watch?v=QSxaojFNAsU,1793,18,18,The - 1918 - Flu - Pandemic
424,The 1918 Flu Pandemic The Forgotten Plague Part 6,2018-08-11,1421407,36083.0,4078.0,NSLKFwXBdbg,625.0,https://www.youtube.com/watch?v=NSLKFwXBdbg,1800,18,18,The - 1918 - Flu - Pandemic
423,The 1918 Flu Pandemic Lies,2018-08-18,288787,5776.0,601.0,fyyes_IMNoo,1219.0,https://www.youtube.com/watch?v=fyyes_IMNoo,1807,18,18,The - 1918 - Flu - Pandemic
504,The Articles of Confederation Becoming the United States Part 1,2017-05-06,2824850,34493.0,1657.0,C6rHSiN0vKk,570.0,https://www.youtube.com/watch?v=C6rHSiN0vKk,1338,10,10,The - Articles - of - Confederation
502,The Articles of Confederation Ratification Part 2,2017-05-13,1571495,20636.0,858.0,lPLA_VPMsUg,469.0,https://www.youtube.com/watch?v=lPLA_VPMsUg,1345,10,10,The - Articles - of - Confederation
500,The Articles of Confederation Finding Finances Part 3,2017-05-20,1337339,21237.0,1191.0,nLvRJpDjxVk,605.0,https://www.youtube.com/watch?v=nLvRJpDjxVk,1352,10,10,The - Articles - of - Confederation
498,The Articles of Confederation Constitutional Convention Part 4,2017-05-27,1325837,24105.0,1029.0,wds6kpbpLlA,676.0,https://www.youtube.com/watch?v=wds6kpbpLlA,1359,10,10,The - Articles - of - Confederation
492,The Articles of Confederation Lies,2017-06-17,288866,3206.0,276.0,nr9NsS2FDIA,2468.0,https://www.youtube.com/watch?v=nr9NsS2FDIA,1380,10,10,The - Articles - of - Confederation
575,The Battle of Kursk 1 Operation Barbarossa WW2,2016-02-15,3827918,49141.0,3136.0,C-UvLZSK3CI,504.0,https://www.youtube.com/watch?v=C-UvLZSK3CI,892,67,67,The - Battle - of - Kursk
571,The Battle of Kursk 2 Preparations WW2,2016-02-29,2504465,38460.0,1343.0,QdK2Sim_ZRU,464.0,https://www.youtube.com/watch?v=QdK2Sim_ZRU,906,67,67,The - Battle - of - Kursk
567,The Battle of Kursk 3 Operation Citadel WW2,2016-03-21,2196100,29546.0,1155.0,6udnj7PvZZ8,468.0,https://www.youtube.com/watch?v=6udnj7PvZZ8,927,67,67,The - Battle - of - Kursk
565,The Battle of Kursk 4 Control of the Eastern Front WW2,2016-03-28,1990388,29930.0,1715.0,rQlFi9s_e2s,462.0,https://www.youtube.com/watch?v=rQlFi9s_e2s,934,67,67,The - Battle - of - Kursk
403,Defense of Poland 1 The Battle of the Border WW2,2018-11-22,2413860,47777.0,3472.0,I47vCycUSW4,741.0,https://www.youtube.com/watch?v=I47vCycUSW4,1903,67,67,The - Battle - of - Kursk
401,Defense of Poland 2 Under Siege WW2,2018-11-29,1498858,35346.0,2973.0,20fFU_OqB0M,711.0,https://www.youtube.com/watch?v=20fFU_OqB0M,1910,67,67,The - Battle - of - Kursk
363,The Warsaw Uprising The Unstoppable Spirit of the Polish Resistance WW2,2019-08-01,2192427,67205.0,4674.0,9BjIYKq4CVk,653.0,https://www.youtube.com/watch?v=9BjIYKq4CVk,2155,67,67,The - Battle - of - Kursk
490,The Bronze Age Collapse Before the Storm Part 1,2017-06-24,3697895,61873.0,2650.0,KkMP328eU5Q,466.0,https://www.youtube.com/watch?v=KkMP328eU5Q,1387,35,35,The - Bronze - Age - Collapse
487,The Bronze Age Collapse Fire and Sword Part 3,2017-07-08,2119666,39205.0,2195.0,y-8uv4D7cOE,490.0,https://www.youtube.com/watch?v=y-8uv4D7cOE,1401,35,35,The - Bronze - Age - Collapse
486,The Bronze Age Collapse Systems Collapse Part 4,2017-07-15,1885283,46294.0,2663.0,3HaqpSPVhW8,618.0,https://www.youtube.com/watch?v=3HaqpSPVhW8,1408,35,35,The - Bronze - Age - Collapse
482,The Bronze Age Collapse Lies,2017-08-12,471551,6619.0,540.0,f_eTD0NxTvw,1080.0,https://www.youtube.com/watch?v=f_eTD0NxTvw,1436,35,35,The - Bronze - Age - Collapse
542,The Brothers Gracchi How Republics Fall Part 1,2016-08-06,2249414,31470.0,1922.0,ODI1VOOoey0,508.0,https://www.youtube.com/watch?v=ODI1VOOoey0,1065,16,16,The - Brothers - Gracchi
541,The Brothers Gracchi Populares Part 2,2016-08-13,1541721,22804.0,1128.0,FC2Hvg7RdSY,442.0,https://www.youtube.com/watch?v=FC2Hvg7RdSY,1072,16,16,The - Brothers - Gracchi
540,The Brothers Gracchi Ochlocracy Part 3,2016-08-20,1329767,20400.0,682.0,kpFmzkxd-HI,365.0,https://www.youtube.com/watch?v=kpFmzkxd-HI,1079,16,16,The - Brothers - Gracchi
538,The Brothers Gracchi Enter Gaius Part 4,2016-08-27,1294269,21325.0,542.0,WpL7xwCBM34,442.0,https://www.youtube.com/watch?v=WpL7xwCBM34,1086,16,16,The - Brothers - Gracchi
536,The Brothers Gracchi The Final Fall Part 5,2016-09-03,1149422,20457.0,967.0,nfZWu6PsUHI,433.0,https://www.youtube.com/watch?v=nfZWu6PsUHI,1093,16,16,The - Brothers - Gracchi
535,The Brothers Gracchi Gracchus the Elder Prequel In His Footsteps Part 6,2016-09-10,1090713,19444.0,708.0,cXRzijwTcGQ,694.0,https://www.youtube.com/watch?v=cXRzijwTcGQ,1100,16,16,The - Brothers - Gracchi
534,The Brothers Gracchi Lies,2016-09-24,276139,4539.0,422.0,UZhcMftzjMU,1050.0,https://www.youtube.com/watch?v=UZhcMftzjMU,1114,16,16,The - Brothers - Gracchi
112,Siddhartha and Ancient Buddhism The Buddhist Expansion Part 1,2023-07-29,432569,17040.0,703.0,jMX-YgdFwd4,671.0,https://www.youtube.com/watch?v=jMX-YgdFwd4,3613,52,52,The - Buddhist - Expansion - Part
111,Serial Killer Monk The Buddhist Expansion Part 2,2023-08-05,315634,12896.0,374.0,WTLLdDdiXlw,704.0,https://www.youtube.com/watch?v=WTLLdDdiXlw,3620,52,52,The - Buddhist - Expansion - Part
110,Ashoka the Great The Buddhist Expansion Part 3,2023-08-12,314736,12201.0,507.0,Vpv6ZsXR1aA,753.0,https://www.youtube.com/watch?v=Vpv6ZsXR1aA,3627,52,52,The - Buddhist - Expansion - Part
109,Stealing Buddha The Buddhist Expansion Part 4,2023-08-19,231543,9738.0,306.0,jXlqn8ISEGU,694.0,https://www.youtube.com/watch?v=jXlqn8ISEGU,3634,52,52,The - Buddhist - Expansion - Part
108,Across the Silk Road The Buddhist Expansion Part 5,2023-08-26,219459,9908.0,319.0,j6Gofj-wR2Y,729.0,https://www.youtube.com/watch?v=j6Gofj-wR2Y,3641,52,52,The - Buddhist - Expansion - Part
107,Abandonment to Enlightenment The Buddhas Wife,2023-09-02,285872,12398.0,548.0,lnqdehuG_xE,781.0,https://www.youtube.com/watch?v=lnqdehuG_xE,3648,52,52,The - Buddhist - Expansion - Part
106,The Buddhist Expansion LIES,2023-09-09,41939,1562.0,98.0,eg1vJBWy5H0,2124.0,https://www.youtube.com/watch?v=eg1vJBWy5H0,3655,52,52,The - Buddhist - Expansion - Part
119,World War Zero The Crimean War Part 1,2023-06-10,1275896,37670.0,1790.0,yhudiiackzw,759.0,https://www.youtube.com/watch?v=yhudiiackzw,3564,61,61,The - Crimean - War - Part
118,If it Bleeds it Leads The Crimean War Part 2,2023-06-17,808342,25374.0,520.0,R7xsbDKlyXA,641.0,https://www.youtube.com/watch?v=R7xsbDKlyXA,3571,61,61,The - Crimean - War - Part
117,The Battle of Alma The Crimean War Part 3,2023-06-24,658580,21932.0,486.0,oxGbjg1S5H0,677.0,https://www.youtube.com/watch?v=oxGbjg1S5H0,3578,61,61,The - Crimean - War - Part
116,Into the Valley of Death The Crimean War Part 4,2023-07-01,575070,19792.0,457.0,c3y6ip22iF8,650.0,https://www.youtube.com/watch?v=c3y6ip22iF8,3585,61,61,The - Crimean - War - Part
115,Storming Sevastopol The Crimean War Part 5,2023-07-08,531847,19915.0,592.0,-tHq9S0rT9s,712.0,https://www.youtube.com/watch?v=-tHq9S0rT9s,3592,61,61,The - Crimean - War - Part
114,When the Crimean War Went Full FUBAR,2023-07-15,414149,15494.0,406.0,LlzIvneMCII,679.0,https://www.youtube.com/watch?v=LlzIvneMCII,3599,61,61,The - Crimean - War - Part
113,The Crimean War LIES,2023-07-22,74617,1955.0,83.0,SKWbQ62fIE0,1736.0,https://www.youtube.com/watch?v=SKWbQ62fIE0,3606,61,61,The - Crimean - War - Part
444,The Empire of Mali The Twang of a Bow Part 1,2018-04-14,2325963,37903.0,1748.0,UkayShPilkw,530.0,https://www.youtube.com/watch?v=UkayShPilkw,1681,65,65,The - Empire - of - Mali - The
443,The Empire of Mali An Empire of Trade and Faith Part 2,2018-04-21,1465549,28294.0,1351.0,YPytwp5ll9g,619.0,https://www.youtube.com/watch?v=YPytwp5ll9g,1688,65,65,The - Empire - of - Mali - The
442,The Empire of Mali Mansa Musa Part 3,2018-04-28,1491062,26310.0,1339.0,4-Un2xx6Pzo,490.0,https://www.youtube.com/watch?v=4-Un2xx6Pzo,1695,65,65,The - Empire - of - Mali - The
441,The Empire of Mali The Cracks Begin to Show Part 4,2018-05-05,978733,19676.0,915.0,lkTF0TGBDNc,538.0,https://www.youtube.com/watch?v=lkTF0TGBDNc,1702,65,65,The - Empire - of - Mali - The
440,The Empire of Mali The Final Bloody Act Part 5,2018-05-12,845071,21099.0,1021.0,Mi79VdOCXGc,652.0,https://www.youtube.com/watch?v=Mi79VdOCXGc,1709,65,65,The - Empire - of - Mali - The
439,The Empire of Mali Lies,2018-05-19,147738,3212.0,199.0,-DWZUvDleSQ,870.0,https://www.youtube.com/watch?v=-DWZUvDleSQ,1716,65,65,The - Empire - of - Mali - The
328,The Haitian Revolution The Slave Society Part 1,2020-01-18,1168204,31934.0,1247.0,tYGS8Ll5mw4,552.0,https://www.youtube.com/watch?v=tYGS8Ll5mw4,2325,23,23,The - Haitian - Revolution - The
327,The Haitian Revolution The Long Fuse Part 2,2020-01-25,815692,22837.0,694.0,B-MV8gTNoC0,550.0,https://www.youtube.com/watch?v=B-MV8gTNoC0,2332,23,23,The - Haitian - Revolution - The
326,The Haitian Revolution Fire and Freedom Part 3,2020-02-01,761749,21668.0,707.0,rqyygI_9DN8,548.0,https://www.youtube.com/watch?v=rqyygI_9DN8,2339,23,23,The - Haitian - Revolution - The
325,The Haitian Revolution Liberation Part 4,2020-02-08,674053,20300.0,650.0,KfLskhmVd7k,572.0,https://www.youtube.com/watch?v=KfLskhmVd7k,2346,23,23,The - Haitian - Revolution - The
324,The Haitian Revolution The War of Knives Part 5,2020-02-15,606108,18787.0,621.0,Yjerh4HM6Ro,587.0,https://www.youtube.com/watch?v=Yjerh4HM6Ro,2353,23,23,The - Haitian - Revolution - The
323,The Haitian Revolution Roots of Liberty Part 6,2020-02-22,572048,20066.0,1288.0,-z0NqTEtJyg,560.0,https://www.youtube.com/watch?v=-z0NqTEtJyg,2360,23,23,The - Haitian - Revolution - The
322,The Haitian Revolution Lies,2020-02-29,112300,2974.0,172.0,oOeLmULRaco,1561.0,https://www.youtube.com/watch?v=oOeLmULRaco,2367,23,23,The - Haitian - Revolution - The
438,The History of NonEuclidean Geometry Sacred Geometry Part 1,2018-05-26,1738029,39466.0,1821.0,nkvVR-sKJT8,437.0,https://www.youtube.com/watch?v=nkvVR-sKJT8,1723,4,4,The - History - of - NonEuclidean - Geometry
437,The History of NonEuclidean Geometry The Great Quest Part 2,2018-06-02,1207163,30587.0,1460.0,vUWKMo5scKY,483.0,https://www.youtube.com/watch?v=vUWKMo5scKY,1730,4,4,The - History - of - NonEuclidean - Geometry
435,The History of NonEuclidean Geometry Squaring the Circle Part 3,2018-06-09,1000917,25290.0,1303.0,H74AayZkpXg,594.0,https://www.youtube.com/watch?v=H74AayZkpXg,1737,4,4,The - History - of - NonEuclidean - Geometry
433,The History of NonEuclidean Geometry A Most Terrible Possibility Part 4,2018-06-16,984696,23664.0,1227.0,i5goUkT1irw,472.0,https://www.youtube.com/watch?v=i5goUkT1irw,1744,4,4,The - History - of - NonEuclidean - Geometry
432,The History of NonEuclidean Geometry The World We Know Part 5,2018-06-23,865927,29645.0,1324.0,RJHi7xJV7QY,523.0,https://www.youtube.com/watch?v=RJHi7xJV7QY,1751,4,4,The - History - of - NonEuclidean - Geometry
431,History of NonEuclidean Geometry Lies Part 6 Part 6,2018-06-30,167535,3886.0,238.0,icpzi9sX_58,712.0,https://www.youtube.com/watch?v=icpzi9sX_58,1758,4,4,The - History - of - NonEuclidean - Geometry
533,The History of Paper Money Origins of Exchange Part 1,2016-10-01,3243492,47135.0,2072.0,-nZkP2b-4vo,494.0,https://www.youtube.com/watch?v=-nZkP2b-4vo,1121,9,9,The - History - of - Paper - Money
532,The History of Paper Money Not Just Noodles Part 2,2016-10-08,2058460,31490.0,1041.0,rPHTmGjoe2k,466.0,https://www.youtube.com/watch?v=rPHTmGjoe2k,1128,9,9,The - History - of - Paper - Money
531,The History of Paper Money Barebones Economy Part 3,2016-10-15,1725606,28143.0,1013.0,GKtNuzakzMA,452.0,https://www.youtube.com/watch?v=GKtNuzakzMA,1135,9,9,The - History - of - Paper - Money
530,The History of Paper Money Lay Down the Law Part 4,2016-10-22,1564520,24700.0,990.0,lzH1p3t2oRE,516.0,https://www.youtube.com/watch?v=lzH1p3t2oRE,1142,9,9,The - History - of - Paper - Money
529,The History of Paper Money Working out the Kinks Part 5,2016-10-29,1409667,23060.0,988.0,LrB9bS2VOLE,560.0,https://www.youtube.com/watch?v=LrB9bS2VOLE,1149,9,9,The - History - of - Paper - Money
528,The History of Paper Money The Gold Standard Part 6,2016-11-05,1432458,30858.0,2005.0,GNo7MDN5-0g,600.0,https://www.youtube.com/watch?v=GNo7MDN5-0g,1156,9,9,The - History - of - Paper - Money
526,The History of Paper Money Lies,2016-11-12,390904,6595.0,965.0,s31ESRvR1p4,1823.0,https://www.youtube.com/watch?v=s31ESRvR1p4,1163,9,9,The - History - of - Paper - Money
359,The Inca Empire Out of Thin Air Part 1,2019-08-24,1292415,31120.0,1202.0,I-9z_Jc81fw,601.0,https://www.youtube.com/watch?v=I-9z_Jc81fw,2178,69,69,The - Inca - Empire
358,The Inca Empire EarthShaker Part 2,2019-08-31,852173,22459.0,731.0,y2JiCR3djFI,663.0,https://www.youtube.com/watch?v=y2JiCR3djFI,2185,69,69,The - Inca - Empire
357,The Inca Empire Life of a Dead Emperor Part 3,2019-09-07,696083,18112.0,654.0,5D8mIYp1Qnc,589.0,https://www.youtube.com/watch?v=5D8mIYp1Qnc,2192,69,69,The - Inca - Empire
356,The Inca Empire Andean Apocalypse Part 4,2019-09-14,604308,16918.0,586.0,DaVQA6cUQ9Q,621.0,https://www.youtube.com/watch?v=DaVQA6cUQ9Q,2199,69,69,The - Inca - Empire
351,Inca Empire Lies,2019-10-05,68801,2043.0,154.0,e96B2arsdkc,1442.0,https://www.youtube.com/watch?v=e96B2arsdkc,2220,69,69,The - Inca - Empire
159,Seeds of Rebellion The Irish Easter Rising Part 1,2022-10-09,703323,22611.0,716.0,YWMWUJXF--I,753.0,https://www.youtube.com/watch?v=YWMWUJXF--I,3320,70,70,The - Irish - Easter - Rising - Part
158,The Eve of Revolution The Irish Easter Rising Part 2,2022-10-15,461082,15119.0,341.0,v1BiUVP9e4U,710.0,https://www.youtube.com/watch?v=v1BiUVP9e4U,3326,70,70,The - Irish - Easter - Rising - Part
157,The Battle for Dublin The Irish Easter Rising Part 3,2022-10-22,405900,13956.0,476.0,qP1cXrgQ71E,647.0,https://www.youtube.com/watch?v=qP1cXrgQ71E,3333,70,70,The - Irish - Easter - Rising - Part
156,Rise and Fall The Irish Easter Rising Part 4,2022-10-29,338765,12818.0,308.0,Qzvv9IgNiKM,715.0,https://www.youtube.com/watch?v=Qzvv9IgNiKM,3340,70,70,The - Irish - Easter - Rising - Part
155,Death and Rebirth The Irish Easter Rising Part 5,2022-11-05,301627,12507.0,473.0,7UHamkZ3qKU,704.0,https://www.youtube.com/watch?v=7UHamkZ3qKU,3347,70,70,The - Irish - Easter - Rising - Part
153,The Irish Easter Rising LIES,2022-11-19,52615,1582.0,134.0,zNPkBXKW784,1506.0,https://www.youtube.com/watch?v=zNPkBXKW784,3361,70,70,The - Irish - Easter - Rising - Part
96,The Little Ice Age Climate Change Part 1,2023-11-04,515104,17964.0,712.0,b9QQWxqQhM8,649.0,https://www.youtube.com/watch?v=b9QQWxqQhM8,3711,30,30,The - Little - Ice - Age
95,The Little Ice Age No More Food Part 2,2023-11-11,335463,12569.0,240.0,_J6UYePC40w,587.0,https://www.youtube.com/watch?v=_J6UYePC40w,3718,30,30,The - Little - Ice - Age
94,Little Ice Age The Witch Hunts Part 3,2023-11-18,282444,10886.0,435.0,lTgAIxA1f8w,624.0,https://www.youtube.com/watch?v=lTgAIxA1f8w,3725,30,30,The - Little - Ice - Age
93,Little Ice Age The Year Without a Summer Part 4,2023-11-25,271940,11028.0,463.0,jp9QwfW-nDQ,645.0,https://www.youtube.com/watch?v=jp9QwfW-nDQ,3732,30,30,The - Little - Ice - Age
89,The Little Ice Age LIES,2023-12-16,49882,1503.0,123.0,GLBSZN5Kvx0,1622.0,https://www.youtube.com/watch?v=GLBSZN5Kvx0,3753,30,30,The - Little - Ice - Age
29,The Pazzi Conspiracy 1 The Popes Plot,2024-12-14,439686,15978.0,460.0,3a80aHHIqZ0,722.0,https://www.youtube.com/watch?v=3a80aHHIqZ0,4117,14,14,The - Pazzi - Conspiracy
28,The Pazzi Conspiracy 2 Blood in the Cathedral,2024-12-21,298602,12608.0,299.0,iZ7ZwxcfMmM,566.0,https://www.youtube.com/watch?v=iZ7ZwxcfMmM,4124,14,14,The - Pazzi - Conspiracy
27,The Pazzi Conspiracy 3 Street Justice,2024-12-28,276729,12285.0,471.0,EGmv70-WQyo,608.0,https://www.youtube.com/watch?v=EGmv70-WQyo,4131,14,14,The - Pazzi - Conspiracy
26,The Pazzi Conspiracy 4 Well Executed,2025-01-04,269370,12187.0,274.0,-dDwWxU8BiA,611.0,https://www.youtube.com/watch?v=-dDwWxU8BiA,4138,14,14,The - Pazzi - Conspiracy
24,The Pazzi Conspiracy LIES,2025-01-15,70143,2194.0,142.0,pdkWyqjD1M0,1838.0,https://www.youtube.com/watch?v=pdkWyqjD1M0,4149,14,14,The - Pazzi - Conspiracy
294,Rome The Third Century Crisis Taking A Stab At It Part 1,2020-08-08,1308985,35139.0,1672.0,qNDE113vs28,570.0,https://www.youtube.com/watch?v=qNDE113vs28,2528,57,57,Third - Century - Crisis
292,Third Century Crisis Enter Aurelian Part 2,2020-08-15,899598,24360.0,1012.0,fyyJbOGI7A0,567.0,https://www.youtube.com/watch?v=fyyJbOGI7A0,2535,57,57,Third - Century - Crisis
291,Third Century Crisis Not Diocletian Part 3,2020-08-22,818130,23432.0,996.0,lV8u3TS0CRw,595.0,https://www.youtube.com/watch?v=lV8u3TS0CRw,2542,57,57,Third - Century - Crisis
289,Third Century Crisis The Tetrarchy Part 4,2020-08-29,735129,21913.0,627.0,vBFVRV5vsp4,595.0,https://www.youtube.com/watch?v=vBFVRV5vsp4,2549,57,57,Third - Century - Crisis
287,Third Century Crisis The Great Persecution Part 5,2020-09-05,716835,22070.0,1249.0,n2-pPpWC7Is,582.0,https://www.youtube.com/watch?v=n2-pPpWC7Is,2556,57,57,Third - Century - Crisis
284,Third Century Crisis Lies,2020-09-19,113430,3009.0,243.0,OmmEqC90W7g,1395.0,https://www.youtube.com/watch?v=OmmEqC90W7g,2570,57,57,Third - Century - Crisis
13,Third Century Crisis Complete,2025-04-12,560961,13695.0,453.0,vxkOwsBAJck,2908.0,https://www.youtube.com/watch?v=vxkOwsBAJck,4236,57,57,Third - Century - Crisis
239,Thirty Years War Conquest Part 1,2021-05-29,980994,28843.0,1143.0,GaPU1-vMQOI,669.0,https://www.youtube.com/watch?v=GaPU1-vMQOI,2822,74,74,Thirty - Years - War
235,Thirty Years War Death Part 4,2021-06-19,509799,17184.0,558.0,UxVgLvjJXaE,676.0,https://www.youtube.com/watch?v=UxVgLvjJXaE,2843,74,74,Thirty - Years - War
232,Thirty Years War LIES,2021-07-10,98494,2884.0,276.0,i7VR_tqIhxI,1532.0,https://www.youtube.com/watch?v=i7VR_tqIhxI,2864,74,74,Thirty - Years - War
16,The Thirty Years War Complete,2025-03-15,706684,18490.0,561.0,CaMe0SVcCKc,2817.0,https://www.youtube.com/watch?v=CaMe0SVcCKc,4208,74,74,Thirty - Years - War
180,Farming Gold Tulip Mania Part 2,2022-05-14,448930,16510.0,421.0,BgBdUWL85nI,612.0,https://www.youtube.com/watch?v=BgBdUWL85nI,3172,21,21,Tulip - Mania - Part
179,To the Moon Tulip Mania Part 3,2022-05-21,411605,15428.0,416.0,h8Ng74D_9_Q,606.0,https://www.youtube.com/watch?v=h8Ng74D_9_Q,3179,21,21,Tulip - Mania - Part
178,The Crash Tulip Mania Part 4,2022-05-28,371188,15098.0,384.0,GpDxENI64zI,580.0,https://www.youtube.com/watch?v=GpDxENI64zI,3186,21,21,Tulip - Mania - Part
176,Eternal Madness Tulip Mania Part 5,2022-06-04,339655,14446.0,425.0,7GApMtJ1QZQ,626.0,https://www.youtube.com/watch?v=7GApMtJ1QZQ,3193,21,21,Tulip - Mania - Part
174,Tulip Mania LIES,2022-06-18,57347,1757.0,151.0,ZbuFKZVdMUo,1977.0,https://www.youtube.com/watch?v=ZbuFKZVdMUo,3207,21,21,Tulip - Mania - Part
632,Please Support on Patreon,2014-08-23,91388,3974.0,502.0,SZPT-sCSFq0,136.0,https://www.youtube.com/watch?v=SZPT-sCSFq0,351,-1,-1,Unclustered
611,Africa Zulu Empire Diamonds in South Africa Part 3,2015-05-30,1753374,25119.0,1169.0,-JG-5otw0O8,544.0,https://www.youtube.com/watch?v=-JG-5otw0O8,631,-1,-1,Unclustered
600,Europe The First Crusade Peter the Hermit Part 2,2015-08-15,2734643,36380.0,2565.0,aAodRUPN7lE,531.0,https://www.youtube.com/watch?v=aAodRUPN7lE,708,-1,-1,Unclustered
598,Europe The First Crusade Men of Iron Part 4,2015-08-29,2355016,33511.0,1207.0,UdzsMEHUBrQ,616.0,https://www.youtube.com/watch?v=UdzsMEHUBrQ,722,-1,-1,Unclustered
597,Europe The First Crusade Siege of Antioch Part 5,2015-09-05,2165897,29904.0,1011.0,ZvUibFUJFKM,537.0,https://www.youtube.com/watch?v=ZvUibFUJFKM,729,-1,-1,Unclustered
588,Middle East Palmyra Today Afterword,2015-10-31,455160,13585.0,1322.0,v-GgknZYu3s,203.0,https://www.youtube.com/watch?v=v-GgknZYu3s,785,-1,-1,Unclustered
589,Middle East Odenathus Ghosts of the Desert,2015-10-31,1474204,26269.0,1030.0,0Pf6PMSB8uo,501.0,https://www.youtube.com/watch?v=0Pf6PMSB8uo,785,-1,-1,Unclustered
581,Mary Seacole A Bold Front to Fortune Part 1,2016-01-09,1844004,30603.0,1335.0,xT9BTuBtCJs,558.0,https://www.youtube.com/watch?v=xT9BTuBtCJs,855,-1,-1,Unclustered
580,Mary Seacole Mother Seacole in the Crimea Part 2,2016-01-16,1385358,37242.0,1607.0,eADLWvWqK5Q,608.0,https://www.youtube.com/watch?v=eADLWvWqK5Q,862,-1,-1,Unclustered
551,The History of Writing Where the Story Begins,2016-06-04,2043848,49846.0,3339.0,HyjLt_RGEww,429.0,https://www.youtube.com/watch?v=HyjLt_RGEww,1002,-1,-1,Unclustered
550,Samuel HaNagid A Prince of Jews,2016-06-11,1067380,20589.0,1104.0,h5oBgayr9S0,557.0,https://www.youtube.com/watch?v=h5oBgayr9S0,1009,-1,-1,Unclustered
545,Urbino The Light of Italy Federico da Montefeltro,2016-07-16,1677787,36378.0,1593.0,kAfNQ_XiPjQ,445.0,https://www.youtube.com/watch?v=kAfNQ_XiPjQ,1044,-1,-1,Unclustered
543,Lindisfarne An Age Borne in Fire,2016-07-30,1516297,28330.0,1838.0,qc_wCJd9DKw,377.0,https://www.youtube.com/watch?v=qc_wCJd9DKw,1058,-1,-1,Unclustered
539,Hiawatha The Great Law of Peace Part 1,2016-08-25,1847747,33717.0,1562.0,79RApCgwZFw,600.0,https://www.youtube.com/watch?v=79RApCgwZFw,1084,-1,-1,Unclustered
537,Hiawatha Government for the People Part 2,2016-09-01,1201959,29943.0,1476.0,RPtUSKKzBcM,614.0,https://www.youtube.com/watch?v=RPtUSKKzBcM,1091,-1,-1,Unclustered
527,Veterans Day A Call to Armistice Fundraising for War Child Charity,2016-11-11,155145,5527.0,370.0,zbVXLgReUn8,398.0,https://www.youtube.com/watch?v=zbVXLgReUn8,1162,-1,-1,Unclustered
524,Simn Bolvar Francisco de Miranda Part 2,2016-11-26,1479748,23910.0,872.0,N3vu2JYwxSY,648.0,https://www.youtube.com/watch?v=N3vu2JYwxSY,1177,-1,-1,Unclustered
506,Mary Anning Princess of Paleontology,2017-04-22,1129473,30791.0,1609.0,a-CW0B4YeBQ,575.0,https://www.youtube.com/watch?v=a-CW0B4YeBQ,1324,-1,-1,Unclustered
496,Kamehameha the Great The Lonely One Part 1,2017-06-03,2413799,42459.0,3261.0,yIfgic6W09Y,552.0,https://www.youtube.com/watch?v=yIfgic6W09Y,1366,-1,-1,Unclustered
495,DDay 1 The Great Crusade WW2,2017-06-06,7926119,98975.0,4490.0,-KY1pDLulF4,626.0,https://www.youtube.com/watch?v=-KY1pDLulF4,1369,-1,-1,Unclustered
494,Kamehameha the Great Law of the Splintered Paddle Part 2,2017-06-10,1674303,30835.0,1199.0,lY8c8jDPSgE,635.0,https://www.youtube.com/watch?v=lY8c8jDPSgE,1373,-1,-1,Unclustered
491,DDay 3 La Rsistance WW2,2017-06-20,3271687,47773.0,1947.0,EyPLDItxGgA,574.0,https://www.youtube.com/watch?v=EyPLDItxGgA,1383,-1,-1,Unclustered
489,DDay 4 The Atlantic Wall WW2,2017-06-29,3838230,52510.0,1662.0,KxFliX-w6kI,649.0,https://www.youtube.com/watch?v=KxFliX-w6kI,1392,-1,-1,Unclustered
488,The Bronze Age Collapse The Wheel and the Rod Part 2,2017-07-01,2475792,42897.0,1657.0,QMBM1qazAXE,517.0,https://www.youtube.com/watch?v=QMBM1qazAXE,1394,-1,-1,Unclustered
485,The Alphabet Origins of Writing,2017-07-29,1028926,22504.0,1180.0,yPrcfawo9UM,373.0,https://www.youtube.com/watch?v=yPrcfawo9UM,1422,-1,-1,Unclustered
484,DDay Lies,2017-08-01,615310,6013.0,266.0,x-dHHyeOrAY,2143.0,https://www.youtube.com/watch?v=x-dHHyeOrAY,1425,-1,-1,Unclustered
483,Saragarhi The Last Stand,2017-08-05,2973755,83009.0,7626.0,lFfHp83Xm04,521.0,https://www.youtube.com/watch?v=lFfHp83Xm04,1429,-1,-1,Unclustered
481,Great Northern War When Sweden Ruled the World Part 1,2017-08-19,4743438,69085.0,3501.0,VyBPAz1H-lU,515.0,https://www.youtube.com/watch?v=VyBPAz1H-lU,1443,-1,-1,Unclustered
476,The Collapse of the Carolingian Empire Echoes of History,2017-09-30,1771028,38113.0,1917.0,mZ1jkjfRKJM,412.0,https://www.youtube.com/watch?v=mZ1jkjfRKJM,1485,-1,-1,Unclustered
467,Berlin Airlift The Cold War Begins,2017-12-07,4723322,71448.0,4120.0,nwjFSQCrShM,685.0,https://www.youtube.com/watch?v=nwjFSQCrShM,1553,-1,-1,Unclustered
464,WW1 Christmas Truce Silent Night Part 1,2017-12-17,6407608,152083.0,8292.0,WUlPNWDvk-c,673.0,https://www.youtube.com/watch?v=WUlPNWDvk-c,1563,-1,-1,Unclustered
462,WW1 Christmas Truce Letters from the Trenches Part 2,2017-12-24,1651124,39717.0,1441.0,9Pey-HmXGfs,521.0,https://www.youtube.com/watch?v=9Pey-HmXGfs,1570,-1,-1,Unclustered
459,Cheng I Sao Pirate Queen,2018-01-27,3744729,77801.0,3292.0,-p2lhxUqMMQ,650.0,https://www.youtube.com/watch?v=-p2lhxUqMMQ,1604,-1,-1,Unclustered
447,The Danelaw Alfred vs Guthrum Part 1,2018-04-05,2220564,39128.0,2008.0,_K6P3T0NIjo,656.0,https://www.youtube.com/watch?v=_K6P3T0NIjo,1672,-1,-1,Unclustered
446,The Triangle Shirtwaist Fire Horror in Manhattan,2018-04-07,1393178,33483.0,2036.0,8-fwdc3OSaU,641.0,https://www.youtube.com/watch?v=8-fwdc3OSaU,1674,-1,-1,Unclustered
445,The Danelaw The Fall of Eric Bloodaxe Part 2,2018-04-12,1334003,26274.0,1080.0,MvM3wPGAUjE,636.0,https://www.youtube.com/watch?v=MvM3wPGAUjE,1679,-1,-1,Unclustered
436,The Battle of Thermopylae The Hellenic Alliance Part 1,2018-06-07,2469561,45962.0,2208.0,FwitONWEgsk,624.0,https://www.youtube.com/watch?v=FwitONWEgsk,1735,-1,-1,Unclustered
434,The Battle of Thermopylae East vs West Part 2,2018-06-14,1663275,37497.0,1604.0,Fvd9vxyCgCA,631.0,https://www.youtube.com/watch?v=Fvd9vxyCgCA,1742,-1,-1,Unclustered
427,Pellagra A Medical Mystery,2018-07-26,1613412,38109.0,2024.0,reYKBgdrZsM,663.0,https://www.youtube.com/watch?v=reYKBgdrZsM,1784,-1,-1,Unclustered
421,Battle of Saipan 1 Steel and Coral WW2,2018-09-06,2236372,36295.0,1946.0,y9qi1Ge3ThY,678.0,https://www.youtube.com/watch?v=y9qi1Ge3ThY,1826,-1,-1,Unclustered
420,Battle of Saipan 2 Suicide Island WW2,2018-09-13,1536484,32140.0,1966.0,dDvuXO9REMM,711.0,https://www.youtube.com/watch?v=dDvuXO9REMM,1833,-1,-1,Unclustered
411,Julie dAubigny Duelist Singer Radical,2018-10-13,1149213,44852.0,2858.0,6QaBYLAOaSY,598.0,https://www.youtube.com/watch?v=6QaBYLAOaSY,1863,-1,-1,Unclustered
393,Curing Tuberculosis The Hero Koch Part 1,2019-01-31,1741161,36744.0,1525.0,XP-WXLsnMjY,672.0,https://www.youtube.com/watch?v=XP-WXLsnMjY,1973,-1,-1,Unclustered
392,Jane Austen Sarcasm and Subversion,2019-02-02,815153,24944.0,743.0,KwD-1rW254g,627.0,https://www.youtube.com/watch?v=KwD-1rW254g,1975,-1,-1,Unclustered
391,Tuberculosis A TenThousand Year Battle Part 2,2019-02-07,1166891,31477.0,1537.0,hBgUWnGtxt4,650.0,https://www.youtube.com/watch?v=hBgUWnGtxt4,1980,-1,-1,Unclustered
384,The Boston Massacre Snow and Gunpowder,2019-03-23,2086205,42027.0,2354.0,qpK9qe0a-WI,630.0,https://www.youtube.com/watch?v=qpK9qe0a-WI,2024,-1,-1,Unclustered
379,Queen Nzinga Rise of a Legend Part 1,2019-04-27,1099420,27880.0,1575.0,EBbYxLmCO6c,552.0,https://www.youtube.com/watch?v=EBbYxLmCO6c,2059,-1,-1,Unclustered
378,Queen Nzinga The Double Queen Part 2,2019-05-04,735688,21844.0,833.0,eCQU5FC7ht0,593.0,https://www.youtube.com/watch?v=eCQU5FC7ht0,2066,-1,-1,Unclustered
377,The Three Kingdoms Yellow Turban Rebellion Part 1,2019-05-09,1146532,27991.0,1902.0,hu7bdq-alRo,695.0,https://www.youtube.com/watch?v=hu7bdq-alRo,2071,-1,-1,Unclustered
376,US Civil War Surprising Soldiers,2019-05-11,1502007,36801.0,1752.0,xTQ0qdFhGkQ,569.0,https://www.youtube.com/watch?v=xTQ0qdFhGkQ,2073,-1,-1,Unclustered
375,The Three Kingdoms The Battle of Guandu Part 2,2019-05-16,713756,17015.0,986.0,HRXIbouYVck,691.0,https://www.youtube.com/watch?v=HRXIbouYVck,2078,-1,-1,Unclustered
371,History of England The Devastation of France Part 3,2019-06-08,1257807,27679.0,709.0,JWuxh-e87dg,503.0,https://www.youtube.com/watch?v=JWuxh-e87dg,2101,-1,-1,Unclustered
370,History of England Ashes Part 4,2019-06-15,1108601,25640.0,619.0,B7ENUtP_22g,525.0,https://www.youtube.com/watch?v=B7ENUtP_22g,2108,-1,-1,Unclustered
369,History of England Agincourt Part 5,2019-06-22,1182964,27027.0,872.0,mUgMlZU9TSw,563.0,https://www.youtube.com/watch?v=mUgMlZU9TSw,2115,-1,-1,Unclustered
361,Hogs in History Creator and Destroyer,2019-08-10,1201223,45719.0,2404.0,6WkjHyKHyX4,594.0,https://www.youtube.com/watch?v=6WkjHyKHyX4,2164,-1,-1,Unclustered
355,History of Dentistry Demons and Tooth Worms Part 1,2019-09-19,567155,17932.0,1643.0,tlkLbJCtR2k,690.0,https://www.youtube.com/watch?v=tlkLbJCtR2k,2204,-1,-1,Unclustered
354,The Inca Empire A God Taken Hostage Part 5,2019-09-21,511242,16378.0,688.0,zHGWIKnCDtE,633.0,https://www.youtube.com/watch?v=zHGWIKnCDtE,2206,-1,-1,Unclustered
353,History of Dentistry An End To Pain Part 2,2019-09-26,384047,12053.0,725.0,x9B19RmsgCo,657.0,https://www.youtube.com/watch?v=x9B19RmsgCo,2211,-1,-1,Unclustered
352,Charles Darwin The Voyage of the Beagle,2019-09-28,563549,17923.0,858.0,jRmzmYmMTKk,592.0,https://www.youtube.com/watch?v=jRmzmYmMTKk,2213,-1,-1,Unclustered
343,The Berlin Wall A Street Party With Sledgehammers,2019-11-09,1432747,36876.0,1849.0,KgdiYvcOi_w,660.0,https://www.youtube.com/watch?v=KgdiYvcOi_w,2255,-1,-1,Unclustered
341,Akhenaten A Pharaoh Obsessed,2019-11-16,1225288,30992.0,1340.0,wKSqgLQNIeQ,526.0,https://www.youtube.com/watch?v=wKSqgLQNIeQ,2262,-1,-1,Unclustered
333,History of Vaccines Killing Smallpox,2019-12-19,828801,25721.0,1565.0,Ke6tT3_QTuM,618.0,https://www.youtube.com/watch?v=Ke6tT3_QTuM,2295,-1,-1,Unclustered
330,Allan Pinkerton The Knights of Capitalism,2020-01-04,1216677,35776.0,2306.0,Kb2tSF5_vpc,615.0,https://www.youtube.com/watch?v=Kb2tSF5_vpc,2311,-1,-1,Unclustered
317,Ra Ra Rasputin April Fools 2020,2020-04-01,724303,37875.0,2981.0,sjW8cq57Dl8,233.0,https://www.youtube.com/watch?v=sjW8cq57Dl8,2399,-1,-1,Unclustered
315,Ibn Fadlan A Viking Funeral,2020-04-11,999384,36457.0,2900.0,RSURd15qfWQ,582.0,https://www.youtube.com/watch?v=RSURd15qfWQ,2409,-1,-1,Unclustered
313,The 1929 Stock Market Crash Black Thursday,2020-04-25,2594325,59923.0,2909.0,D2iuUzkKu9k,555.0,https://www.youtube.com/watch?v=D2iuUzkKu9k,2423,-1,-1,Unclustered
308,The Field of the Cloth of Gold Universal Peace Part 1,2020-05-28,841627,23351.0,975.0,bhi0aUQRoeg,619.0,https://www.youtube.com/watch?v=bhi0aUQRoeg,2456,-1,-1,Unclustered
306,The Field of the Cloth of Gold Royal Frenemies Part 2,2020-06-04,579829,18762.0,611.0,yWt9N2ZNi3c,646.0,https://www.youtube.com/watch?v=yWt9N2ZNi3c,2463,-1,-1,Unclustered
305,The Sacred Band An Alternative 300,2020-06-06,403009,18887.0,1186.0,ju8PQcvlq00,605.0,https://www.youtube.com/watch?v=ju8PQcvlq00,2465,-1,-1,Unclustered
301,The Burning of Black Wall Street Tulsa OK,2020-07-03,831012,41039.0,3012.0,nc7lXBL9mng,546.0,https://www.youtube.com/watch?v=nc7lXBL9mng,2492,-1,-1,Unclustered
297,The Affair of the Diamond Necklace Marie Antoinette,2020-07-25,532969,18818.0,964.0,aLU1wNntRa0,512.0,https://www.youtube.com/watch?v=aLU1wNntRa0,2514,-1,-1,Unclustered
296,The Trojan War History vs Myth Part 1,2020-07-30,773100,23098.0,822.0,zT2egl5iTvg,667.0,https://www.youtube.com/watch?v=zT2egl5iTvg,2519,-1,-1,Unclustered
293,The Trojan War Battles in the Bronze Age Part 2,2020-08-13,483515,15992.0,489.0,LVQZXfgjzEE,598.0,https://www.youtube.com/watch?v=LVQZXfgjzEE,2533,-1,-1,Unclustered
290,Syphilis The Great Imitator Part 1,2020-08-27,924446,31328.0,1226.0,gnwKRHBiWb4,604.0,https://www.youtube.com/watch?v=gnwKRHBiWb4,2547,-1,-1,Unclustered
288,Syphilis The Killer Cure Part 2,2020-09-03,626153,23868.0,940.0,fdjBBGJvem0,611.0,https://www.youtube.com/watch?v=fdjBBGJvem0,2554,-1,-1,Unclustered
286,The Harlem Hellfighters The 369th Infantry,2020-09-10,667538,30401.0,1685.0,RV-c62e7g1k,612.0,https://www.youtube.com/watch?v=RV-c62e7g1k,2561,-1,-1,Unclustered
285,Bartolom de las Casas Changing Your Mind,2020-09-12,707010,28762.0,1407.0,vH65erzQBkY,613.0,https://www.youtube.com/watch?v=vH65erzQBkY,2563,-1,-1,Unclustered
278,Voting in America From Barkers to Booths,2020-10-27,563421,22453.0,1324.0,vQfm-6duBb8,587.0,https://www.youtube.com/watch?v=vQfm-6duBb8,2608,-1,-1,Unclustered
277,The Beast of Gvaudan Terror in the French Countryside,2020-10-31,687385,26015.0,1096.0,qDf93nFGZuc,664.0,https://www.youtube.com/watch?v=qDf93nFGZuc,2612,-1,-1,Unclustered
275,The Harlem Renaissance An Explosion of Art,2020-11-12,360624,11723.0,389.0,8kZ0gZMCx9U,554.0,https://www.youtube.com/watch?v=8kZ0gZMCx9U,2624,-1,-1,Unclustered
273,The Polio Epidemic FDR The March of Dimes,2020-11-19,608364,20517.0,748.0,7sqkwjzNRgk,618.0,https://www.youtube.com/watch?v=7sqkwjzNRgk,2631,-1,-1,Unclustered
268,Francis Walsingham Elizabethan Spymaster,2020-12-19,482221,16369.0,677.0,pQMXqmuj2Zw,586.0,https://www.youtube.com/watch?v=pQMXqmuj2Zw,2661,-1,-1,Unclustered
264,How We Choose Topics Patreon FAQ,2021-01-15,96953,,,N6aP7WuduDc,167.0,https://www.youtube.com/watch?v=N6aP7WuduDc,2688,-1,-1,Unclustered
261,Black Boxing Heavyweights Jack Johnson Joe Louis Muhammad Ali,2021-01-28,311927,16340.0,962.0,iuJCtSI_8ts,565.0,https://www.youtube.com/watch?v=iuJCtSI_8ts,2701,-1,-1,Unclustered
259,Redlining Income and Housing Inequality,2021-02-04,276526,15189.0,1084.0,vyiwk3D-3ag,611.0,https://www.youtube.com/watch?v=vyiwk3D-3ag,2708,-1,-1,Unclustered
256,Interstate Displacement The Legacy of Robert Moses,2021-02-18,321976,15252.0,1021.0,LmC5T-2d6Xw,589.0,https://www.youtube.com/watch?v=LmC5T-2d6Xw,2722,-1,-1,Unclustered
253,Black Medical Exploitation Why African Americans Distrust Medicine,2021-03-04,313688,15334.0,1018.0,m63NDZVZRXc,598.0,https://www.youtube.com/watch?v=m63NDZVZRXc,2736,-1,-1,Unclustered
249,The Assassination of Medgar Evers A Hero Silenced,2021-03-27,288483,15254.0,750.0,2eWg17KSXEU,631.0,https://www.youtube.com/watch?v=2eWg17KSXEU,2759,-1,-1,Unclustered
244,Rome Battle of the Milvian Bridge Constantine vs Maxentius,2021-04-29,429912,16948.0,611.0,8pMjUqCPiig,662.0,https://www.youtube.com/watch?v=8pMjUqCPiig,2792,-1,-1,Unclustered
241,Climbing Matterhorn Women Ascending Part 2,2021-05-15,235245,10429.0,270.0,XsoccHW7rvw,661.0,https://www.youtube.com/watch?v=XsoccHW7rvw,2808,-1,-1,Unclustered
238,Negro League Baseball Breaking Baseballs Color Barrier,2021-06-03,178976,8605.0,371.0,XDP71SpV_i4,686.0,https://www.youtube.com/watch?v=XDP71SpV_i4,2827,-1,-1,Unclustered
237,Thirty Years War The 2nd Horseman Part 2,2021-06-05,630037,20779.0,603.0,v3C35SIidJQ,700.0,https://www.youtube.com/watch?v=v3C35SIidJQ,2829,-1,-1,Unclustered
234,Thirty Years War Chaining the Dragon Part 5,2021-06-26,449476,16811.0,805.0,8uZKnlwYA3M,655.0,https://www.youtube.com/watch?v=8uZKnlwYA3M,2850,-1,-1,Unclustered
233,The Harlem Numbers Racket Stephanie St Clair,2021-07-03,218993,10541.0,464.0,rxBydCAfmEE,664.0,https://www.youtube.com/watch?v=rxBydCAfmEE,2857,-1,-1,Unclustered
224,The Erfurt Latrine Disaster A Meeting From Hell,2021-08-21,748212,28113.0,971.0,wPjg-pDbVzY,610.0,https://www.youtube.com/watch?v=wPjg-pDbVzY,2906,-1,-1,Unclustered
220,Marcus Garvey Black Moses,2021-09-16,290414,11987.0,631.0,GsJl0ScUWmI,682.0,https://www.youtube.com/watch?v=GsJl0ScUWmI,2932,-1,-1,Unclustered
217,The Great Emu War Battlebirds Part 1,2021-10-02,701604,28466.0,1628.0,iiRz52AQlMk,661.0,https://www.youtube.com/watch?v=iiRz52AQlMk,2948,-1,-1,Unclustered
216,The Great Emu War Beaks vs Bullets Part 2,2021-10-09,504553,20463.0,1110.0,xxvtYx2CKAU,670.0,https://www.youtube.com/watch?v=xxvtYx2CKAU,2955,-1,-1,Unclustered
211,The Discovery of Insulin The Miracle Part 1,2021-11-11,421170,17396.0,769.0,jn4HvRkBbfk,574.0,https://www.youtube.com/watch?v=jn4HvRkBbfk,2988,-1,-1,Unclustered
209,The Discovery of Insulin Freeforall Part 2,2021-11-18,335668,14491.0,502.0,Qs_QCJv3HrA,593.0,https://www.youtube.com/watch?v=Qs_QCJv3HrA,2995,-1,-1,Unclustered
207,The Cotton Gin Seeds of a Lie,2021-11-27,706893,29682.0,1255.0,3IqNot1lxTM,567.0,https://www.youtube.com/watch?v=3IqNot1lxTM,3004,-1,-1,Unclustered
205,Japanese Militarism Drawing the Knife Part 1,2021-12-11,1024758,31038.0,594.0,JEG09-Aynco,632.0,https://www.youtube.com/watch?v=JEG09-Aynco,3018,-1,-1,Unclustered
203,Japanese Militarism Blood on the Railway Part 3,2021-12-25,614613,19189.0,360.0,39VVdj1t76Y,656.0,https://www.youtube.com/watch?v=39VVdj1t76Y,3032,-1,-1,Unclustered
202,Gtz of the Iron Hand Cyborg Knight Prosthetics,2021-12-30,612429,28116.0,999.0,tu6cvBtMIGU,570.0,https://www.youtube.com/watch?v=tu6cvBtMIGU,3037,-1,-1,Unclustered
200,Japanese Militarism Marco Polo Part 5,2022-01-08,564842,19545.0,621.0,_JC_fFkj5g4,651.0,https://www.youtube.com/watch?v=_JC_fFkj5g4,3046,-1,-1,Unclustered
199,The Zimmermann Telegram Best of Frenemies,2022-01-15,565084,20915.0,575.0,aOT9F6pU_qY,620.0,https://www.youtube.com/watch?v=aOT9F6pU_qY,3053,-1,-1,Unclustered
194,Maya Angelou Voice of the Voiceless,2022-02-17,119024,6437.0,181.0,j0hVDHpYeqg,566.0,https://www.youtube.com/watch?v=j0hVDHpYeqg,3086,-1,-1,Unclustered
192,Empire of Brazil Breaking Bonds Part 5,2022-02-26,487546,20776.0,547.0,QywX2lN6rbY,641.0,https://www.youtube.com/watch?v=QywX2lN6rbY,3095,-1,-1,Unclustered
191,Mary Toft The Woman Who Gave Birth to Rabbits,2022-03-05,408320,18249.0,553.0,lXSfufPrWiU,667.0,https://www.youtube.com/watch?v=lXSfufPrWiU,3102,-1,-1,Unclustered
184,The Great Disappointment,2022-04-23,670748,24047.0,1374.0,4z80wKIwW6w,666.0,https://www.youtube.com/watch?v=4z80wKIwW6w,3151,-1,-1,Unclustered
183,New England Vampire Panic,2022-04-28,511634,22525.0,516.0,hIP_joTOyek,591.0,https://www.youtube.com/watch?v=hIP_joTOyek,3156,-1,-1,Unclustered
181,The Worlds First Financial Bubble Tulip Mania Part 1,2022-05-07,645002,25509.0,1016.0,QL5-YbvmYLE,635.0,https://www.youtube.com/watch?v=QL5-YbvmYLE,3165,-1,-1,Unclustered
177,Kill the Indian Save the Man Carlisle Boarding School,2022-06-03,356696,16498.0,1206.0,fbRBNSjT_FQ,612.0,https://www.youtube.com/watch?v=fbRBNSjT_FQ,3192,-1,-1,Unclustered
175,Billie Holiday vs The US Government,2022-06-11,288354,14673.0,547.0,bg9uCnCwGsM,603.0,https://www.youtube.com/watch?v=bg9uCnCwGsM,3200,-1,-1,Unclustered
162,Union Busting Battle of Blair Mountain Part 1,2022-09-17,697126,26698.0,1059.0,vg9xywAxb10,673.0,https://www.youtube.com/watch?v=vg9xywAxb10,3298,-1,-1,Unclustered
161,Get Your Rifles Battle of Blair Mountain Part 2,2022-09-24,485933,20628.0,949.0,jklZYrkEtEs,716.0,https://www.youtube.com/watch?v=jklZYrkEtEs,3305,-1,-1,Unclustered
154,The Battle of Culloden,2022-11-12,673279,23248.0,779.0,h0YZHYsOjtk,735.0,https://www.youtube.com/watch?v=h0YZHYsOjtk,3354,-1,-1,Unclustered
149,The Eggnog Riot Christmas Chaos at West Point,2022-12-12,399412,20127.0,833.0,lljT4GW7ymc,791.0,https://www.youtube.com/watch?v=lljT4GW7ymc,3384,-1,-1,Unclustered
140,Watch Because Learning Matters,2023-02-10,304291,5998.0,235.0,3-QC1-N_HrI,79.0,https://www.youtube.com/watch?v=3-QC1-N_HrI,3444,-1,-1,Unclustered
138,The Black Dinner,2023-02-18,566678,20971.0,449.0,rMN5HwBR5D8,711.0,https://www.youtube.com/watch?v=rMN5HwBR5D8,3452,-1,-1,Unclustered
135,Operation Avalanche 2 DDay Nearly Fails WW2,2023-03-02,362864,13551.0,363.0,IQVsCwCSYAQ,705.0,https://www.youtube.com/watch?v=IQVsCwCSYAQ,3464,-1,-1,Unclustered
132,Bleeding Kansas John Brown Part 3,2023-03-18,620124,23941.0,1062.0,S2StQEwx3W0,783.0,https://www.youtube.com/watch?v=S2StQEwx3W0,3480,-1,-1,Unclustered
131,The Raid on Harpers Ferry John Brown Part 4,2023-03-25,519507,20775.0,768.0,G1K57zt5rUE,673.0,https://www.youtube.com/watch?v=G1K57zt5rUE,3487,-1,-1,Unclustered
130,Battle Hymn of the Republic John Brown Part 5,2023-04-01,550912,27927.0,1185.0,TYWjNkNsCLw,721.0,https://www.youtube.com/watch?v=TYWjNkNsCLw,3494,-1,-1,Unclustered
129,The American Revolutions Forgotten War Crime,2023-04-08,404411,22402.0,1461.0,hb3eAxzuhJU,748.0,https://www.youtube.com/watch?v=hb3eAxzuhJU,3501,-1,-1,Unclustered
122,The Rosetta Stone A Race to Ancient Secrets,2023-05-27,801862,24820.0,572.0,orU-w2TXsBU,708.0,https://www.youtube.com/watch?v=orU-w2TXsBU,3550,-1,-1,Unclustered
121,The MassMurdering Mongoose,2023-06-01,298860,15615.0,519.0,EZRlFv1XXus,610.0,https://www.youtube.com/watch?v=EZRlFv1XXus,3555,-1,-1,Unclustered
102,Ramesses the Great The Battle of Kadesh Part 1,2023-10-05,357321,13494.0,446.0,4BFh0kTOjBA,658.0,https://www.youtube.com/watch?v=4BFh0kTOjBA,3681,-1,-1,Unclustered
100,Ramesses the Great Reign of the GodKing Part 2,2023-10-12,281403,10295.0,303.0,lA0MXYMXpe8,674.0,https://www.youtube.com/watch?v=lA0MXYMXpe8,3688,-1,-1,Unclustered
98,The Draft Riots of 1863 US Civil War,2023-10-21,367385,15052.0,746.0,RRQ5OghPwKU,631.0,https://www.youtube.com/watch?v=RRQ5OghPwKU,3697,-1,-1,Unclustered
92,Shootout at the OK Corral Why it Went Down Part 1,2023-12-02,488669,18020.0,431.0,LSW1HCNbsYE,598.0,https://www.youtube.com/watch?v=LSW1HCNbsYE,3739,-1,-1,Unclustered
90,The Dodo Bird What ACTUALLY Happened,2023-12-14,649607,25733.0,791.0,8Npavzk_PBA,551.0,https://www.youtube.com/watch?v=8Npavzk_PBA,3751,-1,-1,Unclustered
88,The REAL War on Christmas The Plum Pudding Riots,2023-12-23,282315,11461.0,490.0,Tk2M-7q1G_A,647.0,https://www.youtube.com/watch?v=Tk2M-7q1G_A,3760,-1,-1,Unclustered
82,The Disastrous History of the First Transatlantic Cable,2024-02-03,720013,26048.0,513.0,H8kdhlzueBo,658.0,https://www.youtube.com/watch?v=H8kdhlzueBo,3802,-1,-1,Unclustered
81,Pigs Historys Greatest Villains,2024-02-07,294497,13304.0,554.0,0_S0dlpMsBQ,459.0,https://www.youtube.com/watch?v=0_S0dlpMsBQ,3806,-1,-1,Unclustered
75,Jim Thorpe The 20th Centurys Greatest Athlete,2024-03-16,274777,11799.0,370.0,S2oaN0FEwN8,624.0,https://www.youtube.com/watch?v=S2oaN0FEwN8,3844,-1,-1,Unclustered
74,John L Sullivan Bostons Knockout King,2024-03-23,249018,11030.0,320.0,nI9yIGN2C7E,705.0,https://www.youtube.com/watch?v=nI9yIGN2C7E,3851,-1,-1,Unclustered
67,The Great Locomotive Chase First Medals of Honor,2024-05-11,463397,16726.0,640.0,GFy9p1KB8SA,669.0,https://www.youtube.com/watch?v=GFy9p1KB8SA,3900,-1,-1,Unclustered
60,Dark History of the Panama Railroad,2024-06-22,379217,15239.0,388.0,mhaKccJLLn8,633.0,https://www.youtube.com/watch?v=mhaKccJLLn8,3942,-1,-1,Unclustered
59,History of the Board Game Morals vs Capitalism,2024-06-29,377637,12806.0,365.0,MR8tH-NRGxM,666.0,https://www.youtube.com/watch?v=MR8tH-NRGxM,3949,-1,-1,Unclustered
55,The Calendars 10000 Year History,2024-07-16,487026,18671.0,729.0,YGEccCwtVMg,606.0,https://www.youtube.com/watch?v=YGEccCwtVMg,3966,-1,-1,Unclustered
42,Fighting for the Right to Vote Voting Rights Act of 1965,2024-10-05,219619,10348.0,948.0,wiO2ebPi48o,670.0,https://www.youtube.com/watch?v=wiO2ebPi48o,4047,-1,-1,Unclustered
34,House of Death The Collyer Brothers,2024-11-23,324431,12207.0,358.0,X_cEcBcC7WA,637.0,https://www.youtube.com/watch?v=X_cEcBcC7WA,4096,-1,-1,Unclustered
31,The GOAT of Holiday Animals,2024-12-07,216036,11140.0,562.0,noY9iXUHJfM,694.0,https://www.youtube.com/watch?v=noY9iXUHJfM,4110,-1,-1,Unclustered
30,How Victorian Workhouses Changed Charity,2024-12-12,516267,19231.0,1174.0,KreHl5JTQcU,806.0,https://www.youtube.com/watch?v=KreHl5JTQcU,4115,-1,-1,Unclustered
25,The Bonfire of the Vanities,2025-01-11,257119,11583.0,389.0,eEiKk-us_lA,775.0,https://www.youtube.com/watch?v=eEiKk-us_lA,4145,-1,-1,Unclustered
18,King of the Fairies Goodwin Wharton,2025-03-08,319303,13072.0,520.0,bN0363lM3OM,1052.0,https://www.youtube.com/watch?v=bN0363lM3OM,4201,-1,-1,Unclustered
11,The Holy Grail Faith vs Fiction,2025-05-03,369150,14510.0,924.0,P6p72iRsPac,1116.0,https://www.youtube.com/watch?v=P6p72iRsPac,4257,-1,-1,Unclustered
1,Pearl Harbors SECRET WW2 Catastrophe The West Loch Disaster,2025-07-22,131761,7716.0,234.0,hIo9BZGN4AQ,831.0,https://www.youtube.com/watch?v=hIo9BZGN4AQ,4337,-1,-1,Unclustered
0,Imperial President William McKinley 2,2025-07-26,181139,9354.0,519.0,YtOVaF1qxS0,1074.0,https://www.youtube.com/watch?v=YtOVaF1qxS0,4341,-1,-1,Unclustered
47,Garibaldi Hero of Two Worlds Unifying Italy Part 1,2024-08-31,518537,20103.0,717.0,_kbjIwH8jBM,651.0,https://www.youtube.com/watch?v=_kbjIwH8jBM,4012,39,39,Unifying - Italy - Part
46,Garibaldi For Love and Country Unifying Italy Part 2,2024-09-07,378606,13887.0,401.0,HLf6ONK1JP4,655.0,https://www.youtube.com/watch?v=HLf6ONK1JP4,4019,39,39,Unifying - Italy - Part
45,Garibaldi The Siege of Rome Unifying Italy Part 3,2024-09-14,311692,12531.0,415.0,nJI-OfZuJg8,699.0,https://www.youtube.com/watch?v=nJI-OfZuJg8,4026,39,39,Unifying - Italy - Part
44,Garibaldi The Cost of War Unifying Italy Part 4,2024-09-21,294236,11820.0,355.0,vPb0pZwyYKc,661.0,https://www.youtube.com/watch?v=vPb0pZwyYKc,4033,39,39,Unifying - Italy - Part
43,Garibaldi Expedition of the Thousand Unifying Italy Part 5,2024-09-28,251265,11794.0,390.0,_ctrANc5DkM,661.0,https://www.youtube.com/watch?v=_ctrANc5DkM,4040,39,39,Unifying - Italy - Part
41,Giuseppe Garibaldi Unifying Italy LIES,2024-10-09,80107,1596.0,115.0,56QN6Eb1VQE,1875.0,https://www.youtube.com/watch?v=56QN6Eb1VQE,4051,39,39,Unifying - Italy - Part
407,Viking Expansion The SerpentRiders Part 1,2018-10-27,1650885,35008.0,1604.0,sxItyrp55g8,659.0,https://www.youtube.com/watch?v=sxItyrp55g8,1877,71,71,Viking - Expansion
406,Viking Expansion Rollo the Walker Part 2,2018-11-03,1364511,28793.0,1637.0,IOnjG7ocZmI,714.0,https://www.youtube.com/watch?v=IOnjG7ocZmI,1884,71,71,Viking - Expansion
405,Viking Expansion Ireland Part 3,2018-11-10,1146862,23736.0,1038.0,ms3-rhnbw9U,673.0,https://www.youtube.com/watch?v=ms3-rhnbw9U,1891,71,71,Viking - Expansion
404,Viking Expansion The Lands of the Rus Part 4,2018-11-17,994686,22754.0,1565.0,fhz4Fe25rik,651.0,https://www.youtube.com/watch?v=fhz4Fe25rik,1898,71,71,Viking - Expansion
402,Viking Expansion A Song of Ice and Greenland Part 5,2018-11-24,826959,18740.0,889.0,kTB8131aGJo,572.0,https://www.youtube.com/watch?v=kTB8131aGJo,1905,71,71,Viking - Expansion
400,Viking Expansion Wine Land Part 6,2018-12-01,817121,22002.0,1332.0,SITsfX15jw0,659.0,https://www.youtube.com/watch?v=SITsfX15jw0,1912,71,71,Viking - Expansion
399,Viking Expansion Lies,2018-12-08,171644,3186.0,316.0,rAI4zRaNO3I,1770.0,https://www.youtube.com/watch?v=rAI4zRaNO3I,1919,71,71,Viking - Expansion
65,The Viking Expansion Compilation Complete,2024-05-18,1279352,27012.0,774.0,hdnUiIKGxG0,3937.0,https://www.youtube.com/watch?v=hdnUiIKGxG0,3907,71,71,Viking - Expansion
231,Vlad the Impaler Son of the Dragon Part 1,2021-07-17,1203009,43993.0,1897.0,A38EIkIzgM8,671.0,https://www.youtube.com/watch?v=A38EIkIzgM8,2871,29,29,Vlad - the - Impaler
230,Vlad the Impaler Blood Oaths Part 2,2021-07-24,855551,31127.0,675.0,XjCKdhQ_QXE,554.0,https://www.youtube.com/watch?v=XjCKdhQ_QXE,2878,29,29,Vlad - the - Impaler
229,Vlad the Impaler Raising The Stakes Part 3,2021-07-31,780829,29818.0,904.0,hbRcAHMG_l4,665.0,https://www.youtube.com/watch?v=hbRcAHMG_l4,2885,29,29,Vlad - the - Impaler
228,Vlad the Impaler War in the Dark Part 4,2021-08-07,698121,26705.0,658.0,OnDHjdX1aQE,637.0,https://www.youtube.com/watch?v=OnDHjdX1aQE,2892,29,29,Vlad - the - Impaler
226,Vlad the Impaler The Living Dead Part 5,2021-08-14,603857,27803.0,1005.0,C-emJnmI5XU,668.0,https://www.youtube.com/watch?v=C-emJnmI5XU,2899,29,29,Vlad - the - Impaler
223,Vlad the Impaler LIES,2021-08-28,104558,3427.0,328.0,lHTWV2kZE10,1472.0,https://www.youtube.com/watch?v=lHTWV2kZE10,2913,29,29,Vlad - the - Impaler
40,Vlad the Impaler Complete,2024-10-12,1067185,24303.0,548.0,BvFwqVzEsfw,2842.0,https://www.youtube.com/watch?v=BvFwqVzEsfw,4054,29,29,Vlad - the - Impaler
563,WW2 The Resource War 1 Arsenal of Democracy,2016-04-05,3615706,53130.0,2677.0,NYv-GC8DgMk,524.0,https://www.youtube.com/watch?v=NYv-GC8DgMk,942,64,64,WW2 - The - Resource - War
561,WW2 The Resource War 2 LendLease,2016-04-12,2316537,34876.0,2173.0,N5PTeDe4jTQ,434.0,https://www.youtube.com/watch?v=N5PTeDe4jTQ,949,64,64,WW2 - The - Resource - War
559,WW2 The Resource War 3 The Engines of War,2016-04-19,2209129,35219.0,1588.0,OvDsvHNvVZw,458.0,https://www.youtube.com/watch?v=OvDsvHNvVZw,956,64,64,WW2 - The - Resource - War
557,WW2 The Resource War 4 Strategic Bombing,2016-04-26,1978831,34135.0,2459.0,zOXbYAd6TLo,461.0,https://www.youtube.com/watch?v=zOXbYAd6TLo,963,64,64,WW2 - The - Resource - War
626,Warring States Japan Sengoku Jidai Battle of Okehazama Part 1,2014-11-08,4730249,61948.0,2498.0,hDsdkoln59A,563.0,https://www.youtube.com/watch?v=hDsdkoln59A,428,54,54,Warring - States - Japan - Sengoku - Jidai - The
625,Warring States Japan Sengoku Jidai The Siege of Inabayama Castle Part 2,2014-11-22,3019743,39570.0,1220.0,I2yT2nitGDk,461.0,https://www.youtube.com/watch?v=I2yT2nitGDk,442,54,54,Warring - States - Japan - Sengoku - Jidai - The
624,Warring States Japan Sengoku Jidai Warrior Monks of Honganji and Hiei Part 3,2014-12-06,2842007,36944.0,1653.0,G3frtoMaxZE,533.0,https://www.youtube.com/watch?v=G3frtoMaxZE,456,54,54,Warring - States - Japan - Sengoku - Jidai - The
623,Warring States Japan Sengoku Jidai The Death of Oda Nobunaga Part 4,2014-12-20,2885250,36461.0,1797.0,ht6h4-MsMOY,560.0,https://www.youtube.com/watch?v=ht6h4-MsMOY,470,54,54,Warring - States - Japan - Sengoku - Jidai - The
622,Warring States Japan Sengoku Jidai How Toyotomi Unified Japan Part 5,2015-01-17,2327217,32414.0,1580.0,lBD8OAegEw0,542.0,https://www.youtube.com/watch?v=lBD8OAegEw0,498,54,54,Warring - States - Japan - Sengoku - Jidai - The
621,Warring States Japan Sengoku Jidai The Campaign of Sekigahara Part 6,2015-01-31,2322189,39242.0,1716.0,5vscOHPFUf0,597.0,https://www.youtube.com/watch?v=5vscOHPFUf0,512,54,54,Warring - States - Japan - Sengoku - Jidai - The
620,Warring States Japan Sengoku Jidai Lies,2015-02-14,622094,8968.0,753.0,0lNYvGEmRO4,833.0,https://www.youtube.com/watch?v=0lNYvGEmRO4,526,54,54,Warring - States - Japan - Sengoku - Jidai - The
631,World War I The Seminal Tragedy The Concert of Europe Part 1,2014-08-31,3719117,52816.0,2965.0,S-wSL4WqUws,594.0,https://www.youtube.com/watch?v=S-wSL4WqUws,359,75,75,World - War - I - The - Seminal - Tragedy - The
630,World War I The Seminal Tragedy One Fateful Day in June Part 2,2014-09-13,2653390,39442.0,3021.0,kyCmh9G1fpo,497.0,https://www.youtube.com/watch?v=kyCmh9G1fpo,372,75,75,World - War - I - The - Seminal - Tragedy - The
629,World War I The Seminal Tragedy The July Crisis Part 3,2014-09-27,2390390,31772.0,1295.0,zroZqvr4whk,519.0,https://www.youtube.com/watch?v=zroZqvr4whk,386,75,75,World - War - I - The - Seminal - Tragedy - The
628,World War I The Seminal Tragedy The Final Act Part 4,2014-10-11,2330776,47643.0,4285.0,WukYrrTH3ms,715.0,https://www.youtube.com/watch?v=WukYrrTH3ms,400,75,75,World - War - I - The - Seminal - Tragedy - The
627,World War I The Seminal Tragedy Lies,2014-10-25,793162,14288.0,990.0,aiKGPAMIWKs,977.0,https://www.youtube.com/watch?v=aiKGPAMIWKs,414,75,75,World - War - I - The - Seminal - Tragedy - The
87,Wu Zetian Hated by Gods and Men Part 1,2023-12-30,751114,24500.0,531.0,WBt0T256HD0,633.0,https://www.youtube.com/watch?v=WBt0T256HD0,3767,53,53,Wu - Zetian
86,Wu Zetian Chinas Most Famous Murder Part 2,2024-01-06,459217,16927.0,352.0,xmOM-Ng2hKw,622.0,https://www.youtube.com/watch?v=xmOM-Ng2hKw,3774,53,53,Wu - Zetian
85,Wu Zetian Bloody Ghosts and Riots Part 3,2024-01-13,424846,15958.0,229.0,Ujw7ndmOGPk,662.0,https://www.youtube.com/watch?v=Ujw7ndmOGPk,3781,53,53,Wu - Zetian
84,Wu Zetian Finally Emperor Part 4,2024-01-20,333517,12948.0,179.0,dd8PXhuU1K8,637.0,https://www.youtube.com/watch?v=dd8PXhuU1K8,3788,53,53,Wu - Zetian
83,Wu Zetian BoyToys and Buddhas Part 5,2024-01-27,316464,13916.0,255.0,omh_ReMW74M,617.0,https://www.youtube.com/watch?v=omh_ReMW74M,3795,53,53,Wu - Zetian
80,Empress Wu Zetian LIES,2024-02-10,85279,2259.0,104.0,rt1uePpPqCQ,1222.0,https://www.youtube.com/watch?v=rt1uePpPqCQ,3809,53,53,Wu - Zetian
