Episode,Published,Views,Likes,Comments,ID,Time (sec),URL
Imperial President: William McKinley 2 | US History | Extra History,2025-07-26,181139,9354,519,YtOVaF1qxS0,1074.0,https://www.youtube.com/watch?v=YtOVaF1qxS0
2026 “History Happens Every Day” Kickstarter Launch Stream!,2025-07-22,14862,440,11,fPjEW8alNCg,10760.0,https://www.youtube.com/watch?v=fPjEW8alNCg
Pearl Harbor's SECRET WW2 Catastrophe | The West Loch Disaster | Extra History,2025-07-22,131761,7716,234,hIo9BZGN4AQ,831.0,https://www.youtube.com/watch?v=hIo9BZGN4AQ
Smallpox's Apocalypse | Best Days in History #shorts,2025-07-22,583619,56742,565,upXbuTx8asE,76.0,https://www.youtube.com/watch?v=upXbuTx8asE
Rollercoasters Wrecked People! | Historical Victorian Horrors #shorts,2025-07-17,1933907,142812,379,pfZERIpuVvU,69.0,https://www.youtube.com/watch?v=pfZERIpuVvU
The Tariff King: President William McKinley 1 | US History | Extra History,2025-07-12,314260,15450,893,_lWCFazfhL0,1103.0,https://www.youtube.com/watch?v=_lWCFazfhL0
Battle for Birth Control | US History #shorts,2025-07-10,1347774,111708,1123,cRPw_fBnekw,68.0,https://www.youtube.com/watch?v=cRPw_fBnekw
Policing London | British History | Extra History Complete,2025-07-05,261636,8452,223,H9BYIz0iiV0,2995.0,https://www.youtube.com/watch?v=H9BYIz0iiV0
Was Sandman Stolen? | So You Haven't Read #shorts,2025-07-03,366148,25917,363,KYUfASfJ2ts,67.0,https://www.youtube.com/watch?v=KYUfASfJ2ts
Mutiny on the Bounty | Lies | Extra History,2025-07-02,28262,1272,77,mrhganQPwv8,1746.0,https://www.youtube.com/watch?v=mrhganQPwv8
The Tuskegee Airmen | US History | WW2,2025-06-28,203032,13459,597,p402cuRIy8Q,1024.0,https://www.youtube.com/watch?v=p402cuRIy8Q
"Al Capone's ""Family"" Problems | Worst Dad's in History #shorts",2025-06-26,3659241,279790,620,SEzfUiEgUks,67.0,https://www.youtube.com/watch?v=SEzfUiEgUks
President Almost Overthrown! -The Business Plot | Worst Coups in History #shorts,2025-06-19,1738108,126508,1004,DdyVGSbRavU,77.0,https://www.youtube.com/watch?v=DdyVGSbRavU
Mutiny on the Bounty 3: Global Manhunt | Naval History | Extra History,2025-06-14,227719,10809,371,-JJuH5F5dmo,1046.0,https://www.youtube.com/watch?v=-JJuH5F5dmo
Censoring Arlington Cemetery | Recently Deleted History #shorts,2025-06-12,5129675,373464,2534,12YMenGYQMs,73.0,https://www.youtube.com/watch?v=12YMenGYQMs
Ibn Battuta | History's Greatest Traveler | Extra History Complete,2025-06-07,298548,9413,485,HdlxlYjyf0w,2775.0,https://www.youtube.com/watch?v=HdlxlYjyf0w
Reagan Created Cyberpunk?! | US History #shorts,2025-06-06,2269461,189798,1844,Ep4xO5kyRYo,80.0,https://www.youtube.com/watch?v=Ep4xO5kyRYo
Mutiny on the Bounty 2: Cast Adrift | Naval History | Extra History,2025-05-31,228596,10497,328,p0eOXXKMLCA,1030.0,https://www.youtube.com/watch?v=p0eOXXKMLCA
Pearl Harbor Hero Delisted | Recently Deleted History #shorts,2025-05-29,6236403,476134,5486,k1115talIMU,61.0,https://www.youtube.com/watch?v=k1115talIMU
Panama Canal Death Toll | Extra History #shorts,2025-05-22,1165972,80102,433,7KPPUGt6tN0,68.0,https://www.youtube.com/watch?v=7KPPUGt6tN0
Mutiny on the Bounty 1: Disaster in the Making | Naval History | Extra History,2025-05-17,372525,13927,505,i8p4Uv6Hpjs,1047.0,https://www.youtube.com/watch?v=i8p4Uv6Hpjs
First Cat in Space! | Coolest Cats in History #shorts,2025-05-15,453950,43353,379,w_O5eP8ZVmU,86.0,https://www.youtube.com/watch?v=w_O5eP8ZVmU
Theodore Roosevelt: Trustbuster | US History | Extra History Complete,2025-05-10,441456,13806,526,qhweYlMlk3s,2962.0,https://www.youtube.com/watch?v=qhweYlMlk3s
U.S. Government vs Birth Control | US History | Extra History #shorts,2025-05-08,1594739,110493,830,iK2NVY-kJXM,74.0,https://www.youtube.com/watch?v=iK2NVY-kJXM
The History of Cats | Lies | Extra History,2025-05-07,61874,2205,119,04xN-vQf_sc,1750.0,https://www.youtube.com/watch?v=04xN-vQf_sc
The Holy Grail: Faith vs. Fiction | Religious History | Extra History,2025-05-03,369150,14510,924,P6p72iRsPac,1116.0,https://www.youtube.com/watch?v=P6p72iRsPac
Victorian Poison Dress | European History | Extra History #shorts,2025-05-01,5938076,355408,1058,k0U6s8Ewuss,72.0,https://www.youtube.com/watch?v=k0U6s8Ewuss
Soviet Battlecat | Coolest Cats in History #shorts,2025-04-24,2139341,181188,748,n-Fe3jkyprU,70.0,https://www.youtube.com/watch?v=n-Fe3jkyprU
The First Cat Memes: History of Cats 3 | World History | Extra History,2025-04-19,344639,16145,587,0JV9oyb8Uo4,1090.0,https://www.youtube.com/watch?v=0JV9oyb8Uo4
Onfim's Naughty Notes! | Worst Kids in History #shorts,2025-04-17,6882710,404769,1216,sz96347e47k,72.0,https://www.youtube.com/watch?v=sz96347e47k
Third Century Crisis | Roman History | Extra History Complete,2025-04-12,560961,13695,453,vxkOwsBAJck,2908.0,https://www.youtube.com/watch?v=vxkOwsBAJck
Why Pirates Have Parrots! | World History | Extra History #shorts,2025-04-10,3105708,224817,586,pxa51m1iaP0,62.0,https://www.youtube.com/watch?v=pxa51m1iaP0
History of Cats 2: Creatures from Hell | World History | Extra History,2025-04-05,349105,18939,945,3ofDW6vaZ4M,967.0,https://www.youtube.com/watch?v=3ofDW6vaZ4M
British Museum Cat | Coolest Cats in History #shorts,2025-04-03,3409083,286476,851,ju4ZUuJP8EM,68.0,https://www.youtube.com/watch?v=ju4ZUuJP8EM
Kennedy's Crappy Parenting | Worst Dads in History #shorts,2025-03-27,7164705,549922,2178,ibp1HgWoBPA,60.0,https://www.youtube.com/watch?v=ibp1HgWoBPA
History of Cats 1: God’s Fluffy Murder Machines | World History | Extra History,2025-03-22,863911,39498,1400,zK1Mpx9h-I8,990.0,https://www.youtube.com/watch?v=zK1Mpx9h-I8
Holy Site Natural Gas Leak! | Extra History #shorts,2025-03-20,1106536,104543,680,va3Jtm_a7jA,69.0,https://www.youtube.com/watch?v=va3Jtm_a7jA
The Thirty Years War | European History | Extra History Complete,2025-03-15,706684,18490,561,CaMe0SVcCKc,2817.0,https://www.youtube.com/watch?v=CaMe0SVcCKc
Best Days in History: Penicillin | Kickstarter Voted Topic #shorts,2025-03-13,4837970,486776,2243,2AmsNrsyzYs,67.0,https://www.youtube.com/watch?v=2AmsNrsyzYs
The Unholy Roman Emperor Frederick II | LIES | Extra History,2025-03-12,49308,1650,63,9dqqLw2HrCU,1769.0,https://www.youtube.com/watch?v=9dqqLw2HrCU
King of the Fairies: Goodwin Wharton | European History | Extra History,2025-03-08,319303,13072,520,bN0363lM3OM,1052.0,https://www.youtube.com/watch?v=bN0363lM3OM
The Thief Taker General | Worst Bosses in History #shorts,2025-03-06,855458,85172,219,unXJ5maJMas,86.0,https://www.youtube.com/watch?v=unXJ5maJMas
The Outrageous Sir Francis Drake Fake | Best Pranks in History | Extra History #shorts,2025-02-27,2818404,286480,676,6TN1i_FUH9w,64.0,https://www.youtube.com/watch?v=6TN1i_FUH9w
The Unholy Roman Emperor Frederick II 3: Savior or Antichrist | European History | Extra History,2025-02-22,337716,13816,376,4GZPc68Kz2w,1043.0,https://www.youtube.com/watch?v=4GZPc68Kz2w
Roman Emperors Fratricide | Worst Kids in History #shorts,2025-02-20,3198956,264280,650,fLn465Qee80,60.0,https://www.youtube.com/watch?v=fLn465Qee80
Sun Yat-sen | Chinese History | Extra History Complete,2025-02-15,606170,14449,436,sUi-yNyCNek,3300.0,https://www.youtube.com/watch?v=sUi-yNyCNek
How World War II Shaped Manga | Extra History #shorts,2025-02-13,1898135,174341,485,RccuZhf5FwI,63.0,https://www.youtube.com/watch?v=RccuZhf5FwI
The Unholy Roman Emperor Frederick II 2: Excommunicated Again | European History | Extra History,2025-02-08,397161,15281,449,ottbSSTiCcw,1048.0,https://www.youtube.com/watch?v=ottbSSTiCcw
The TRUTH About Tarot | Extra History #shorts,2025-02-06,472069,36041,272,B0enMBuOyw4,72.0,https://www.youtube.com/watch?v=B0enMBuOyw4
Nazi War Criminal’s Favorite Soap Opera? | Extra History #shorts,2025-01-30,3217360,269952,1084,znj6EDinV_g,61.0,https://www.youtube.com/watch?v=znj6EDinV_g
The Unholy Roman Emperor Frederick II 1: The Pope's Pet | European History | Extra History,2025-01-25,608222,21231,590,IkWE_BNkMLY,998.0,https://www.youtube.com/watch?v=IkWE_BNkMLY
"The History of 4,000,000 | Extra History #shorts",2025-01-23,450028,38422,315,dgfNB96Y2Qw,71.0,https://www.youtube.com/watch?v=dgfNB96Y2Qw
Irish Potato Famine | Extra History Complete | Irish History,2025-01-18,1087569,23577,1471,PRloj_jb1xQ,3181.0,https://www.youtube.com/watch?v=PRloj_jb1xQ
History of Disease: The Yips | Extra History #shorts,2025-01-16,575238,52658,325,exMLdSEJumc,65.0,https://www.youtube.com/watch?v=exMLdSEJumc
The Pazzi Conspiracy | LIES | Extra History,2025-01-15,70143,2194,142,pdkWyqjD1M0,1838.0,https://www.youtube.com/watch?v=pdkWyqjD1M0
The Bonfire of the Vanities | Italian History | Extra History,2025-01-11,257119,11583,389,eEiKk-us_lA,775.0,https://www.youtube.com/watch?v=eEiKk-us_lA
That Time the US Bombed Montana | Extra History #shorts,2025-01-09,4807887,403695,1219,xGr3Dox9Eh4,58.0,https://www.youtube.com/watch?v=xGr3Dox9Eh4
The Pazzi Conspiracy 4: Well Executed | Italian History | Extra History,2025-01-04,269370,12187,274,-dDwWxU8BiA,611.0,https://www.youtube.com/watch?v=-dDwWxU8BiA
Marriage Massacre | Worst Wedding's in History #shorts,2025-01-02,2693062,226626,618,eaZweE8WxKU,64.0,https://www.youtube.com/watch?v=eaZweE8WxKU
The Pazzi Conspiracy 3: Street Justice | Italian History | Extra History,2024-12-28,276729,12285,471,EGmv70-WQyo,608.0,https://www.youtube.com/watch?v=EGmv70-WQyo
Stalin's Stupid Parenting | Worst Dads in History #shorts,2024-12-26,4825401,432409,1684,1dTdwZWSQt0,66.0,https://www.youtube.com/watch?v=1dTdwZWSQt0
The Pazzi Conspiracy 2: Blood in the Cathedral | Italian History | Extra History,2024-12-21,298602,12608,299,iZ7ZwxcfMmM,566.0,https://www.youtube.com/watch?v=iZ7ZwxcfMmM
Cryptids for Christmas | D&D Actual Play | Charity Drive Reward!,2024-12-19,24539,859,59,xDhd_L3Jlr4,12148.0,https://www.youtube.com/watch?v=xDhd_L3Jlr4
Bird Poop vs. Electricity | Extra History #shorts,2024-12-19,1594544,132452,368,Ehk7HVGBT8o,75.0,https://www.youtube.com/watch?v=Ehk7HVGBT8o
The Pazzi Conspiracy 1: The Pope’s Plot | Italian History | Extra History,2024-12-14,439686,15978,460,3a80aHHIqZ0,722.0,https://www.youtube.com/watch?v=3a80aHHIqZ0
How Victorian Workhouses Changed Charity | European History | Extra History,2024-12-12,516267,19231,1174,KreHl5JTQcU,806.0,https://www.youtube.com/watch?v=KreHl5JTQcU
When Dancing Was Addictive | Dancing Plague | Weird Days in History #shorts,2024-12-12,2989365,280349,1141,YvUxZcD9JKc,56.0,https://www.youtube.com/watch?v=YvUxZcD9JKc
The GOAT of Holiday Animals | Scandinavian History | Extra History,2024-12-07,216036,11140,562,noY9iXUHJfM,694.0,https://www.youtube.com/watch?v=noY9iXUHJfM
New York's War on Pinball! | Extra History #shorts,2024-12-05,1540568,137864,323,moFBf0HL5pM,60.0,https://www.youtube.com/watch?v=moFBf0HL5pM
Nazi Occultism | LIES | Extra History,2024-11-30,144765,2731,236,xRwnSoaNmjA,2093.0,https://www.youtube.com/watch?v=xRwnSoaNmjA
The First Black Friday | Extra History #shorts,2024-11-27,1192573,108045,194,5cV13aymyL4,56.0,https://www.youtube.com/watch?v=5cV13aymyL4
The Story of Beer | Extra History Complete | World History,2024-11-27,773559,17908,597,VEXoJhDNKAc,2627.0,https://www.youtube.com/watch?v=VEXoJhDNKAc
House of Death: The Collyer Brothers | US History | Extra History,2024-11-23,324431,12207,358,X_cEcBcC7WA,637.0,https://www.youtube.com/watch?v=X_cEcBcC7WA
Giant Teeth From Heaven?! | Cotton Mather | Weird Dudes in History #shorts,2024-11-21,3834769,354632,985,nuinIboVaRc,60.0,https://www.youtube.com/watch?v=nuinIboVaRc
Nazi Occultism 5: Thor's Hammer | European History | WW2 | Extra History,2024-11-16,417194,18304,791,1H-z5Dhy5c8,692.0,https://www.youtube.com/watch?v=1H-z5Dhy5c8
Fairy King Goodwin Wharton | Weird Dudes in History #shorts,2024-11-14,2993228,313060,1112,0SGYDlktMJU,60.0,https://www.youtube.com/watch?v=0SGYDlktMJU
Nazi Occultism 4: The Indiana Jones Stuff | European History | WW2 | Extra History,2024-11-09,453663,17120,468,Tg8CpKzcFm8,787.0,https://www.youtube.com/watch?v=Tg8CpKzcFm8
Korean King’s Hilarious Secret 🤫 | Extra History #shorts,2024-11-07,3149278,326110,843,iBzHVnxMWMQ,59.0,https://www.youtube.com/watch?v=iBzHVnxMWMQ
Nazi Occultism 3: Hitler vs Magic | European History | WW2 | Extra History,2024-11-02,416165,16733,560,06fXIstwddk,717.0,https://www.youtube.com/watch?v=06fXIstwddk
London Ghost Murder 👻 | Extra History #shorts,2024-10-31,2449912,197387,368,WESMO1Me1l4,60.0,https://www.youtube.com/watch?v=WESMO1Me1l4
Nazi Occultism 2: Weird Science | European History | WW2 | Extra History,2024-10-26,493827,19396,1246,6MEzUovLTMs,712.0,https://www.youtube.com/watch?v=6MEzUovLTMs
Communist Brain Washing | Extra History #shorts,2024-10-23,2095897,167542,686,nkCUw-Zv1Iw,60.0,https://www.youtube.com/watch?v=nkCUw-Zv1Iw
Nazi Occultism 1: The Thule Society | European History | WW2 | Extra History,2024-10-19,884120,32468,1270,TokYUITs6zs,719.0,https://www.youtube.com/watch?v=TokYUITs6zs
Medal of Honor of Revoked!? 🎖️ Mary Walker | Extra History #shorts,2024-10-17,8557426,739360,1746,Xh2OV_ZunCU,60.0,https://www.youtube.com/watch?v=Xh2OV_ZunCU
Vlad the Impaler | Extra History Complete | European History,2024-10-12,1067185,24303,548,BvFwqVzEsfw,2842.0,https://www.youtube.com/watch?v=BvFwqVzEsfw
Giuseppe Garibaldi: Unifying Italy | LIES | Extra History,2024-10-09,80107,1596,115,56QN6Eb1VQE,1875.0,https://www.youtube.com/watch?v=56QN6Eb1VQE
Victorian Abstinence Crackers | Weird Dudes in History #shorts,2024-10-08,6829751,560936,1807,sC5B8UcgaWo,60.0,https://www.youtube.com/watch?v=sC5B8UcgaWo
Fighting for the Right to Vote: Voting Rights Act of 1965 | US History | Extra History,2024-10-05,219619,10348,948,wiO2ebPi48o,670.0,https://www.youtube.com/watch?v=wiO2ebPi48o
A Monstrously Great Father | Tsar Nicholas II | Best Dad's in History #shorts,2024-10-02,3478699,351776,1683,RAkQZhz0NVE,57.0,https://www.youtube.com/watch?v=RAkQZhz0NVE
Garibaldi: Expedition of the Thousand | Unifying Italy | Extra History | Part 5,2024-09-28,251265,11794,390,_ctrANc5DkM,661.0,https://www.youtube.com/watch?v=_ctrANc5DkM
Hollow Earth... HOW? | Weird Dudes in History #shorts,2024-09-25,2665933,274379,1363,kXdhKwKq89Q,60.0,https://www.youtube.com/watch?v=kXdhKwKq89Q
Garibaldi: The Cost of War | Unifying Italy | Extra History | Part 4,2024-09-21,294236,11820,355,vPb0pZwyYKc,661.0,https://www.youtube.com/watch?v=vPb0pZwyYKc
History's Dumbest Duels: Artist vs Critic | Extra History #shorts,2024-09-17,3695409,353883,1485,bpAeiqUtNh0,60.0,https://www.youtube.com/watch?v=bpAeiqUtNh0
Garibaldi: The Siege of Rome | Unifying Italy | Extra History | Part 3,2024-09-14,311692,12531,415,nJI-OfZuJg8,699.0,https://www.youtube.com/watch?v=nJI-OfZuJg8
China's Most Devastating Earthquake: Worst Days in History | Kickstarter Voted Topic #short,2024-09-10,2873352,294836,916,j_I9IKF4nCc,59.0,https://www.youtube.com/watch?v=j_I9IKF4nCc
Garibaldi: For Love and Country | Unifying Italy | Extra History | Part 2,2024-09-07,378606,13887,401,HLf6ONK1JP4,655.0,https://www.youtube.com/watch?v=HLf6ONK1JP4
Peter the Great's Poor Parenting | Worst Dads in History #shorts,2024-09-04,2738153,277970,1108,YKRdREGzFUs,60.0,https://www.youtube.com/watch?v=YKRdREGzFUs
Garibaldi: Hero of Two Worlds | Unifying Italy | Extra History | Part 1,2024-08-31,518537,20103,717,_kbjIwH8jBM,651.0,https://www.youtube.com/watch?v=_kbjIwH8jBM
A Dad's Destroyed Legacy: King George IV | Worst Kids in History #shorts,2024-08-27,6432111,513540,1410,2JKdim2WMVI,60.0,https://www.youtube.com/watch?v=2JKdim2WMVI
Joan of Arc | Extra History Complete | European History,2024-08-24,932558,24986,694,OvE23dL0rkU,3186.0,https://www.youtube.com/watch?v=OvE23dL0rkU
Invasion of Quebec | LIES | Extra History,2024-08-21,60061,1615,119,r4SIBeuVdn4,1970.0,https://www.youtube.com/watch?v=r4SIBeuVdn4
A Real Roman Daddy | Best Dads in History #shorts,2024-08-20,5753334,604271,1604,2X2GTLoqtN4,59.0,https://www.youtube.com/watch?v=2X2GTLoqtN4
Benedict Arnold: Path to Betrayal | US History | Extra History | Part 2,2024-08-17,296176,12233,485,biIzip1F8GI,682.0,https://www.youtube.com/watch?v=biIzip1F8GI
The TRUE Illuminati Symbology 👁️ | European History #shorts,2024-08-13,5237087,456617,4324,lDuBFngREPk,58.0,https://www.youtube.com/watch?v=lDuBFngREPk
Benedict Arnold: From War Hero to Traitor | US History | Extra History | Part 1,2024-08-10,454875,16256,596,SG-NWQvcZI0,638.0,https://www.youtube.com/watch?v=SG-NWQvcZI0
Deadline's Deadly History | US History #shorts,2024-08-06,1800895,165829,246,it4wyFvbYiQ,55.0,https://www.youtube.com/watch?v=it4wyFvbYiQ
Invasion of Quebec: No Retreat | US History | Extra History | Part 4,2024-08-03,276890,10190,340,6trYjVdxeRs,692.0,https://www.youtube.com/watch?v=6trYjVdxeRs
Eleanor's Aggressive Mothering | Best Mom's in History #shorts,2024-07-30,12944563,1062552,2336,0NwEBO-aN98,53.0,https://www.youtube.com/watch?v=0NwEBO-aN98
Invasion of Quebec: Battle in the Streets | US History | Extra History | Part 3,2024-07-27,302678,10704,344,t0xbGEADSSE,595.0,https://www.youtube.com/watch?v=t0xbGEADSSE
Best Pranks in History! | 1749 Theater Riot #shorts,2024-07-23,6028860,503976,914,z6IGZ2dECNE,60.0,https://www.youtube.com/watch?v=z6IGZ2dECNE
Invasion of Quebec: Benedict Arnold’s Death March | US History | Extra History | Part 2,2024-07-20,355424,12372,331,RZchF6fBjRA,660.0,https://www.youtube.com/watch?v=RZchF6fBjRA
The BEST Day for War!💥 | Extra History #shorts,2024-07-18,5970794,429178,1143,a0Szqs5eB5s,60.0,https://www.youtube.com/watch?v=a0Szqs5eB5s
"The Calendar's 10,000 Year History | World History | Extra History",2024-07-16,487026,18671,729,YGEccCwtVMg,606.0,https://www.youtube.com/watch?v=YGEccCwtVMg
Invasion of Quebec: America’s Founding Disaster | US History | Extra History | Part 1,2024-07-13,586919,17389,692,_jPzFvKRuKE,644.0,https://www.youtube.com/watch?v=_jPzFvKRuKE
Biggest Train Heist in US History! #shorts,2024-07-10,1076986,94962,218,L-V-HOYYgBQ,60.0,https://www.youtube.com/watch?v=L-V-HOYYgBQ
The Siege of Vienna | European History | Extra History Complete,2024-07-06,1176459,30208,896,pE3QWKLaxMs,2091.0,https://www.youtube.com/watch?v=pE3QWKLaxMs
Hypatia of Alexandria | LIES | Extra History,2024-07-04,104721,1888,111,wnUv-Yfm9t8,1693.0,https://www.youtube.com/watch?v=wnUv-Yfm9t8
Nero’s Looney Tunes Matricide | Worst Kids in History #shorts,2024-07-03,15465493,1116529,2270,y_PuPTYKQL8,59.0,https://www.youtube.com/watch?v=y_PuPTYKQL8
History of the Board Game - Morals vs. Capitalism | US History | Extra History,2024-06-29,377637,12806,365,MR8tH-NRGxM,666.0,https://www.youtube.com/watch?v=MR8tH-NRGxM
Luckiest Gambler in History | Extra History #shorts,2024-06-25,4558708,398749,974,-Iq27_Yk90s,60.0,https://www.youtube.com/watch?v=-Iq27_Yk90s
Dark History of the Panama Railroad | U.S. History | Extra History,2024-06-22,379217,15239,388,mhaKccJLLn8,633.0,https://www.youtube.com/watch?v=mhaKccJLLn8
Catherine the Great’s Ukraine War | Russian History | Extra History #shorts,2024-06-19,2541419,205612,1480,W_LfiZ3ekOo,60.0,https://www.youtube.com/watch?v=W_LfiZ3ekOo
Hypatia of Alexandria: Everyone Gets Her Wrong | Roman History | Part 4 | Extra History,2024-06-15,235980,9466,379,Eoa4hydiLps,674.0,https://www.youtube.com/watch?v=Eoa4hydiLps
Herod the Not So Great Dad | Worst Dads in History #Shorts,2024-06-11,4442506,411373,1694,W-AOa4a4xYo,57.0,https://www.youtube.com/watch?v=W-AOa4a4xYo
Hypatia of Alexandria: Mob Mentality | Roman History | Part 3 | Extra History,2024-06-08,238570,9485,436,95AAcjMB7Ps,701.0,https://www.youtube.com/watch?v=95AAcjMB7Ps
The Great Beaver Drop 🦫 | US History | Extra History #shorts,2024-06-04,7819649,580902,2259,HmK7490nYa0,60.0,https://www.youtube.com/watch?v=HmK7490nYa0
Hypatia of Alexandria: Christians vs. Pagans | Roman History | Part 2 | Extra History,2024-06-01,302874,11094,329,RqUy82EeBkE,651.0,https://www.youtube.com/watch?v=RqUy82EeBkE
Rockefeller's Deadbeat Dad | Worst Dads in History #Shorts,2024-05-28,6435770,507213,1523,2yQwBY0VMBs,60.0,https://www.youtube.com/watch?v=2yQwBY0VMBs
Ancient Celebrity Murder: Hypatia of Alexandria | Roman History | Part 1 | Extra History,2024-05-25,509133,17002,517,SselOJQd2_4,628.0,https://www.youtube.com/watch?v=SselOJQd2_4
Did Shakespeare Rip Off Hamlet? | Extra History #shorts,2024-05-21,1974590,192563,845,uhyv0TwiSJ4,60.0,https://www.youtube.com/watch?v=uhyv0TwiSJ4
The Viking Expansion Compilation | European History | Extra History Complete,2024-05-18,1279352,27012,774,hdnUiIKGxG0,3937.0,https://www.youtube.com/watch?v=hdnUiIKGxG0
Secret Societies | LIES | Extra History,2024-05-15,150580,2627,220,opBy-sQ75Vw,1813.0,https://www.youtube.com/watch?v=opBy-sQ75Vw
Judy Garland’s Pill-Pusher Mom | Worst Mom's in History | Extra History #shorts,2024-05-12,11850112,931703,2486,-XrO0ZrmR7w,59.0,https://www.youtube.com/watch?v=-XrO0ZrmR7w
The Great Locomotive Chase: First Medals of Honor | US Train History | Extra History,2024-05-11,463397,16726,640,GFy9p1KB8SA,669.0,https://www.youtube.com/watch?v=GFy9p1KB8SA
People Get Godzilla Wrong 🦎 | Japanese History | Extra History #shorts,2024-05-07,9194464,667695,2233,gKzt9Pj2c_Y,60.0,https://www.youtube.com/watch?v=gKzt9Pj2c_Y
The Yakuza | Secret Societies 5 | Japanese History | Extra History,2024-05-04,853579,30468,640,wJqgqEHc3nw,699.0,https://www.youtube.com/watch?v=wJqgqEHc3nw
Darth Deadbeat Dad! | Worst Dads in History | Charity Stream Announcement #shorts,2024-04-30,1241703,96844,482,BYz3U_M3NKE,60.0,https://www.youtube.com/watch?v=BYz3U_M3NKE
The Golden Dawn and Aleister Crowley | Secret Societies 4 | European History | Extra History,2024-04-27,483332,19299,1137,_kS_HrYtxF0,669.0,https://www.youtube.com/watch?v=_kS_HrYtxF0
Whose Gunpowder Won the Civil War?💥 | Extra History #shorts,2024-04-23,3303962,237581,942,PVSmFV3M0MU,58.0,https://www.youtube.com/watch?v=PVSmFV3M0MU
Knights of the Golden Circle | Secret Societies 3 | American History | Extra History,2024-04-20,456884,18172,605,PCqjbbJvAa4,747.0,https://www.youtube.com/watch?v=PCqjbbJvAa4
⚰️ Vikings Killed from Coffins! - Extra History #shorts,2024-04-16,3505215,329685,1199,SfcTfbYxXh8,60.0,https://www.youtube.com/watch?v=SfcTfbYxXh8
The Illuminati | Secret Societies 2 | European History | Extra History,2024-04-13,748356,25345,951,8_JXIXkDE4s,713.0,https://www.youtube.com/watch?v=8_JXIXkDE4s
The Cult of Mithras | Secret Societies 1 | Roman History | Extra History,2024-04-06,615199,27052,805,qmv7BhKEDUo,684.0,https://www.youtube.com/watch?v=qmv7BhKEDUo
The MOST Historical Boat! ⚓️ | Extra History | April Fools #shorts,2024-04-01,1586616,142237,752,foKwhqaE0Lk,60.0,https://www.youtube.com/watch?v=foKwhqaE0Lk
Sitting Bull - LIES - Native American History - Extra History,2024-03-30,76446,2086,168,Z_UraQtpL9E,1489.0,https://www.youtube.com/watch?v=Z_UraQtpL9E
💥 Who blew up the Parthenon? - Extra History #shorts,2024-03-26,4134139,363937,2929,5KfcHbunt5Q,59.0,https://www.youtube.com/watch?v=5KfcHbunt5Q
John L. Sullivan: Boston's Knockout King - US History - Extra History,2024-03-23,249018,11030,320,nI9yIGN2C7E,705.0,https://www.youtube.com/watch?v=nI9yIGN2C7E
The Gross History of White Bread 🤢 - Extra History #shorts,2024-03-19,11916409,773456,1836,NRapL6i5Zm8,59.0,https://www.youtube.com/watch?v=NRapL6i5Zm8
Jim Thorpe: The 20th Century's Greatest Athlete - US History - Extra History,2024-03-16,274777,11799,370,S2oaN0FEwN8,624.0,https://www.youtube.com/watch?v=S2oaN0FEwN8
Washington's Mad Mother! - Worst Moms in History #shorts,2024-03-12,12766491,1087033,3043,SP1Bo0pYK6g,60.0,https://www.youtube.com/watch?v=SP1Bo0pYK6g
The Murder of Sitting Bull - Native American History - Part 4 - Extra History,2024-03-09,230773,12067,576,YivoXjsOCPU,717.0,https://www.youtube.com/watch?v=YivoXjsOCPU
Janes Calamitous Parenting - Worst Moms in History #shorts,2024-03-05,7541832,647057,1609,Xh_AL6ZT87A,60.0,https://www.youtube.com/watch?v=Xh_AL6ZT87A
Sitting Bull: Battle of the Little Bighorn - Native American History - Part 3 - Extra History,2024-03-02,268219,12630,307,QYmyL9kwIJ4,646.0,https://www.youtube.com/watch?v=QYmyL9kwIJ4
Catherine's NOT Great Mom - Worst Moms in History #shorts,2024-02-27,8349248,699188,1091,Haxu1z5airg,60.0,https://www.youtube.com/watch?v=Haxu1z5airg
Sitting Bull: No Reservations - Native American History - Part 2 - Extra History,2024-02-24,266266,12178,396,WI7TTeqrZm4,644.0,https://www.youtube.com/watch?v=WI7TTeqrZm4
Jesse James' Scammer Mom - Worst Moms in History #shorts,2024-02-20,6159054,545066,1905,r8rJP4szwX8,60.0,https://www.youtube.com/watch?v=r8rJP4szwX8
Sitting Bull: Origin of a Legend - Native American History - Part 1 - Extra History,2024-02-17,404742,16983,435,CSa-aSM59JE,670.0,https://www.youtube.com/watch?v=CSa-aSM59JE
Wu-st Mom in History!? - Worst Moms in History #shorts,2024-02-13,9863498,809752,1935,UWkBXFBcEGk,60.0,https://www.youtube.com/watch?v=UWkBXFBcEGk
Empress Wu Zetian - LIES - Chinese History - Extra History,2024-02-10,85279,2259,104,rt1uePpPqCQ,1222.0,https://www.youtube.com/watch?v=rt1uePpPqCQ
Pigs: History's Greatest Villains? - World History - Extra History,2024-02-07,294497,13304,554,0_S0dlpMsBQ,459.0,https://www.youtube.com/watch?v=0_S0dlpMsBQ
Hunt Cryptids Legally! - Extra Mythology #shorts,2024-02-06,1251334,104364,344,QjA6d_aPzRc,50.0,https://www.youtube.com/watch?v=QjA6d_aPzRc
The Disastrous History of the First Transatlantic Cable - World History - Extra History,2024-02-03,720013,26048,513,H8kdhlzueBo,658.0,https://www.youtube.com/watch?v=H8kdhlzueBo
First Firearm Assassination - Extra History #shorts,2024-01-30,5763090,426271,1232,D_DdQy-da4I,58.0,https://www.youtube.com/watch?v=D_DdQy-da4I
Wu Zetian: Boy-Toys and Buddhas - Chinese History - Part 5 - Extra History,2024-01-27,316464,13916,255,omh_ReMW74M,617.0,https://www.youtube.com/watch?v=omh_ReMW74M
The Kappa: Hold onto Your Butts! - Japanese Myth - Extra Mythology,2024-01-24,226214,10714,451,6OZL31PgDvU,587.0,https://www.youtube.com/watch?v=6OZL31PgDvU
Dismount and DIE! ☠️ - Extra Mythology #shorts,2024-01-23,3033515,245191,610,0JwhIOuw1v0,53.0,https://www.youtube.com/watch?v=0JwhIOuw1v0
Wu Zetian: Finally Emperor - Chinese History - Part 4 - Extra History,2024-01-20,333517,12948,179,dd8PXhuU1K8,637.0,https://www.youtube.com/watch?v=dd8PXhuU1K8
DON’T WATCH IN THE BATHROOM! - Extra Mythology #shorts,2024-01-16,991972,78915,508,4YfcAFGGsIk,60.0,https://www.youtube.com/watch?v=4YfcAFGGsIk
Wu Zetian: Bloody Ghosts and Riots - Chinese History - Part 3 - Extra History,2024-01-13,424846,15958,229,Ujw7ndmOGPk,662.0,https://www.youtube.com/watch?v=Ujw7ndmOGPk
Ilmarinen & the Sampo: Can't Forge Love - Finnish Myth - Extra Mythology,2024-01-10,136473,7126,325,6JvaPix6gCc,589.0,https://www.youtube.com/watch?v=6JvaPix6gCc
MASSIVE Amounts of Gunpowder! 💥 - Extra History #shorts,2024-01-09,3423678,276145,723,YaEMjn6Me4g,56.0,https://www.youtube.com/watch?v=YaEMjn6Me4g
Wu Zetian: China’s Most Famous Murder - Chinese History - Part 2 - Extra History,2024-01-06,459217,16927,352,xmOM-Ng2hKw,622.0,https://www.youtube.com/watch?v=xmOM-Ng2hKw
Henry Ford’s Model T-orture! - Worst Dads in History #shorts,2024-01-02,12474046,937675,3029,f-8kP1-r88o,57.0,https://www.youtube.com/watch?v=f-8kP1-r88o
Wu Zetian: Hated by Gods and Men - Chinese History - Part 1 - Extra History,2023-12-30,751114,24500,531,WBt0T256HD0,633.0,https://www.youtube.com/watch?v=WBt0T256HD0
Pygmalion: Love Can Be Hard - Greek Mythology - Extra Mythology,2023-12-27,197237,9436,373,IqncAvajwSI,559.0,https://www.youtube.com/watch?v=IqncAvajwSI
"The History of 3,000,000 - Extra History #shorts",2023-12-26,1700330,157838,861,M5QHnivmyyM,60.0,https://www.youtube.com/watch?v=M5QHnivmyyM
The REAL War on Christmas - The Plum Pudding Riots - English History - Extra History,2023-12-23,282315,11461,490,Tk2M-7q1G_A,647.0,https://www.youtube.com/watch?v=Tk2M-7q1G_A
Frederick NOT the Greatest Dad -Worst Dads in History #shorts,2023-12-19,19485295,1387184,10000,ppHHLmj_BA4,60.0,https://www.youtube.com/watch?v=ppHHLmj_BA4
The Little Ice Age - LIES - World History - Extra History,2023-12-16,49882,1503,123,GLBSZN5Kvx0,1622.0,https://www.youtube.com/watch?v=GLBSZN5Kvx0
The Dodo Bird: What ACTUALLY Happened - Extra History,2023-12-14,649607,25733,791,8Npavzk_PBA,551.0,https://www.youtube.com/watch?v=8Npavzk_PBA
Vlad Dracul SUCKED! - Worst Dads in History - Extra History #shorts,2023-12-12,7165164,607544,1824,UetUSarOhfE,60.0,https://www.youtube.com/watch?v=UetUSarOhfE
Shootout at the OK Corral: The Showdown - US History - Part 2 - Extra History,2023-12-09,346657,14905,366,mLQidyCs_EE,632.0,https://www.youtube.com/watch?v=mLQidyCs_EE
Santa Claus: A Superhero Origin Story - Extra Mythology,2023-12-06,143967,6952,375,c0S6QvL6SH8,595.0,https://www.youtube.com/watch?v=c0S6QvL6SH8
Ivan WAS Terrible! - Worst Dads in History - Extra History #shorts,2023-12-05,11381439,882825,2374,mSpdhWCtnak,60.0,https://www.youtube.com/watch?v=mSpdhWCtnak
Shootout at the OK Corral: Why it Went Down - US History - Part 1 - Extra History,2023-12-02,488669,18020,431,LSW1HCNbsYE,598.0,https://www.youtube.com/watch?v=LSW1HCNbsYE
Ra’s No Kids Policy - Egyptian Myths - Extra Mythology #shorts,2023-11-28,5787921,448917,1196,W_i-eaIyFuM,60.0,https://www.youtube.com/watch?v=W_i-eaIyFuM
Little Ice Age: The Year Without a Summer - World History - Part 4 - Extra History,2023-11-25,271940,11028,463,jp9QwfW-nDQ,645.0,https://www.youtube.com/watch?v=jp9QwfW-nDQ
The Wild Hunt: English Origins - Extra Mythology,2023-11-22,217048,10904,1282,ou4_-6yBLyk,530.0,https://www.youtube.com/watch?v=ou4_-6yBLyk
Sword in the Stone is not Excalibur?! - The Arthurian Legend - Extra Mythology #shorts,2023-11-20,3454827,275161,1138,B1p50SOiVTw,53.0,https://www.youtube.com/watch?v=B1p50SOiVTw
Little Ice Age: The Witch Hunts - World History - Part 3 - Extra History,2023-11-18,282444,10886,435,lTgAIxA1f8w,624.0,https://www.youtube.com/watch?v=lTgAIxA1f8w
Fight Monsters with Candy - Kuchisake-onna - Extra Mythology #shorts,2023-11-14,4588572,298272,2626,SNFy-355SaA,54.0,https://www.youtube.com/watch?v=SNFy-355SaA
The Little Ice Age: No More Food - World History - Part 2 - Extra History,2023-11-11,335463,12569,240,_J6UYePC40w,587.0,https://www.youtube.com/watch?v=_J6UYePC40w
Kuchisake-Onna: Do you think I'm Pretty? - Japanese Myth - Extra Mythology,2023-11-08,330086,14939,633,49YQHuSp8QQ,532.0,https://www.youtube.com/watch?v=49YQHuSp8QQ
London's Greatest Prison Break! - Jack Sheppard - Extra History #shorts,2023-11-06,4873630,441053,757,tVM0AaMkiuU,52.0,https://www.youtube.com/watch?v=tVM0AaMkiuU
The Little Ice Age: Climate Change - World History - Part 1 - Extra History,2023-11-04,515104,17964,712,b9QQWxqQhM8,649.0,https://www.youtube.com/watch?v=b9QQWxqQhM8
Summon Ghosts... WITH YOUR PHONE! - Extra History #shorts,2023-10-30,1449194,132705,318,P2WVo18VXns,59.0,https://www.youtube.com/watch?v=P2WVo18VXns
Henry Ford - LIES - US History - Extra History,2023-10-28,85398,2553,186,WnksQgTVtXA,2130.0,https://www.youtube.com/watch?v=WnksQgTVtXA
"♫ ""An Industrial Genius"" By Tiffany Roman  - Instrumental Music - Extra History",2023-10-25,50042,1167,50,9o__JNdLpeo,183.0,https://www.youtube.com/watch?v=9o__JNdLpeo
The Oldest Haunted House! - Extra History #shorts,2023-10-23,7850969,493223,1351,-dqu3oOa0nQ,60.0,https://www.youtube.com/watch?v=-dqu3oOa0nQ
The Draft Riots of 1863 - US Civil War - Extra History,2023-10-21,367385,15052,746,RRQ5OghPwKU,631.0,https://www.youtube.com/watch?v=RRQ5OghPwKU
Bloody Mary: Origins of the Urban Legend - Extra Mythology,2023-10-18,408244,19381,829,248J2v0eVZI,568.0,https://www.youtube.com/watch?v=248J2v0eVZI
Faceless Ghost Haunts Hawaii - Extra History #shorts,2023-10-16,1359174,125965,579,DKbLu_m2wJU,54.0,https://www.youtube.com/watch?v=DKbLu_m2wJU
Henry Ford: A Tragic End - US History - Part 5 - Extra History,2023-10-14,556871,22578,721,aa4n-NpfjEs,760.0,https://www.youtube.com/watch?v=aa4n-NpfjEs
Ramesses the Great: Reign of the God-King - Egyptian History - Part 2 - Extra History,2023-10-12,281403,10295,303,lA0MXYMXpe8,674.0,https://www.youtube.com/watch?v=lA0MXYMXpe8
Dam It! Saving Ramesses' Temple from the Nile - Extra History #shorts,2023-10-10,1654671,133660,534,OyaD3Fbk-Ak,60.0,https://www.youtube.com/watch?v=OyaD3Fbk-Ak
Henry Ford: Ignorant Anarchist - US History - Part 4 - Extra History,2023-10-07,513616,21001,1250,HUg22semUoE,665.0,https://www.youtube.com/watch?v=HUg22semUoE
Ramesses the Great: The Battle of Kadesh - Egyptian History - Part 1 - Extra History,2023-10-05,357321,13494,446,4BFh0kTOjBA,658.0,https://www.youtube.com/watch?v=4BFh0kTOjBA
Osiris: Two Deaths of a God - Ancient Egypt -  Extra Mythology,2023-10-04,349574,16452,424,af89mkckiPE,606.0,https://www.youtube.com/watch?v=af89mkckiPE
Loki's Apocalyptic Kids! - Extra Mythology #shorts,2023-10-03,2227811,203830,869,iEaii5viw3s,54.0,https://www.youtube.com/watch?v=iEaii5viw3s
Henry Ford: The Model T - US History - Part 3 - Extra History,2023-09-30,558473,20170,536,p7G4s8sjNtk,661.0,https://www.youtube.com/watch?v=p7G4s8sjNtk
Roman Shaving was Brutal! - Extra History #shorts,2023-09-26,13184900,783809,1743,TUQ7L3JMHio,60.0,https://www.youtube.com/watch?v=TUQ7L3JMHio
Henry Ford: Motor City - US History - Part 2 - Extra History,2023-09-23,573551,21040,372,wT7NJx6WSag,683.0,https://www.youtube.com/watch?v=wT7NJx6WSag
Thor vs. Jörmungandr The World Serpent - Norse Mythology - Extra Mythology,2023-09-20,208711,9625,228,5FxLgdefFwk,676.0,https://www.youtube.com/watch?v=5FxLgdefFwk
Barber-Surgeons?!?? - Extra History #shorts,2023-09-19,3657137,284653,713,KMakhmDngbo,60.0,https://www.youtube.com/watch?v=KMakhmDngbo
Henry Ford: The Boy Who Hated Horses - US History - Part 1 - Extra History,2023-09-16,902270,32092,783,tQAFS1d-0hY,701.0,https://www.youtube.com/watch?v=tQAFS1d-0hY
The Death of Henry Ford's Dream - Extra History #shorts,2023-09-12,4335582,305593,892,1XIOEvjwn00,60.0,https://www.youtube.com/watch?v=1XIOEvjwn00
The Buddhist Expansion - LIES - World History - Extra History,2023-09-09,41939,1562,98,eg1vJBWy5H0,2124.0,https://www.youtube.com/watch?v=eg1vJBWy5H0
"♫ ""Nirvana"" By Tiffany Roman  - Instrumental Music - Extra History",2023-09-06,44973,1026,55,7EG6LFXcVcU,167.0,https://www.youtube.com/watch?v=7EG6LFXcVcU
Ford's Fordlandia Epically FAILS - Extra History #shorts,2023-09-05,655619,51221,159,dbBZqrpSgI0,60.0,https://www.youtube.com/watch?v=dbBZqrpSgI0
Abandonment to Enlightenment - The Buddha's Wife - World History - Extra History,2023-09-02,285872,12398,548,lnqdehuG_xE,781.0,https://www.youtube.com/watch?v=lnqdehuG_xE
King Arthur vs. Excalibur - European Arthurian Legend - Extra Mythology,2023-08-30,472771,24210,466,fQjzKOJjkxg,706.0,https://www.youtube.com/watch?v=fQjzKOJjkxg
"Henry Ford's Brazilian ""Utopia"" - Extra History #shorts",2023-08-29,2463806,173798,756,FtWsGLOkQ9Q,59.0,https://www.youtube.com/watch?v=FtWsGLOkQ9Q
Across the Silk Road - The Buddhist Expansion - World History  - Part 5 - Extra History,2023-08-26,219459,9908,319,j6Gofj-wR2Y,729.0,https://www.youtube.com/watch?v=j6Gofj-wR2Y
Dying for Ice Cream - The Penny Lick Plague - Extra History #shorts,2023-08-22,17756104,854364,3880,lYtKvZ8zA_k,59.0,https://www.youtube.com/watch?v=lYtKvZ8zA_k
Stealing Buddha - The Buddhist Expansion - World History - Part 4 - Extra History,2023-08-19,231543,9738,306,jXlqn8ISEGU,694.0,https://www.youtube.com/watch?v=jXlqn8ISEGU
"Jinn, Friend or Foe of the Eastern World? - Arabia - Extra Mythology",2023-08-16,210933,10734,375,gRTHs5DwR6w,665.0,https://www.youtube.com/watch?v=gRTHs5DwR6w
King Solomon vs The Jinn - Extra Mythology #shorts,2023-08-15,2070453,149341,887,Vt8ZvqQfqH4,60.0,https://www.youtube.com/watch?v=Vt8ZvqQfqH4
Ashoka the Great - The Buddhist Expansion - World History - Part 3 - Extra History,2023-08-12,314736,12201,507,Vpv6ZsXR1aA,753.0,https://www.youtube.com/watch?v=Vpv6ZsXR1aA
Oni are Sh*t Neighbors! - Extra Mythology #shorts,2023-08-08,514964,44378,164,ERDIK4JN-6o,55.0,https://www.youtube.com/watch?v=ERDIK4JN-6o
Serial Killer Monk - The Buddhist Expansion - World History - Part 2 - Extra History,2023-08-05,315634,12896,374,WTLLdDdiXlw,704.0,https://www.youtube.com/watch?v=WTLLdDdiXlw
"Japan's Oni. Demonic, Cannibalistic, and a Totally Great Hosts? - Extra Mythology",2023-08-02,212502,10547,301,GHJswuzP4ok,648.0,https://www.youtube.com/watch?v=GHJswuzP4ok
Cleopatra Rolls the Dice! - Extra Mythology #shorts,2023-08-01,2779947,240972,513,YeAzbacy4eY,60.0,https://www.youtube.com/watch?v=YeAzbacy4eY
Siddhartha and Ancient Buddhism -The Buddhist Expansion - World History - Part 1 - Extra History,2023-07-29,432569,17040,703,jMX-YgdFwd4,671.0,https://www.youtube.com/watch?v=jMX-YgdFwd4
"Basilisks, Turning Lead into Gold in 3 ""Easy"" Steps! - Extra Mythology #shorts",2023-07-25,1162024,100038,271,llKKI3WeVL4,60.0,https://www.youtube.com/watch?v=llKKI3WeVL4
The Crimean War - LIES - European History - Extra History,2023-07-22,74617,1955,83,SKWbQ62fIE0,1736.0,https://www.youtube.com/watch?v=SKWbQ62fIE0
"♫ ""Half a League Onward"" By Tiffany Roman  - Instrumental Music - Extra History",2023-07-19,65354,1426,39,Uwz--LSdKos,130.0,https://www.youtube.com/watch?v=Uwz--LSdKos
The Greatest Mythological Gold Digger - India's Myrmex Indikoi - Extra Mythology #shorts,2023-07-18,1763224,150554,289,VEfAW3xazPo,55.0,https://www.youtube.com/watch?v=VEfAW3xazPo
When the Crimean War Went Full FUBAR - European History - Extra History,2023-07-15,414149,15494,406,LlzIvneMCII,679.0,https://www.youtube.com/watch?v=LlzIvneMCII
The Fantastic Basilisk... and How to Kill It! - European - Extra Mythology,2023-07-12,145122,7208,268,VomEEZS6sCA,578.0,https://www.youtube.com/watch?v=VomEEZS6sCA
Gilgamesh vs. Scorpion Man - Extra Mythology #shorts,2023-07-11,996595,82536,519,rw0hIYl1cWg,55.0,https://www.youtube.com/watch?v=rw0hIYl1cWg
Storming Sevastopol - The Crimean War - European History - Part 5 - Extra History,2023-07-08,531847,19915,592,-tHq9S0rT9s,712.0,https://www.youtube.com/watch?v=-tHq9S0rT9s
H.P. Lovecraft's Syphilis - Extra History #shorts,2023-07-04,4821653,433040,1881,rVAybhwFe6U,60.0,https://www.youtube.com/watch?v=rVAybhwFe6U
Into the Valley of Death - The Crimean War - European History - Part 4 - Extra History,2023-07-01,575070,19792,457,c3y6ip22iF8,650.0,https://www.youtube.com/watch?v=c3y6ip22iF8
The Lion Man of Babylon an Ancient Toilet Guardian - Extra Mythology,2023-06-28,147184,8462,296,pO-90_qbSUk,639.0,https://www.youtube.com/watch?v=pO-90_qbSUk
Loki's BIGGEST Pet Peeve! - Extra Mythology #shorts,2023-06-27,1237086,111153,461,YOPdvfKj3oM,57.0,https://www.youtube.com/watch?v=YOPdvfKj3oM
The Battle of Alma - The Crimean War - European History - Part 3 - Extra History,2023-06-24,658580,21932,486,oxGbjg1S5H0,677.0,https://www.youtube.com/watch?v=oxGbjg1S5H0
Victorians Found WHAT Sexy?! - New England Vampire Panic - Extra History #shorts,2023-06-20,6157932,473447,2504,bvTSLgLdgE4,60.0,https://www.youtube.com/watch?v=bvTSLgLdgE4
"If it Bleeds, it Leads! - The Crimean War - European History - Part 2 - Extra History",2023-06-17,808342,25374,520,R7xsbDKlyXA,641.0,https://www.youtube.com/watch?v=R7xsbDKlyXA
Loki - Death of the Party - Norse - Extra Mythology,2023-06-14,223518,10770,348,KOA35ExswJA,623.0,https://www.youtube.com/watch?v=KOA35ExswJA
Worst. Coronation. Ever. - Conquest of India - Extra History #shorts,2023-06-13,2465375,179079,735,7XTP852g1wE,60.0,https://www.youtube.com/watch?v=7XTP852g1wE
World War Zero - The Crimean War - European History - Part 1 - Extra History,2023-06-10,1275896,37670,1790,yhudiiackzw,759.0,https://www.youtube.com/watch?v=yhudiiackzw
Kamehameha's Cloak: Pure Swag! - Extra History #shorts,2023-06-06,11862850,759015,3825,Jno7IkGYWHE,60.0,https://www.youtube.com/watch?v=Jno7IkGYWHE
Napoleon in Egypt - LIES - Extra History,2023-06-03,65660,2053,124,T6Jo2pQ_eKg,1832.0,https://www.youtube.com/watch?v=T6Jo2pQ_eKg
The Mass-Murdering Mongoose - Hawaiian History - Extra History,2023-06-01,298860,15615,519,EZRlFv1XXus,610.0,https://www.youtube.com/watch?v=EZRlFv1XXus
"♫ ""Egyptian Campaign"" By Tiffany Roman  - Instrumental Music - Extra History",2023-05-31,54843,1024,40,PgI2WD7aA8M,96.0,https://www.youtube.com/watch?v=PgI2WD7aA8M
What an Ass! - Theseus - Extra Mythology #shorts,2023-05-30,2805129,222804,853,4iNKqQWudjY,53.0,https://www.youtube.com/watch?v=4iNKqQWudjY
The Rosetta Stone - A Race to Ancient Secrets - World History - Extra History,2023-05-27,801862,24820,572,orU-w2TXsBU,708.0,https://www.youtube.com/watch?v=orU-w2TXsBU
India's Myrmex Indikoi: Myth or History or BOTH? - Extra Mythology,2023-05-24,203174,10639,338,UJT3CzYcgFU,639.0,https://www.youtube.com/watch?v=UJT3CzYcgFU
THIS… IS… SPARTA'S... AFTERMATH!!! - Battle of Thermopylae - Extra History #shorts,2023-05-23,17017363,990724,4243,OHbuMiYUu_Y,57.0,https://www.youtube.com/watch?v=OHbuMiYUu_Y
"""His Pants Full of Sh*t"" - Napoleon in Egypt - Part 5 - Extra History",2023-05-20,339552,14455,510,XZsZOX_-4Cc,683.0,https://www.youtube.com/watch?v=XZsZOX_-4Cc
Killing Bigfoot is ILLEGAL! - Extra Mythology #shorts,2023-05-16,985106,80551,478,yFQBIeE_bcM,60.0,https://www.youtube.com/watch?v=yFQBIeE_bcM
Bonaparte Bails - Napoleon in Egypt - Part 4 - Extra History,2023-05-13,389882,15080,542,oDiTVL8cUJ4,727.0,https://www.youtube.com/watch?v=oDiTVL8cUJ4
"Orpheus ""...Goes to ""Hell"""" - Greek - Extra Mythology",2023-05-10,186945,9938,401,WxHuUO2LWu4,630.0,https://www.youtube.com/watch?v=WxHuUO2LWu4
Napoleon's Cleopatra - Extra History #shorts,2023-05-09,12906436,939786,4751,mLuqTIYapks,60.0,https://www.youtube.com/watch?v=mLuqTIYapks
Death on the Nile - Napoleon in Egypt - Part 3 - Extra History,2023-05-06,466143,17080,545,PRR9BRYTbD4,686.0,https://www.youtube.com/watch?v=PRR9BRYTbD4
Battle of the Pyramids - Napoleon in Egypt - Part 2 - Extra History,2023-04-29,528392,19261,502,ne4guurtnVI,701.0,https://www.youtube.com/watch?v=ne4guurtnVI
Bigfoot - The Unkillable Cryptid - American - Extra Mythology,2023-04-26,230998,11127,486,ppkzi2mNmk8,629.0,https://www.youtube.com/watch?v=ppkzi2mNmk8
"4,000 Gs For A Tulip?!?!  - Tulip Mania - Extra History #shorts",2023-04-25,1300270,108543,319,k00MEQ3vu9I,60.0,https://www.youtube.com/watch?v=k00MEQ3vu9I
Cosplaying Caesar - Napoleon in Egypt - Part 1 - Extra History,2023-04-22,892194,30340,1022,UjoS_uTtmTs,719.0,https://www.youtube.com/watch?v=UjoS_uTtmTs
Merlin Punks King Arthur - Extra Mythology #shorts,2023-04-18,3979723,343072,795,zqk1EITDpXs,59.0,https://www.youtube.com/watch?v=zqk1EITDpXs
John Brown - LIES - US History - Extra History,2023-04-15,76564,2818,224,4gc_m1IM7dI,1999.0,https://www.youtube.com/watch?v=4gc_m1IM7dI
"♫ ""John Brown's Song"" By Tiffany Roman  - Instrumental Music - Extra History",2023-04-12,111546,2774,139,0H5kX2hM_vw,126.0,https://www.youtube.com/watch?v=0H5kX2hM_vw
Baba Yaga - Neighbor from Hell! - Extra Mythology #shorts,2023-04-11,1139207,88611,410,eLuDq_Xc95o,53.0,https://www.youtube.com/watch?v=eLuDq_Xc95o
The American Revolution’s Forgotten War Crime - US History - Extra History,2023-04-08,404411,22402,1461,hb3eAxzuhJU,748.0,https://www.youtube.com/watch?v=hb3eAxzuhJU
The Death of Merlin...and Why the Wizard Didn't Stop It! - European Arthurian - Extra Mythology,2023-04-05,461887,25994,716,XZV6loCTtn8,630.0,https://www.youtube.com/watch?v=XZV6loCTtn8
April Fools Finale! Lancashire Inscription - Extra History #shorts,2023-04-04,291254,23267,558,VgJEqBlwNBw,60.0,https://www.youtube.com/watch?v=VgJEqBlwNBw
Battle Hymn of the Republic  - John Brown - US History - Part 5 - Extra History,2023-04-01,550912,27927,1185,TYWjNkNsCLw,721.0,https://www.youtube.com/watch?v=TYWjNkNsCLw
April Fool's Origins - Extra History #shorts,2023-04-01,1684811,139862,509,eEAH8Zydt7w,58.0,https://www.youtube.com/watch?v=eEAH8Zydt7w
Beer of Vengeance! - Extra History #shorts,2023-03-28,6141015,427472,1335,dNhLaSDfGeQ,60.0,https://www.youtube.com/watch?v=dNhLaSDfGeQ
The Raid on Harper’s Ferry  - John Brown - US History - Part 4 - Extra History,2023-03-25,519507,20775,768,G1K57zt5rUE,673.0,https://www.youtube.com/watch?v=G1K57zt5rUE
Baba Yaga - When Wishes Come True - European - Extra Mythology,2023-03-22,441883,21596,822,F2TkyY7tjFU,628.0,https://www.youtube.com/watch?v=F2TkyY7tjFU
Frederick the Great's Horse - Extra History #shorts,2023-03-21,1364827,119212,253,AiwNF2ocq9U,58.0,https://www.youtube.com/watch?v=AiwNF2ocq9U
Bleeding Kansas - John Brown - US History - Part 3 - Extra History,2023-03-18,620124,23941,1062,S2StQEwx3W0,783.0,https://www.youtube.com/watch?v=S2StQEwx3W0
Murder Otters of Ireland - Extra Mythology #shorts,2023-03-14,897082,71083,177,2o9g71wy_EI,56.0,https://www.youtube.com/watch?v=2o9g71wy_EI
Choosing Violence - John Brown - US History - Part 2 - Extra History,2023-03-11,677437,26636,846,YQk1YUbbzOo,715.0,https://www.youtube.com/watch?v=YQk1YUbbzOo
The Dobhar-Chú - Monstrous Otter of Irish Folklore - Extra Mythology,2023-03-08,191996,9893,299,c3G4YqXRP8o,607.0,https://www.youtube.com/watch?v=c3G4YqXRP8o
Our Flag Means Sex - Exploring the Pacific - Extra History #shorts,2023-03-07,8066260,589379,5778,HhQ9QeVQj-U,60.0,https://www.youtube.com/watch?v=HhQ9QeVQj-U
Hero or Terrorist? - John Brown - US History - Part 1 - Extra History,2023-03-04,1036878,36655,2555,UghaZOr2umU,682.0,https://www.youtube.com/watch?v=UghaZOr2umU
Operation Avalanche 2: D-Day Nearly Fails | WW2 | Extra History,2023-03-02,362864,13551,363,IQVsCwCSYAQ,705.0,https://www.youtube.com/watch?v=IQVsCwCSYAQ
Donkey Bombs! - US Civil War - Extra History #shorts,2023-02-28,4597100,293320,1300,e7TnNgdFHMs,60.0,https://www.youtube.com/watch?v=e7TnNgdFHMs
Frederick the Great - LIES - European History - Extra History,2023-02-25,91342,3176,179,KeRu7AYNFVo,1697.0,https://www.youtube.com/watch?v=KeRu7AYNFVo
Operation Avalanche 1: The Forgotten D-Day | WW2 | Extra History,2023-02-23,525405,18497,521,7ZhqdeY0VbQ,699.0,https://www.youtube.com/watch?v=7ZhqdeY0VbQ
"♫ Frederick the Great ""King of Prussia"" By Tiffany Roman  - Instrumental Music - Extra History",2023-02-22,137486,2851,116,hmke1gWgrtQ,164.0,https://www.youtube.com/watch?v=hmke1gWgrtQ
Richard The Lionheart's Weird Death - Extra History #shorts,2023-02-21,1873929,177060,823,Jgx89TyiF8E,53.0,https://www.youtube.com/watch?v=Jgx89TyiF8E
The Black Dinner - Scottish History - Extra History,2023-02-18,566678,20971,449,rMN5HwBR5D8,711.0,https://www.youtube.com/watch?v=rMN5HwBR5D8
Revenants - Europe's Punchiest Undead - Scottish - Extra Mythology,2023-02-15,182855,9437,337,egJT2bN_uDU,647.0,https://www.youtube.com/watch?v=egJT2bN_uDU
Balto & Togo: Hero Dog Controversy -  Pugmire RPG #shorts,2023-02-14,295757,25629,150,xjQOQhrccuA,60.0,https://www.youtube.com/watch?v=xjQOQhrccuA
Who Wants to Live Forever? - Frederick the Great - European History - Part 5 - Extra History,2023-02-11,594758,27011,880,yjVrcnMbgQM,747.0,https://www.youtube.com/watch?v=yjVrcnMbgQM
Watch Extra History - Because Learning Matters,2023-02-10,304291,5998,235,3-QC1-N_HrI,79.0,https://www.youtube.com/watch?v=3-QC1-N_HrI
War Dog... Literally! -  Pugmire RPG #shorts,2023-02-07,10183722,783009,4815,nR-9_-8waT0,60.0,https://www.youtube.com/watch?v=nR-9_-8waT0
The Seven Years' War - Frederick the Great - European History - Part 4 - Extra History,2023-02-04,739817,25813,655,TqyLu-WGG9c,736.0,https://www.youtube.com/watch?v=TqyLu-WGG9c
Boy! A Real-Life Hellhound? -  Pugmire RPG #shorts,2023-02-02,1134524,98707,372,4VUeDNMelGs,59.0,https://www.youtube.com/watch?v=4VUeDNMelGs
Snow Crash - Neal Stephenson - So You Haven't Read,2023-02-01,134598,6182,409,nO64ZhBYy9E,733.0,https://www.youtube.com/watch?v=nO64ZhBYy9E
Forging a Legend - Frederick the Great - European History - Part 3 - Extra History,2023-01-28,804402,28117,488,vJdjPwSJqd8,720.0,https://www.youtube.com/watch?v=vJdjPwSJqd8
FINAL Extra Credits Video*,2023-01-25,82874,2625,180,U-VDFXxJl24,310.0,https://www.youtube.com/watch?v=U-VDFXxJl24
History's Most Loyal Doggo Greyfriar Bobby! - Pugmire RPG #shorts,2023-01-24,406604,41446,181,sHZH4Y6h0jU,60.0,https://www.youtube.com/watch?v=sHZH4Y6h0jU
The School of Battle - Frederick the Great - European History - Part 2 - Extra History,2023-01-21,964916,33202,684,d53_wvG8BXA,734.0,https://www.youtube.com/watch?v=d53_wvG8BXA
Slaughterhouse Five - Kurt Vonnegut  - So You Haven't Read,2023-01-18,252355,9294,353,7a4miTDNO_0,586.0,https://www.youtube.com/watch?v=7a4miTDNO_0
His Monstrous Father - Frederick the Great - European History - Part 1 - Extra History,2023-01-14,1529053,49225,1633,FGVQKBm0McA,711.0,https://www.youtube.com/watch?v=FGVQKBm0McA
Extra Credits has Moved! - Simons Quest Playthrough,2023-01-11,31481,916,132,b9XJPAxN1y0,1848.0,https://www.youtube.com/watch?v=b9XJPAxN1y0
Path to Pearl Harbor: LIES | WW2 | Extra History,2023-01-07,91650,2537,144,jfFyKUq5ikI,2125.0,https://www.youtube.com/watch?v=jfFyKUq5ikI
"♫ The Path to Pearl Harbor ""4,000 Miles"" By Tiffany Roman  - Instrumental Music - Extra History",2023-01-06,59773,1153,39,dqEFGsIXNbg,99.0,https://www.youtube.com/watch?v=dqEFGsIXNbg
Day of Infamy - The Path to Pearl Harbor - WWII - Part 6  - Extra History,2022-12-31,413207,15559,609,aD8XSGHnIJo,739.0,https://www.youtube.com/watch?v=aD8XSGHnIJo
Animal Farm - George Orwell - So You Haven't Read,2022-12-28,1138296,36188,1497,humVU3QGkuk,639.0,https://www.youtube.com/watch?v=humVU3QGkuk
Path to Pearl Harbor 5: Climb Mount Niitaka | WW2 | Extra History,2022-12-24,412202,14207,295,TqUBjJBqgQw,743.0,https://www.youtube.com/watch?v=TqUBjJBqgQw
Extra Credits has Moved! - Elden Ring Playthough,2022-12-21,90547,2740,126,uOhRNfqA0Wg,770.0,https://www.youtube.com/watch?v=uOhRNfqA0Wg
Path to Pearl Harbor 4: Countdown to War | WW2 | Extra History,2022-12-17,476792,15126,301,JEOyNwtFX3c,741.0,https://www.youtube.com/watch?v=JEOyNwtFX3c
Little Women - Louisa May Alcott - So You Haven't Read,2022-12-14,128345,4818,185,_yhm97aMxt4,567.0,https://www.youtube.com/watch?v=_yhm97aMxt4
The Eggnog Riot: Christmas Chaos at West Point -  US History - Extra History,2022-12-12,399412,20127,833,lljT4GW7ymc,791.0,https://www.youtube.com/watch?v=lljT4GW7ymc
Path to Pearl Harbor 3: First Strike | WW2 | Extra History,2022-12-10,491035,15328,294,_8V9CKSx6Bg,677.0,https://www.youtube.com/watch?v=_8V9CKSx6Bg
Santa's Dark Origins - Extra History #shorts,2022-12-08,678003,51663,319,COgtIJljmIY,58.0,https://www.youtube.com/watch?v=COgtIJljmIY
Extra Credits Has Moved - Matt & Kat play Mario Kart 8,2022-12-07,72705,2146,154,s8ADy5BEXM8,436.0,https://www.youtube.com/watch?v=s8ADy5BEXM8
The Future of Extra Credits,2022-12-05,357810,18670,1362,hgwQkLgbF1Q,314.0,https://www.youtube.com/watch?v=hgwQkLgbF1Q
Path to Pearl Harbor 2: Mystery of the Panay | WW2 | Extra History,2022-12-03,548980,16947,418,9lZDfVMOyK0,728.0,https://www.youtube.com/watch?v=9lZDfVMOyK0
Othello - William Shakespeare - So You Haven't Read,2022-11-30,133448,5487,217,rGxA51H6EpU,680.0,https://www.youtube.com/watch?v=rGxA51H6EpU
Path to Pearl Harbor 1: Pacific Empires - Japan vs. USA | WW2 | Extra History,2022-11-26,899382,24251,592,CxeiSM1edHE,771.0,https://www.youtube.com/watch?v=CxeiSM1edHE
The Irish Easter Rising - LIES  - Extra History,2022-11-19,52615,1582,134,zNPkBXKW784,1506.0,https://www.youtube.com/watch?v=zNPkBXKW784
"♫ The Irish Easter Rising ""Loss and Dreams"" By Tiffany Roman  - Instrumental Music - Extra History",2022-11-18,59385,1162,56,3w2w-j2Js2U,120.0,https://www.youtube.com/watch?v=3w2w-j2Js2U
Learn to Play D&D - Dragons of Stormwreck Isle - Part 2 - Actual Play - Extra Credits Plays,2022-11-15,30739,643,49,5EQv6_B8lT8,8984.0,https://www.youtube.com/watch?v=5EQv6_B8lT8
The Battle of Culloden - Scottish History - Extra History,2022-11-12,673279,23248,779,h0YZHYsOjtk,735.0,https://www.youtube.com/watch?v=h0YZHYsOjtk
The Hound of the Baskervilles - Sir Arthur Conan Doyle - So You Haven't Read,2022-11-09,178900,6468,301,pWuvcebflyE,659.0,https://www.youtube.com/watch?v=pWuvcebflyE
Death and Rebirth - The Irish Easter Rising - Part 5 - Extra History,2022-11-05,301627,12507,473,7UHamkZ3qKU,704.0,https://www.youtube.com/watch?v=7UHamkZ3qKU
Learn to Play D&D - Dragons of Stormwreck Isle - Part 1 - Actual Play - Extra Credits Plays,2022-11-04,128212,2427,162,c09e3cnSwLQ,14808.0,https://www.youtube.com/watch?v=c09e3cnSwLQ
Rise and Fall - The Irish Easter Rising - Part 4 - Extra History,2022-10-29,338765,12818,308,Qzvv9IgNiKM,715.0,https://www.youtube.com/watch?v=Qzvv9IgNiKM
The Sandman - Neil Gaiman - So You Haven't Read,2022-10-26,181541,7959,433,EFnpqWQeu8o,683.0,https://www.youtube.com/watch?v=EFnpqWQeu8o
The Battle for Dublin - The Irish Easter Rising - Part 3  - Extra History,2022-10-22,405900,13956,476,qP1cXrgQ71E,647.0,https://www.youtube.com/watch?v=qP1cXrgQ71E
D&D Stormwreck Isle One-Shot Announcement - Extra Credits Plays #shorts,2022-10-17,159230,9314,58,6LvyIl3rNpE,60.0,https://www.youtube.com/watch?v=6LvyIl3rNpE
The Eve of Revolution -The Irish Easter Rising - Part 2 - Extra History,2022-10-15,461082,15119,341,v1BiUVP9e4U,710.0,https://www.youtube.com/watch?v=v1BiUVP9e4U
Battle Royale - Koushun Takami - So You Haven't Read,2022-10-12,164800,7272,316,xUHeNXv65WE,607.0,https://www.youtube.com/watch?v=xUHeNXv65WE
Seeds of Rebellion - The Irish Easter Rising - Part 1 - Extra History,2022-10-09,703323,22611,716,YWMWUJXF--I,753.0,https://www.youtube.com/watch?v=YWMWUJXF--I
Eleanor of Aquitaine - LIES - European History - Extra History,2022-10-01,63917,1956,136,sOTYzWonpK4,1732.0,https://www.youtube.com/watch?v=sOTYzWonpK4
"♫ Eleanor of Aquitaine: ""Rebel Queen"" By Tiffany Roman  - Instrumental Music - Extra History",2022-09-30,42882,986,46,QFDdw92v7w4,100.0,https://www.youtube.com/watch?v=QFDdw92v7w4
Get Your Rifles - Battle of Blair Mountain - US History - Part 2 - Extra History,2022-09-24,485933,20628,949,jklZYrkEtEs,716.0,https://www.youtube.com/watch?v=jklZYrkEtEs
Wuthering Heights - Emily Brontë - So You Haven't Read,2022-09-21,123766,4957,383,Pm54yK_npUI,684.0,https://www.youtube.com/watch?v=Pm54yK_npUI
"""Union Busting"" - Battle of Blair Mountain - US History - Part 1 - Extra History",2022-09-17,697126,26698,1059,vg9xywAxb10,673.0,https://www.youtube.com/watch?v=vg9xywAxb10
Mother of Empires - Eleanor of Aquitaine - European History - Part 4 - Extra History,2022-09-10,419807,17975,498,NSSh1AfFrwA,702.0,https://www.youtube.com/watch?v=NSSh1AfFrwA
The Taming of the Shrew - William Shakespeare - So You Haven't Read,2022-09-07,168009,5940,357,PpvFAAFCoXY,598.0,https://www.youtube.com/watch?v=PpvFAAFCoXY
The Devil's Brood - Eleanor of Aquitaine - European History - Part 3 - Extra History,2022-09-03,469091,16603,394,z8a2_kEKXn0,622.0,https://www.youtube.com/watch?v=z8a2_kEKXn0
The Court of Love -  Eleanor of Aquitaine - European History - Part 2 - Extra History,2022-08-27,546332,18486,470,4_KgUiDUPs0,642.0,https://www.youtube.com/watch?v=4_KgUiDUPs0
High Fidelity - Nick Hornby - So You Haven't Read,2022-08-24,89622,3873,156,WykvFDfBn5c,536.0,https://www.youtube.com/watch?v=WykvFDfBn5c
Divorcing a King - Eleanor of Aquitaine - European History - Part 1 - Extra History,2022-08-20,755860,24907,719,fjalQSOLZE4,600.0,https://www.youtube.com/watch?v=fjalQSOLZE4
Kings Of Solomon Ethiopia Empire - LIES - Extra History,2022-08-13,58804,1810,130,2zvWcJvra_g,1698.0,https://www.youtube.com/watch?v=2zvWcJvra_g
"♫ The Ethiopian Empire: ""Abyssinia"" By Tiffany Roman  - Instrumental Music - Extra History",2022-08-11,40926,995,64,H1sgV_3MeKw,127.0,https://www.youtube.com/watch?v=H1sgV_3MeKw
Kings of Solomon - The Battle of Adwa - Ethiopian Empire - Part 6 - Extra History,2022-08-06,277356,11833,433,HI5A_2DKm_0,743.0,https://www.youtube.com/watch?v=HI5A_2DKm_0
The Remains of the Day - Kazuo Ishiguro - So you Haven't Read,2022-08-03,104183,4372,96,DfWj3qGD6AY,441.0,https://www.youtube.com/watch?v=DfWj3qGD6AY
Kings of Solomon: The Barefoot Emperor - Ethiopian Empire - Part 5 - Extra History,2022-07-30,256516,11168,341,ZJerzcod8yw,666.0,https://www.youtube.com/watch?v=ZJerzcod8yw
Kings of Solomon: Time of Judges - Ethiopian Empire - Part 4 - Extra History,2022-07-23,285458,11362,441,oAsURqXz5EM,591.0,https://www.youtube.com/watch?v=oAsURqXz5EM
Murder on the Orient Express - Agatha Christie - So You Haven't Read,2022-07-20,200622,7500,409,0JmgZaSQoYM,488.0,https://www.youtube.com/watch?v=0JmgZaSQoYM
Kings of Solomon: Church and State - Ethiopian Empire - Part 3 - Extra History,2022-07-16,327935,12736,334,GdS10vtF2Q8,641.0,https://www.youtube.com/watch?v=GdS10vtF2Q8
Kings of Solomon: New Jerusalem - Ethiopian Empire - Part 2 - Extra History,2022-07-02,402040,14733,551,9lQJxcYL6Hk,662.0,https://www.youtube.com/watch?v=9lQJxcYL6Hk
Their Eyes Were Watching God - Zora Neale Hurston - So You Haven't Read,2022-06-29,116642,4893,127,nq_xmL9gbkw,550.0,https://www.youtube.com/watch?v=nq_xmL9gbkw
Kings of Solomon: Not Prester John - Ethiopian Empire - Part 1 - Extra History,2022-06-25,601489,22131,900,ZtbLrCrm56Y,649.0,https://www.youtube.com/watch?v=ZtbLrCrm56Y
"♫ Tulip Mania: ""First Financial Bubble"" By Tiffany Roman  - Instrumental Music - Extra History",2022-06-18,54840,1371,68,b2EhkP72ELc,100.0,https://www.youtube.com/watch?v=b2EhkP72ELc
Tulip Mania  - LIES - European History - Extra History,2022-06-18,57347,1757,151,ZbuFKZVdMUo,1977.0,https://www.youtube.com/watch?v=ZbuFKZVdMUo
Billie Holiday vs The US Government - US History - Extra History,2022-06-11,288354,14673,547,bg9uCnCwGsM,603.0,https://www.youtube.com/watch?v=bg9uCnCwGsM
The Importance of Being Earnest - Oscar Wilde - So You Haven't Read,2022-06-08,309510,10829,299,OvJz1KbdLhc,549.0,https://www.youtube.com/watch?v=OvJz1KbdLhc
Eternal Madness - Tulip Mania - European History - Part 5 - Extra History,2022-06-04,339655,14446,425,7GApMtJ1QZQ,626.0,https://www.youtube.com/watch?v=7GApMtJ1QZQ
"""Kill the Indian, Save the Man"" - Carlisle Boarding School - US History - Extra History",2022-06-03,356696,16498,1206,fbRBNSjT_FQ,612.0,https://www.youtube.com/watch?v=fbRBNSjT_FQ
The Crash - Tulip Mania - European History - Part 4 - Extra History,2022-05-28,371188,15098,384,GpDxENI64zI,580.0,https://www.youtube.com/watch?v=GpDxENI64zI
Tom King's Coffee House of Debauchery!  - The History of Coffee - Extra History #shorts,2022-05-27,356512,28766,102,QO64ns38TW8,56.0,https://www.youtube.com/watch?v=QO64ns38TW8
Oedipus the King - Sophocles - So You Haven't Read,2022-05-25,299381,9659,336,6eetzJXoAKk,554.0,https://www.youtube.com/watch?v=6eetzJXoAKk
Lord of the Flies Rejected? #literature #shorts,2022-05-23,179074,12769,116,MQqYsmv_gh4,58.0,https://www.youtube.com/watch?v=MQqYsmv_gh4
To the Moon! - Tulip Mania - European History - Part 3 - Extra History,2022-05-21,411605,15428,416,h8Ng74D_9_Q,606.0,https://www.youtube.com/watch?v=h8Ng74D_9_Q
Guzzling Hot Gold! - Rome & The Third Century Crisis - Extra History #shorts,2022-05-20,2451250,160331,422,PodZmTAZ91A,55.0,https://www.youtube.com/watch?v=PodZmTAZ91A
Don't Steal Roosevelt's Boat! - Extra History #shorts,2022-05-16,8664310,601882,2621,jkzQcVN6Xn4,55.0,https://www.youtube.com/watch?v=jkzQcVN6Xn4
Farming Gold! - Tulip Mania - European History - Part 2 - EXTRA HISTORY,2022-05-14,448930,16510,421,BgBdUWL85nI,612.0,https://www.youtube.com/watch?v=BgBdUWL85nI
Execution Elephants - Ibn Battuta - Extra History #shorts,2022-05-13,1752617,117339,306,Da8YTROteV8,54.0,https://www.youtube.com/watch?v=Da8YTROteV8
The Joy Luck Club - Amy Tan - So You Haven't Read,2022-05-11,147914,5651,169,sIj3d9G8Sx0,503.0,https://www.youtube.com/watch?v=sIj3d9G8Sx0
The Lemon Juice Bandit! Dunning Kruger Effect & Imposter Syndrome - Extra Credits #shorts,2022-05-09,5749841,472329,1509,vLuBDq_kJjE,56.0,https://www.youtube.com/watch?v=vLuBDq_kJjE
The Worlds First Financial Bubble? - Tulip Mania - European History - Part 1 - Extra History,2022-05-07,645002,25509,1016,QL5-YbvmYLE,635.0,https://www.youtube.com/watch?v=QL5-YbvmYLE
Genghis Khan‘s Kids - Extra History #shorts,2022-05-06,8326572,570199,1342,-Mj28P2op0s,58.0,https://www.youtube.com/watch?v=-Mj28P2op0s
The Ultimate Warship - Admiral Yi - Extra History #shorts,2022-05-02,337051,35025,240,XnMCtt31fds,56.0,https://www.youtube.com/watch?v=XnMCtt31fds
"♫ History of Beer: ""Prost!"" By Tiffany Roman  - Animated Instrumental Music Video - Extra History",2022-04-30,40504,1224,61,0UwR_D1c2Hg,80.0,https://www.youtube.com/watch?v=0UwR_D1c2Hg
History of Beer - LIES - World History - Extra History,2022-04-30,71804,2332,184,8-p-4Cw0ElI,1715.0,https://www.youtube.com/watch?v=8-p-4Cw0ElI
Crusader Goose!!! - The First Crusade - Extra History #shorts,2022-04-29,1917390,166118,601,ArxHmXig-9E,59.0,https://www.youtube.com/watch?v=ArxHmXig-9E
New England Vampire Panic  - US History - Extra History,2022-04-28,511634,22525,516,hIP_joTOyek,591.0,https://www.youtube.com/watch?v=hIP_joTOyek
The B-Day that Changed D-Day | WW2 | Extra History #shorts,2022-04-25,12622313,768738,2662,7o83vZczieU,54.0,https://www.youtube.com/watch?v=7o83vZczieU
The Great Disappointment - US History - Extra History,2022-04-23,670748,24047,1374,4z80wKIwW6w,666.0,https://www.youtube.com/watch?v=4z80wKIwW6w
The Swedish Meteor - The Great Northern War - Extra History #shorts,2022-04-22,326388,25713,221,pma42bjrEMI,56.0,https://www.youtube.com/watch?v=pma42bjrEMI
Macbeth - William Shakespeare - So You Haven't Read,2022-04-20,237648,8548,346,jg6cSJS0NaI,595.0,https://www.youtube.com/watch?v=jg6cSJS0NaI
Dating Jane Austen - Pride and Prejudice #literature #shorts,2022-04-18,262362,18035,55,uXbIVaKm4uQ,53.0,https://www.youtube.com/watch?v=uXbIVaKm4uQ
History of Beer - Rise of the Beer Barons - World History - Extra History - Part 5,2022-04-17,386852,16211,626,QIKD5fGbvbc,634.0,https://www.youtube.com/watch?v=QIKD5fGbvbc
THAT Horse Rumor... Catherine the Great - Extra History #shorts,2022-04-15,1667472,113942,845,uG7-ygCoklc,54.0,https://www.youtube.com/watch?v=uG7-ygCoklc
YOU Should Make a Video Game  - Extra Credits #shorts,2022-04-11,153963,10395,113,-KrlhQW8XDM,47.0,https://www.youtube.com/watch?v=-KrlhQW8XDM
History of Beer - Fermenting Revolution - World History - Extra History - Part 4,2022-04-09,427722,15441,388,6pl-MuQHHTE,638.0,https://www.youtube.com/watch?v=6pl-MuQHHTE
The Perfect Biological Weapon? - Hogs in History! - Extra History #shorts,2022-04-08,308648,27691,278,E24KMDW83zk,60.0,https://www.youtube.com/watch?v=E24KMDW83zk
The Diary of a Young Girl - Anne Frank - So You Haven't Read,2022-04-06,484624,12269,531,MiVehITTbkk,512.0,https://www.youtube.com/watch?v=MiVehITTbkk
The 1907 Stock Market Crash - Extra History #shorts,2022-04-04,157663,8700,50,0S4ZVkeu2cw,55.0,https://www.youtube.com/watch?v=0S4ZVkeu2cw
History of Beer  - Hopping Mad - World History - Extra History - Part 3,2022-04-02,469293,16648,340,nbzZKKDjxLE,660.0,https://www.youtube.com/watch?v=nbzZKKDjxLE
Murder by Window! - Defenestration: A Symbol of Rebellion! - Extra History #shorts,2022-03-31,140195,8451,129,lC-a48m3Nbs,57.0,https://www.youtube.com/watch?v=lC-a48m3Nbs
Lord of the Flies - William Golding - So You Haven't Read,2022-03-30,383681,14389,442,rfLX0HZY5OE,557.0,https://www.youtube.com/watch?v=rfLX0HZY5OE
EVERYONE Hates Moral Philosophy... Except Game Writers - Trolley Problem - Extra Credits #shorts,2022-03-28,278267,17836,196,BQ_pCK6TfZM,48.0,https://www.youtube.com/watch?v=BQ_pCK6TfZM
History of Beer  - Barbarian Brew - World History - Extra History - Part 2,2022-03-26,534373,18843,508,RgV9s9ez2cc,623.0,https://www.youtube.com/watch?v=RgV9s9ez2cc
Who Invented Banking? - History of Paper Money - Extra History #shorts,2022-03-25,2109898,193561,943,iatuI91U-e0,59.0,https://www.youtube.com/watch?v=iatuI91U-e0
Beowulf’s BIGGEST Boast! - Extra Mythology #shorts,2022-03-21,2484581,197878,371,-Qsi1fie1sY,57.0,https://www.youtube.com/watch?v=-Qsi1fie1sY
History of Beer - Building a Civilization - World History - Extra History - Part 1,2022-03-19,767992,26861,824,KJsWaJVtZWA,662.0,https://www.youtube.com/watch?v=KJsWaJVtZWA
"Charles VI ALMOST got ""Fired"" - Joan of Arc - Extra History #shorts",2022-03-18,1631028,130309,364,zuxe_RocVNA,52.0,https://www.youtube.com/watch?v=zuxe_RocVNA
Persepolis - Marjane Satrapi - So You Haven't Read,2022-03-16,214570,8858,289,PrEL9ehTWk0,561.0,https://www.youtube.com/watch?v=PrEL9ehTWk0
Dracula SUCKED at being a Vampire! - Vlad The Impaler - Extra History #shorts,2022-03-14,136569,9521,92,1yGN9vxqBOs,59.0,https://www.youtube.com/watch?v=1yGN9vxqBOs
Empire of Brazil - LIES - South American History - Extra History,2022-03-12,94146,3343,172,PmLPXWGUdPU,1587.0,https://www.youtube.com/watch?v=PmLPXWGUdPU
"♫ ""Independência do Brasi"" - Empire of Brazil - Music Video - Extra History",2022-03-12,68944,1518,48,aGXDlc-oqao,146.0,https://www.youtube.com/watch?v=aGXDlc-oqao
Pirate Love Triangle - Cheng I Sao - Extra History #shorts,2022-03-11,2779162,223887,629,YqzMP4aDhbg,54.0,https://www.youtube.com/watch?v=YqzMP4aDhbg
"Live, Die, Re-Load - Save Scumming - Extra Credits #shorts",2022-03-07,136690,8444,147,yMxQuhLaRlQ,50.0,https://www.youtube.com/watch?v=yMxQuhLaRlQ
Mary Toft: The Woman Who Gave Birth to Rabbits - European History - Extra History,2022-03-05,408320,18249,553,lXSfufPrWiU,667.0,https://www.youtube.com/watch?v=lXSfufPrWiU
Why Everyone Loved Saladin - Extra History #shorts,2022-03-04,198064,16337,261,SNal7kchWDs,54.0,https://www.youtube.com/watch?v=SNal7kchWDs
Why Humans Love Hell - A Tour of Hades - Extra Mythology #shorts,2022-02-28,153604,9450,130,98SH5ZSN6iY,59.0,https://www.youtube.com/watch?v=98SH5ZSN6iY
Empire of Brazil - Breaking Bonds - South American History - Extra History - Part 5,2022-02-26,487546,20776,547,QywX2lN6rbY,641.0,https://www.youtube.com/watch?v=QywX2lN6rbY
Who Really Wrote The Count of Monte Cristo? #literature #shorts,2022-02-25,100572,6052,42,CFQg4fKM5YQ,46.0,https://www.youtube.com/watch?v=CFQg4fKM5YQ
Long Way Down - Jason Reynolds - So You Haven't Read,2022-02-23,264242,4188,175,1ShNefClAOs,463.0,https://www.youtube.com/watch?v=1ShNefClAOs
"Morris Cohen, Pickpocket to Chinese General!? Sun Yat-sen - Extra History #shorts",2022-02-21,1536852,122739,332,BHyYRGELqbg,54.0,https://www.youtube.com/watch?v=BHyYRGELqbg
Empire of Brazil  - The Anarchy - South American History - Extra History - #4,2022-02-19,529456,21326,619,Y6ZmbqGI2n4,728.0,https://www.youtube.com/watch?v=Y6ZmbqGI2n4
Kickstarting the Apocalypse - Grigori Rasputin & Alexander Scriabin - Extra History #shorts,2022-02-18,127263,8120,89,AK3HxCOZZ6w,60.0,https://www.youtube.com/watch?v=AK3HxCOZZ6w
Maya Angelou - Voice of the Voiceless - US History - Extra History,2022-02-17,119024,6437,181,j0hVDHpYeqg,566.0,https://www.youtube.com/watch?v=j0hVDHpYeqg
Computers LOVE Shakespeare - Romeo and Juliet #literature #shorts,2022-02-14,98094,5455,31,aFcFTs0GFEw,48.0,https://www.youtube.com/watch?v=aFcFTs0GFEw
Empire of Brazil - Family Drama - South American History - Extra History - Part 3,2022-02-12,564625,22049,577,Cug8DeQWsEk,686.0,https://www.youtube.com/watch?v=Cug8DeQWsEk
Roblox Stocks! - Extra Credits #shorts,2022-02-11,127410,7367,156,v1p29ys_pJU,56.0,https://www.youtube.com/watch?v=v1p29ys_pJU
A Midsummer Nights Dream - William Shakespeare - So You Haven't Read,2022-02-09,146934,5501,196,yojBNcxED6s,585.0,https://www.youtube.com/watch?v=yojBNcxED6s
The Tulsa Massacre - The Burning of Black Wall Street - Extra History #shorts,2022-02-07,136420,9176,186,_stKzG8aTyg,56.0,https://www.youtube.com/watch?v=_stKzG8aTyg
Empire of Brazil - Independence or DEATH! - South American History - Extra History - Part 2,2022-02-05,671207,24969,601,N9Qb-CRXGyg,634.0,https://www.youtube.com/watch?v=N9Qb-CRXGyg
Profiling Cleopatra - Extra History #shorts,2022-02-04,189973,12618,146,aqfqeiY6sKs,55.0,https://www.youtube.com/watch?v=aqfqeiY6sKs
The Beatles in a Hobbit Movie?!  #literature #shorts,2022-01-31,120739,6979,65,D_DR15fB2aM,51.0,https://www.youtube.com/watch?v=D_DR15fB2aM
Empire of Brazil - Runaway Monarch - South American History - Extra History - Part 1,2022-01-29,927589,33739,1090,DzUNfnVnIkw,569.0,https://www.youtube.com/watch?v=DzUNfnVnIkw
Was the Bismarck Scuttled? Hunting The Bismarck | WW2 | Extra History #shorts,2022-01-28,174640,10796,130,Ycv02dkzcvk,59.0,https://www.youtube.com/watch?v=Ycv02dkzcvk
Pride & Prejudice - Jane Austen - So You Haven't Read,2022-01-26,193910,8157,271,5jSSRnphe24,508.0,https://www.youtube.com/watch?v=5jSSRnphe24
The Man Who Stopped WWIII - Cuban Missile Crisis - Extra History #shorts,2022-01-25,221448,14213,219,Rv49mQg3hiU,59.0,https://www.youtube.com/watch?v=Rv49mQg3hiU
"♫ ""Paranoia"" - Japanese Militarism - Extra History Music",2022-01-24,120497,2412,76,X2HyiKs5bXc,90.0,https://www.youtube.com/watch?v=X2HyiKs5bXc
Japanese Militarism - LIES - Extra History,2022-01-24,107600,3443,224,m_MmSc1H2m0,1629.0,https://www.youtube.com/watch?v=m_MmSc1H2m0
Did Steampunk Samurai Exist? - End of the Samurai - Extra History #shorts,2022-01-18,1690121,145722,745,5Bd49h15Q74,60.0,https://www.youtube.com/watch?v=5Bd49h15Q74
The Zimmermann Telegram - Best of Frenemies - WWI History - Extra History,2022-01-15,565084,20915,575,aOT9F6pU_qY,620.0,https://www.youtube.com/watch?v=aOT9F6pU_qY
Japanese Militarism - Marco... Polo... - Extra History - Part 5,2022-01-08,564842,19545,621,_JC_fFkj5g4,651.0,https://www.youtube.com/watch?v=_JC_fFkj5g4
Beloved - Toni Morrison - So You Haven't Read,2022-01-05,130051,6141,179,AJQQFfERBAA,572.0,https://www.youtube.com/watch?v=AJQQFfERBAA
Japanese Militarism - Government by Assassination - Extra History - Part 4,2022-01-01,563963,19340,712,gKXRPjYcNuU,616.0,https://www.youtube.com/watch?v=gKXRPjYcNuU
Götz of the Iron Hand - Cyborg Knight Prosthetics - European History - Extra History,2021-12-30,612429,28116,999,tu6cvBtMIGU,570.0,https://www.youtube.com/watch?v=tu6cvBtMIGU
"""The History of Zoey"" by: Zoey the Cat - Animated Short Film",2021-12-29,160630,14925,846,zllXsM5X4QE,180.0,https://www.youtube.com/watch?v=zllXsM5X4QE
Krampus Battles - A Christmas Story - Extra Mythology #shorts,2021-12-27,1956455,134979,573,JpwrWaQB2P0,58.0,https://www.youtube.com/watch?v=JpwrWaQB2P0
Japanese Militarism - Blood on the Railway - Extra History - Part 3,2021-12-25,614613,19189,360,39VVdj1t76Y,656.0,https://www.youtube.com/watch?v=39VVdj1t76Y
A Christmas Truce - The Truce Tree - Extra History #shorts,2021-12-24,8887367,571003,1788,jvSjE-RR6sU,55.0,https://www.youtube.com/watch?v=jvSjE-RR6sU
A Christmas Carol - Charles Dickens - So you Haven't Read,2021-12-22,194113,8429,397,sROZz8QpSCA,562.0,https://www.youtube.com/watch?v=sROZz8QpSCA
The Ferocious Yule Cat - Holiday Myths - Extra Mythology #shorts,2021-12-20,246454,18317,195,8wYmB1gN6nA,55.0,https://www.youtube.com/watch?v=8wYmB1gN6nA
Japanese Militarism - Taisho Democracy - Extra History - Part 2,2021-12-18,736240,22273,639,DcuvpihOmrQ,669.0,https://www.youtube.com/watch?v=DcuvpihOmrQ
Japanese Militarism - Drawing the Knife - Extra History - Part 1,2021-12-11,1024758,31038,594,JEG09-Aynco,632.0,https://www.youtube.com/watch?v=JEG09-Aynco
The Hobbit - J. R. R. Tolkien - So You Haven't Read,2021-12-08,275410,10567,561,RzvQ3i5BS_Q,612.0,https://www.youtube.com/watch?v=RzvQ3i5BS_Q
"♫ ""British India"" - Conquest of India  -  Extra History Music",2021-12-04,82547,1728,92,HhhkM7PlLaM,88.0,https://www.youtube.com/watch?v=HhhkM7PlLaM
Conquest of India - LIES - Extra History,2021-12-04,87789,2672,237,SlMS3RcFI9k,1547.0,https://www.youtube.com/watch?v=SlMS3RcFI9k
Vampire The Masquerade The Heist - One Shot Actual Play - Extra Credits Plays,2021-12-01,27654,723,74,z7snyixd0PY,10232.0,https://www.youtube.com/watch?v=z7snyixd0PY
The Cotton Gin - Seeds of a Lie - US History - Extra History,2021-11-27,706893,29682,1255,3IqNot1lxTM,567.0,https://www.youtube.com/watch?v=3IqNot1lxTM
Conquest of India - The Empty Chair - Extra History - Part 5,2021-11-20,481535,18464,790,o0vBdP5hFng,659.0,https://www.youtube.com/watch?v=o0vBdP5hFng
The Discovery of Insulin - Free-for-all - Medical History - Extra History - Part 2,2021-11-18,335668,14491,502,Qs_QCJv3HrA,593.0,https://www.youtube.com/watch?v=Qs_QCJv3HrA
Romeo and Juliet - William Shakespeare - So You Haven't Read,2021-11-17,248542,9827,496,3bBSMsOr4iU,610.0,https://www.youtube.com/watch?v=3bBSMsOr4iU
Conquest of India - The Company Raj - Extra History - Part 4,2021-11-13,537236,19947,772,ZYIf2MtIcEY,657.0,https://www.youtube.com/watch?v=ZYIf2MtIcEY
The Discovery of Insulin  - The Miracle - Medical History - Extra History - Part 1,2021-11-11,421170,17396,769,jn4HvRkBbfk,574.0,https://www.youtube.com/watch?v=jn4HvRkBbfk
Conquest of India - The Black Hole - Extra History - Part 3,2021-11-06,608385,20098,802,x1JwJJybHDs,637.0,https://www.youtube.com/watch?v=x1JwJJybHDs
To Kill a Mockingbird - Harper Lee - So You Haven't Read,2021-11-03,342666,13454,527,XaTtPIHGzjk,524.0,https://www.youtube.com/watch?v=XaTtPIHGzjk
Conquest of India - East India Companies - Extra History - Part 2,2021-10-30,651914,21535,875,AqCWlABVddY,620.0,https://www.youtube.com/watch?v=AqCWlABVddY
Conquest of India - A Historical Paradox - Extra History - Part 1,2021-10-23,874166,29318,1406,E4vonIphF4E,637.0,https://www.youtube.com/watch?v=E4vonIphF4E
Dracula - Bram Stoker - So You Haven't Read,2021-10-20,425999,16987,659,MPfZI3al-Hc,623.0,https://www.youtube.com/watch?v=MPfZI3al-Hc
Grigori Rasputin - LIES - Russian History - Extra History,2021-10-16,92410,2852,202,-a4aptt3HTA,1578.0,https://www.youtube.com/watch?v=-a4aptt3HTA
"♫ ""Mad Monk"" - Grigori Rasputin - Extra History Music",2021-10-16,81535,1759,76,tAglQLZBGzE,93.0,https://www.youtube.com/watch?v=tAglQLZBGzE
Vampire the Masquerade One-Shot Announcement - Extra Credits Plays,2021-10-15,25864,1129,62,k6GQcPBmG-Y,49.0,https://www.youtube.com/watch?v=k6GQcPBmG-Y
D&D The Bloodstone Ballroom - One Shot Actual Play - Extra Credits Plays,2021-10-13,35099,974,50,KuBOdDBzCL4,14972.0,https://www.youtube.com/watch?v=KuBOdDBzCL4
The Great Emu War - Beaks vs. Bullets - Australian History - Part 2 - Extra History,2021-10-09,504553,20463,1110,xxvtYx2CKAU,670.0,https://www.youtube.com/watch?v=xxvtYx2CKAU
The Count of Monte Cristo - Alexandre Dumas - So You Haven't Read,2021-10-06,430501,16741,878,ZZZHOyZiLNU,591.0,https://www.youtube.com/watch?v=ZZZHOyZiLNU
The Great Emu War - Battlebirds - Australian History - Part 1 - Extra History,2021-10-02,701604,28466,1628,iiRz52AQlMk,661.0,https://www.youtube.com/watch?v=iiRz52AQlMk
New Series Announcement!!! - So You Haven't Read - Extra Literature,2021-10-01,48682,3508,284,Kr3nLVEqDH8,41.0,https://www.youtube.com/watch?v=Kr3nLVEqDH8
Grigori Rasputin - An Infamous Murder - Russian History - Extra History - Part 4,2021-09-25,582648,22655,799,l8iTHsS-Iu0,674.0,https://www.youtube.com/watch?v=l8iTHsS-Iu0
The Rakshasa - Ravana & Vibhishana - Hindu - Extra Mythology,2021-09-22,273824,11945,732,-lJwE3cvB-s,562.0,https://www.youtube.com/watch?v=-lJwE3cvB-s
Grigori Rasputin - The Dark One - Russian History - Extra History - Part 3,2021-09-18,575646,21121,556,aVSg-uFwDcY,683.0,https://www.youtube.com/watch?v=aVSg-uFwDcY
Marcus Garvey - Black Moses - US History - Extra History,2021-09-16,290414,11987,631,GsJl0ScUWmI,682.0,https://www.youtube.com/watch?v=GsJl0ScUWmI
Grigori Rasputin - Royal Blood - Russian History - Extra History - Part 2,2021-09-11,645623,22786,850,_PQjCZ9Hc2E,662.0,https://www.youtube.com/watch?v=_PQjCZ9Hc2E
Dewi Sri  - Rice Rice Baby - Indonesia - Extra Mythology,2021-09-08,189402,9259,411,TWr5lP7jDrE,522.0,https://www.youtube.com/watch?v=TWr5lP7jDrE
Grigori Rasputin - The Mad Monk - Russian History - Extra History - Part 1,2021-09-04,1040867,32612,1368,vHQUAb4v94I,672.0,https://www.youtube.com/watch?v=vHQUAb4v94I
"♫ ""The Real Dracula"" - Vlad the Impaler - Extra History Music",2021-08-28,103019,2580,111,QCaPXsoYY5g,110.0,https://www.youtube.com/watch?v=QCaPXsoYY5g
Vlad the Impaler - LIES  - World History - Extra History,2021-08-28,104558,3427,328,lHTWV2kZE10,1472.0,https://www.youtube.com/watch?v=lHTWV2kZE10
The Erfurt Latrine Disaster - A Meeting From Hell - European History - Extra History,2021-08-21,748212,28113,971,wPjg-pDbVzY,610.0,https://www.youtube.com/watch?v=wPjg-pDbVzY
D&D Murder Mystery One-Shot Announcement - Extra Credits Plays,2021-08-20,56055,3227,149,_87SjmknrIM,95.0,https://www.youtube.com/watch?v=_87SjmknrIM
History of Coffee  - Global Addiction - World History - Extra History - Part 2,2021-08-19,712565,24958,781,_MO4pjidfgU,662.0,https://www.youtube.com/watch?v=_MO4pjidfgU
Vlad the Impaler - The Living Dead - European History - Extra History - Part 5,2021-08-14,603857,27803,1005,C-emJnmI5XU,668.0,https://www.youtube.com/watch?v=C-emJnmI5XU
History of Coffee - Brewing Controversy - World History - Extra History - Part 1,2021-08-12,1031633,33589,1254,22p73Pl3KJA,656.0,https://www.youtube.com/watch?v=22p73Pl3KJA
Sedna - Inuit Mother of the Deep - Extra Mythology,2021-08-11,207825,11537,566,W3dkfLwc1IE,525.0,https://www.youtube.com/watch?v=W3dkfLwc1IE
Vlad the Impaler - War in the Dark - European History - Extra History - Part 4,2021-08-07,698121,26705,658,OnDHjdX1aQE,637.0,https://www.youtube.com/watch?v=OnDHjdX1aQE
Vlad the Impaler - Raising The Stakes - European History - Extra History - Part 3,2021-07-31,780829,29818,904,hbRcAHMG_l4,665.0,https://www.youtube.com/watch?v=hbRcAHMG_l4
The Zombi - Tales of Zombies - Haiti - Extra Mythology,2021-07-28,333278,15786,450,_wXcqC6vwvM,614.0,https://www.youtube.com/watch?v=_wXcqC6vwvM
Vlad the Impaler  - Blood Oaths - European History - Extra History - Part 2,2021-07-24,855551,31127,675,XjCKdhQ_QXE,554.0,https://www.youtube.com/watch?v=XjCKdhQ_QXE
Vlad the Impaler  - Son of the Dragon - European History - Extra History - Part 1,2021-07-17,1203009,43993,1897,A38EIkIzgM8,671.0,https://www.youtube.com/watch?v=A38EIkIzgM8
"♫ ""May 15, 1648"" - Thirty Years' War - Extra History Music",2021-07-12,73306,1525,87,LCZuiXV1j-M,124.0,https://www.youtube.com/watch?v=LCZuiXV1j-M
Thirty Years' War - LIES - European History - Extra History,2021-07-10,98494,2884,276,i7VR_tqIhxI,1532.0,https://www.youtube.com/watch?v=i7VR_tqIhxI
The Harlem Numbers Racket & Stephanie St Clair  - US History - Extra History,2021-07-03,218993,10541,464,rxBydCAfmEE,664.0,https://www.youtube.com/watch?v=rxBydCAfmEE
Mulan - The Girl Who Didn't Have to Change to Become a Hero - Chinese History - Extra Mythology,2021-06-30,214698,12418,642,ERTZv2MIACI,525.0,https://www.youtube.com/watch?v=ERTZv2MIACI
Thirty Years War - Chaining the Dragon - European History - Extra History - Part 5,2021-06-26,449476,16811,805,8uZKnlwYA3M,655.0,https://www.youtube.com/watch?v=8uZKnlwYA3M
Thirty Years War - Death - European History - Extra History - Part 4,2021-06-19,509799,17184,558,UxVgLvjJXaE,676.0,https://www.youtube.com/watch?v=UxVgLvjJXaE
Hermaphroditus - Intersex Icon - Greek - Extra Mythology,2021-06-16,189134,11174,768,wUkoH58xpcw,525.0,https://www.youtube.com/watch?v=wUkoH58xpcw
Thirty Years War - Famine - European History - Extra History - Part 3,2021-06-12,546765,18176,610,imvblptadds,665.0,https://www.youtube.com/watch?v=imvblptadds
Thirty Years War  - The 2nd Horseman - European History - Extra History - Part 2,2021-06-05,630037,20779,603,v3C35SIidJQ,700.0,https://www.youtube.com/watch?v=v3C35SIidJQ
Negro League Baseball - Breaking Baseball's Color Barrier - US History - Extra History,2021-06-03,178976,8605,371,XDP71SpV_i4,686.0,https://www.youtube.com/watch?v=XDP71SpV_i4
Beowulf - The Dragon - European - Extra Mythology,2021-06-02,155992,7393,289,V_H7dcPIX2s,634.0,https://www.youtube.com/watch?v=V_H7dcPIX2s
Thirty Years' War - Conquest - European History - Part 1 - Extra History,2021-05-29,980994,28843,1143,GaPU1-vMQOI,669.0,https://www.youtube.com/watch?v=GaPU1-vMQOI
"♫ Jewish Pirates - ""Los Piratas Judios"" - Extra History Music",2021-05-22,78584,1609,73,I9GqNP4l00E,93.0,https://www.youtube.com/watch?v=I9GqNP4l00E
Jewish Pirates - Lies - European History - Extra History,2021-05-22,71789,2407,226,WTiFs1EXBhk,1579.0,https://www.youtube.com/watch?v=WTiFs1EXBhk
Beowulf  - Grendel's Mother Reacts! - European - Extra Mythology,2021-05-19,172086,7565,258,3fpuyHJE6zc,489.0,https://www.youtube.com/watch?v=3fpuyHJE6zc
Climbing Matterhorn: Women Ascending - European History - Part 2 - Extra History,2021-05-15,235245,10429,270,XsoccHW7rvw,661.0,https://www.youtube.com/watch?v=XsoccHW7rvw
Climbing the Matterhorn: Death Mountain - European History - Part 1 - Extra History,2021-05-08,352118,13973,428,XXhx-HhsZg4,614.0,https://www.youtube.com/watch?v=XXhx-HhsZg4
Beowulf v. Grendel - Dawn of Heorot - European - Extra Mythology,2021-05-05,241861,10164,428,_FKvr1OYVwY,568.0,https://www.youtube.com/watch?v=_FKvr1OYVwY
Jewish Pirates - Treasure for Days! & The New World - European History - Part 4 - Extra History,2021-05-01,415531,16287,560,PPF2HgFpjZU,737.0,https://www.youtube.com/watch?v=PPF2HgFpjZU
Rome: Battle of the Milvian Bridge - Constantine vs Maxentius - Roman History - Extra History,2021-04-29,429912,16948,611,8pMjUqCPiig,662.0,https://www.youtube.com/watch?v=8pMjUqCPiig
Jewish Pirates - The Pirate Rabbi - European History - Part 3 - Extra History,2021-04-24,441147,16712,578,m21_Ul22jSw,649.0,https://www.youtube.com/watch?v=m21_Ul22jSw
Medusa - Monstrous Misconceptions - Greek - Extra Mythology,2021-04-21,200867,8934,759,nrmjcQuG-Gg,466.0,https://www.youtube.com/watch?v=nrmjcQuG-Gg
Jewish Pirates - Barbarossa’s Sidekick - European History - Part 2 - Extra History,2021-04-17,549926,18214,650,T_zCkAzeazI,667.0,https://www.youtube.com/watch?v=T_zCkAzeazI
Jewish Pirates - Fleeing the Inquisition - European History - Part 1 - Extra History,2021-04-10,737153,25303,1404,ZDvmzPlmra8,706.0,https://www.youtube.com/watch?v=ZDvmzPlmra8
The Furies - Divine Vengeance or Justice?  - Greek - Extra Mythology,2021-04-07,287947,12279,818,KoNXcSPLWNM,512.0,https://www.youtube.com/watch?v=KoNXcSPLWNM
Teddy Roosevelt the Trustbuster - Lies - US History - Extra History,2021-04-03,79718,2478,236,4TRS4TiEUxE,1699.0,https://www.youtube.com/watch?v=4TRS4TiEUxE
"♫ Teddy Roosevelt the Trustbuster - ""Monopolies"" - Extra History Music",2021-04-03,81665,1768,93,K3VjxiMxhVA,115.0,https://www.youtube.com/watch?v=K3VjxiMxhVA
Zoey & Chill - LoFi Beats to Design to - Extra Credits,2021-04-01,101896,5451,484,21Mg41THavw,1801.0,https://www.youtube.com/watch?v=21Mg41THavw
The Assassination of Medgar Evers - A Hero Silenced - US History - Extra History,2021-03-27,288483,15254,750,2eWg17KSXEU,631.0,https://www.youtube.com/watch?v=2eWg17KSXEU
A Tour of Hades - The Ancient Greek Underworld - Extra Mythology,2021-03-24,282671,12350,470,Zu7c3Uv366M,523.0,https://www.youtube.com/watch?v=Zu7c3Uv366M
Teddy Roosevelt the Trustbuster - Meatgrinder - US History - Part 5 - Extra History,2021-03-20,657816,24006,796,XXos-XlCooI,694.0,https://www.youtube.com/watch?v=XXos-XlCooI
Teddy Roosevelt the Trustbuster - Trainwreck - US History - Part 4 - Extra History,2021-03-13,727887,24278,1040,wRlShGD4QwI,653.0,https://www.youtube.com/watch?v=wRlShGD4QwI
The Nightmarchers - Hawaiian Army of the Dead - Extra Mythology,2021-03-10,291325,12343,472,jLCEp-4esIM,541.0,https://www.youtube.com/watch?v=jLCEp-4esIM
Teddy Roosevelt the Trustbuster - Breaking Standard - US History - Part 3 - Extra History,2021-03-06,857068,27278,880,FO_w4G_YWcE,696.0,https://www.youtube.com/watch?v=FO_w4G_YWcE
Black Medical Exploitation | Why African Americans Distrust Medicine | US History | Extra History,2021-03-04,313688,15334,1018,m63NDZVZRXc,598.0,https://www.youtube.com/watch?v=m63NDZVZRXc
Teddy Roosevelt the Trustbuster - The Regulators - US History - Part 2 - Extra History,2021-02-27,1019079,31453,1282,xDEibXPtIRQ,709.0,https://www.youtube.com/watch?v=xDEibXPtIRQ
"Māui - The Sun, Fire, and Fishing for Islands - Hawaii - Extra Mythology",2021-02-24,271458,11756,719,SvzUnhbwfnU,573.0,https://www.youtube.com/watch?v=SvzUnhbwfnU
Teddy Roosevelt the Trustbuster - Big Oil - US History - Part 1 - Extra History,2021-02-20,1566903,44370,1769,reWe7POryt0,707.0,https://www.youtube.com/watch?v=reWe7POryt0
Interstate Displacement: The Legacy of Robert Moses - US History - Extra History,2021-02-18,321976,15252,1021,LmC5T-2d6Xw,589.0,https://www.youtube.com/watch?v=LmC5T-2d6Xw
Extra Credits Now On Nebula!,2021-02-15,43093,2136,120,oiQ0wt5B8Lo,76.0,https://www.youtube.com/watch?v=oiQ0wt5B8Lo
"♫ ""The Boy from Tikrit"" by Tiffany Román - Instrumental Music - Extra History",2021-02-13,83255,1978,188,TSdya9GHLZE,83.0,https://www.youtube.com/watch?v=TSdya9GHLZE
Saladin & the 3rd Crusade | Lies | Middle East History | Extra History,2021-02-13,105196,3206,300,X_QEeWDou4I,1597.0,https://www.youtube.com/watch?v=X_QEeWDou4I
Kammapa - The World Eater - African - Extra Mythology,2021-02-10,356466,14903,716,8bDl9vl2YGs,453.0,https://www.youtube.com/watch?v=8bDl9vl2YGs
Saladin & the 3rd Crusade | Next King of Jerusalem | Middle East History | Extra History | Part 6,2021-02-06,717950,23377,925,o1s8AJK6sSc,624.0,https://www.youtube.com/watch?v=o1s8AJK6sSc
Redlining - Income and Housing Inequality - US History - Extra History,2021-02-04,276526,15189,1084,vyiwk3D-3ag,611.0,https://www.youtube.com/watch?v=vyiwk3D-3ag
Saladin & the 3rd Crusade | A Crusade's End | Middle East History | Extra History | Part 5,2021-01-30,586745,23882,1039,KSiqTA67L2w,580.0,https://www.youtube.com/watch?v=KSiqTA67L2w
"Black Boxing Heavyweights: Jack Johnson, Joe Louis, & Muhammad Ali - US History - Extra History",2021-01-28,311927,16340,962,iuJCtSI_8ts,565.0,https://www.youtube.com/watch?v=iuJCtSI_8ts
Son Tinh & Thuy Tinh - The Mountain God vs The Lord of Waters -  Vietnamese - Extra Mythology,2021-01-27,187378,8716,508,esQpgZwtzTA,481.0,https://www.youtube.com/watch?v=esQpgZwtzTA
Saladin & the 3rd Crusade | Defending Jerusalem | Middle East History | Extra History | Part 4,2021-01-23,615684,20714,740,fGDs5tOX318,607.0,https://www.youtube.com/watch?v=fGDs5tOX318
Tales From Twitch Re-Animated - Blank or a Black Hole?,2021-01-20,77159,4537,227,VQesUvmIyY8,334.0,https://www.youtube.com/watch?v=VQesUvmIyY8
Saladin & the 3rd Crusade | The Third Crusade | Middle East History | Extra History | Part 3,2021-01-16,701444,21893,867,a8pI7gj0AeA,594.0,https://www.youtube.com/watch?v=a8pI7gj0AeA
How We Choose Extra History Topics - Patreon FAQ,2021-01-15,96953,,,N6aP7WuduDc,167.0,https://www.youtube.com/watch?v=N6aP7WuduDc
John Henry - Spirit of the Working Man - American - Extra Mythology,2021-01-13,390790,18843,1065,BqUhOFQ-Nhs,432.0,https://www.youtube.com/watch?v=BqUhOFQ-Nhs
Saladin & the 3rd Crusade | Siege of Jerusalem | Middle East History | Extra History | Part 2,2021-01-09,778087,24067,1176,gzLacGirWWQ,581.0,https://www.youtube.com/watch?v=gzLacGirWWQ
Saladin & the 3rd Crusade | Horns of Hattin | Middle East History | Extra History | Part 1,2021-01-02,1043992,29767,1398,ReE35Lj_iTs,561.0,https://www.youtube.com/watch?v=ReE35Lj_iTs
End of the Samurai - Lies - Japanese History - Extra History,2020-12-26,117386,3444,250,7Fzy25qzW3g,1408.0,https://www.youtube.com/watch?v=7Fzy25qzW3g
"♫ ""The Streets of Kyoto"" by Tiffany Román - Instrumental Music - Extra History",2020-12-26,152733,3295,120,pCu-t71uFrw,125.0,https://www.youtube.com/watch?v=pCu-t71uFrw
Caga Tió de Nadal - A Poopy Christmas Tradition - Catalonia - Extra Mythology,2020-12-23,251111,10985,987,viTMktjE968,551.0,https://www.youtube.com/watch?v=viTMktjE968
Francis Walsingham - Elizabethan Spymaster - European History - Extra History,2020-12-19,482221,16369,677,pQMXqmuj2Zw,586.0,https://www.youtube.com/watch?v=pQMXqmuj2Zw
End of the Samurai - The Last Samurai - Japanese History - Extra History - Part 5,2020-12-12,871681,28974,1281,Ir1Aua1jWc4,610.0,https://www.youtube.com/watch?v=Ir1Aua1jWc4
Enuma Elish - Genesis of Genesis - Babylonian Myths - Extra Mythology,2020-12-09,416793,15434,799,U74xXGRaBiM,492.0,https://www.youtube.com/watch?v=U74xXGRaBiM
End of the Samurai - The Imperial Army - Japanese History - Extra History - Part 4,2020-12-05,788775,24040,809,_IyXdZi_6yg,559.0,https://www.youtube.com/watch?v=_IyXdZi_6yg
End of the Samurai - The Boshin War - Japanese History - Extra History - Part 3,2020-11-28,957641,26578,698,499MEYhur7E,606.0,https://www.youtube.com/watch?v=499MEYhur7E
Moon Princess Kaguya - Bamboo & Heart Break - Japanese Mythology - Extra Mythology,2020-11-25,289294,13364,1042,gFRKC4linP4,490.0,https://www.youtube.com/watch?v=gFRKC4linP4
End of the Samurai - Gangs of Kyoto - Japanese History - Extra History - Part 2,2020-11-21,1017559,28845,829,c5kn5GFujuA,604.0,https://www.youtube.com/watch?v=c5kn5GFujuA
The Polio Epidemic - FDR & The March of Dimes - Medical History - Extra History,2020-11-19,608364,20517,748,7sqkwjzNRgk,618.0,https://www.youtube.com/watch?v=7sqkwjzNRgk
D&D Caverns & Cultists - One Shot Actual Play - Extra Credits Plays,2020-11-16,56573,1832,144,9euDAyzBv7w,17691.0,https://www.youtube.com/watch?v=9euDAyzBv7w
End of the Samurai - Black Ships - Japanese History - Extra History - Part 1,2020-11-14,1530212,40914,1907,FmRm--vRHCg,573.0,https://www.youtube.com/watch?v=FmRm--vRHCg
The Harlem Renaissance - An Explosion of Art - US History - Extra History,2020-11-12,360624,11723,389,8kZ0gZMCx9U,554.0,https://www.youtube.com/watch?v=8kZ0gZMCx9U
Melusine - The Serpent of Woe - European - Extra Mythology,2020-11-11,328823,13743,529,jbwTxZpBiKs,545.0,https://www.youtube.com/watch?v=jbwTxZpBiKs
Tales From Twitch Re-Animated - A PS5 Pre-Order Analogy,2020-11-09,81330,4530,210,1tOCSdl-xVk,141.0,https://www.youtube.com/watch?v=1tOCSdl-xVk
"♫ ""Immortal Longings"" by Tiffany Román - Instrumental Music - Extra History",2020-11-07,78120,1738,92,_Sq_Q_0lOaw,155.0,https://www.youtube.com/watch?v=_Sq_Q_0lOaw
Cleopatra - Lies - Egyptian History - Extra History,2020-11-07,91747,2936,347,2x1UkSVQfI8,1825.0,https://www.youtube.com/watch?v=2x1UkSVQfI8
Supreme Court Chaos - How to Fix Governmental Exploits with Warhammer 40K,2020-11-02,182636,9611,1074,8TRyN0mpczQ,629.0,https://www.youtube.com/watch?v=8TRyN0mpczQ
The Beast of Gévaudan | Terror in the French Countryside | European History | Extra History,2020-10-31,687385,26015,1096,qDf93nFGZuc,664.0,https://www.youtube.com/watch?v=qDf93nFGZuc
The Book of Job - A Very Bad Tuesday - Old Testament - Extra Mythology,2020-10-28,297672,12655,1907,40cttQnEjpI,534.0,https://www.youtube.com/watch?v=40cttQnEjpI
Voting in America | From Barkers to Booths | US History | Extra History,2020-10-27,563421,22453,1324,vQfm-6duBb8,587.0,https://www.youtube.com/watch?v=vQfm-6duBb8
Fixing Broken Politics - No Right to Vote - Extra Politics,2020-10-26,165180,9837,1333,_86KIfWzWug,545.0,https://www.youtube.com/watch?v=_86KIfWzWug
Cleopatra - Eternal Life - Egyptian History - Extra History - Part 5,2020-10-24,397777,17130,867,uNGUDaA9-GQ,566.0,https://www.youtube.com/watch?v=uNGUDaA9-GQ
Fixing Broken Politics - Never Going To Jail - Extra Politics,2020-10-19,198485,10872,910,sRamATEgTdY,596.0,https://www.youtube.com/watch?v=sRamATEgTdY
Cleopatra - Death by Snake - Egyptian History - Extra History - Part 4,2020-10-17,576091,20019,914,i_Teuv7-LN8,631.0,https://www.youtube.com/watch?v=i_Teuv7-LN8
Ganesha - Parvati and Shiva's Son - Hindu - Extra Mythology,2020-10-14,367239,16939,1349,HDGQ713Zz54,409.0,https://www.youtube.com/watch?v=HDGQ713Zz54
Fixing Broken Politics - Social Media - Extra Politics,2020-10-12,190364,11310,1364,fLq86hnwqF0,577.0,https://www.youtube.com/watch?v=fLq86hnwqF0
"Cleopatra - Exit Caesar, Enter Antony! - Egyptian History - Extra History  - Part 3",2020-10-10,637704,20712,848,Vl1Yvl0U29Y,617.0,https://www.youtube.com/watch?v=Vl1Yvl0U29Y
Cleopatra - Hail Caesar! - Egyptian History - Extra History - Part 2,2020-10-03,688310,22029,924,zGSfOOzHBGs,594.0,https://www.youtube.com/watch?v=zGSfOOzHBGs
The Bhagavad Gita - Krishna Speaks With Prince Arjuna - Hindu - Extra Mythology,2020-09-30,957683,34940,3429,G28qHASOtE8,445.0,https://www.youtube.com/watch?v=G28qHASOtE8
Cleopatra - A Drunken Bet - Egyptian History - Extra History - Part 1,2020-09-27,846371,24367,946,ypswk9-DP9M,543.0,https://www.youtube.com/watch?v=ypswk9-DP9M
"♫ ""Hold the Phalanx!"" by Tiffany Román - Instrumental Music - Extra History",2020-09-19,128898,2697,121,JF9HJ_V7Ia0,130.0,https://www.youtube.com/watch?v=JF9HJ_V7Ia0
Third Century Crisis | Lies | Roman History | Extra History,2020-09-19,113430,3009,243,OmmEqC90W7g,1395.0,https://www.youtube.com/watch?v=OmmEqC90W7g
La Llorona - The Weeping Woman - Mexican - Extra Mythology,2020-09-16,370696,16150,1235,NO088uuGJYM,443.0,https://www.youtube.com/watch?v=NO088uuGJYM
Bartolomé de las Casas | Changing Your Mind | European History | Extra History,2020-09-12,707010,28762,1407,vH65erzQBkY,613.0,https://www.youtube.com/watch?v=vH65erzQBkY
The Harlem Hellfighters | The 369th Infantry | US History | Extra History,2020-09-10,667538,30401,1685,RV-c62e7g1k,612.0,https://www.youtube.com/watch?v=RV-c62e7g1k
D&D Caverns & Cultists One-Shot Announcement - Extra Credits Plays,2020-09-07,63269,4313,262,PZIuJNaARLY,83.0,https://www.youtube.com/watch?v=PZIuJNaARLY
Third Century Crisis | The Great Persecution | Roman History | Extra History | Part 5,2020-09-05,716835,22070,1249,n2-pPpWC7Is,582.0,https://www.youtube.com/watch?v=n2-pPpWC7Is
Syphilis - The Killer Cure - Medical History - Extra History - Part 2,2020-09-03,626153,23868,940,fdjBBGJvem0,611.0,https://www.youtube.com/watch?v=fdjBBGJvem0
Persephone & Hades - A Match Made in Hell - Greek - Extra Mythology,2020-09-02,550993,21900,1616,sf2zHmMqT7M,472.0,https://www.youtube.com/watch?v=sf2zHmMqT7M
Third Century Crisis | The Tetrarchy | Roman History | Extra History | Part 4,2020-08-29,735129,21913,627,vBFVRV5vsp4,595.0,https://www.youtube.com/watch?v=vBFVRV5vsp4
Syphilis - The Great Imitator - Medical History - Extra History - Part 1,2020-08-27,924446,31328,1226,gnwKRHBiWb4,604.0,https://www.youtube.com/watch?v=gnwKRHBiWb4
Third Century Crisis | Not Diocletian | Roman History | Extra History | Part 3,2020-08-22,818130,23432,996,lV8u3TS0CRw,595.0,https://www.youtube.com/watch?v=lV8u3TS0CRw
Mythology of The Witcher - The Wild Hunt - European - Extra Mythology,2020-08-19,305207,16887,836,eRdbUdg6kms,450.0,https://www.youtube.com/watch?v=eRdbUdg6kms
Third Century Crisis | Enter Aurelian | Roman History | Extra History | Part 2,2020-08-15,899598,24360,1012,fyyJbOGI7A0,567.0,https://www.youtube.com/watch?v=fyyJbOGI7A0
The Trojan War - Battles in the Bronze Age - Extra History - Part 2,2020-08-13,483515,15992,489,LVQZXfgjzEE,598.0,https://www.youtube.com/watch?v=LVQZXfgjzEE
Rome & The Third Century Crisis | Taking A Stab At It | Roman History | Extra History | Part 1,2020-08-08,1308985,35139,1672,qNDE113vs28,570.0,https://www.youtube.com/watch?v=qNDE113vs28
"♫ ""Pasifika"" by Tiffany Román - Instrumental Music - Extra History",2020-08-01,75241,1800,103,1M0sZZyTdNE,128.0,https://www.youtube.com/watch?v=1M0sZZyTdNE
Exploring the Pacific - LIES - Extra History,2020-08-01,75506,2010,166,wdj9cbkvHI4,1760.0,https://www.youtube.com/watch?v=wdj9cbkvHI4
The Trojan War - History vs. Myth - Extra History - Part 1,2020-07-30,773100,23098,822,zT2egl5iTvg,667.0,https://www.youtube.com/watch?v=zT2egl5iTvg
The Iliad - End Game - Greek - Extra Mythology - Part 4,2020-07-29,305708,10952,582,gormVcWXYfo,496.0,https://www.youtube.com/watch?v=gormVcWXYfo
Tales From Twitch Re-Animated - The Console Olympics,2020-07-27,67651,4756,314,GN8QC70MBpI,106.0,https://www.youtube.com/watch?v=GN8QC70MBpI
The Affair of the Diamond Necklace - Marie Antoinette - Extra History,2020-07-25,532969,18818,964,aLU1wNntRa0,512.0,https://www.youtube.com/watch?v=aLU1wNntRa0
Exploring the Pacific - Farther Than Any Man - Extra History - Part 5,2020-07-18,309061,13435,572,8XQxOe9XT18,561.0,https://www.youtube.com/watch?v=8XQxOe9XT18
The Iliad - Deadly Destiny - Greek - Extra Mythology - Part 3,2020-07-15,336273,10857,550,Yn-GcxtINeo,434.0,https://www.youtube.com/watch?v=Yn-GcxtINeo
Exploring the Pacific - Magellan's Mistake - Extra History - Part 4,2020-07-11,427168,14863,839,CqpQE7dFEuM,566.0,https://www.youtube.com/watch?v=CqpQE7dFEuM
Exploring the Pacific - Founders & Lost Cities - Extra History - Part 3,2020-07-04,404383,14653,700,OLrmHn8lOfk,542.0,https://www.youtube.com/watch?v=OLrmHn8lOfk
"The Burning of Black Wall Street - Tulsa, OK - Extra History",2020-07-03,831012,41039,3012,nc7lXBL9mng,546.0,https://www.youtube.com/watch?v=nc7lXBL9mng
Thor and Loki - The Lay of Thrym - Norse - Extra Mythology,2020-07-01,414555,14848,955,eIrHkfvD0ag,493.0,https://www.youtube.com/watch?v=eIrHkfvD0ag
Exploring the Pacific - Wayfinding - Extra History - Part 2,2020-06-27,442110,16641,806,WIDBE33GeCM,550.0,https://www.youtube.com/watch?v=WIDBE33GeCM
Exploring the Pacific - The Great Ocean - Extra History - Part 1,2020-06-20,685542,25029,974,Y1suZVUoxCA,529.0,https://www.youtube.com/watch?v=Y1suZVUoxCA
The Iliad - Prizes & Prejudice - Greek - Extra Mythology - Part 2,2020-06-17,397021,12456,396,MzZJYkrjG9I,481.0,https://www.youtube.com/watch?v=MzZJYkrjG9I
Dividing the Middle East - Lies - Extra History,2020-06-13,112590,2770,242,eNvhTkDkdqA,1724.0,https://www.youtube.com/watch?v=eNvhTkDkdqA
"♫ ""Thread of War"" by Tiffany Román - Instrumental Music - Extra History",2020-06-13,107366,1955,140,eUEeg2rI_eg,90.0,https://www.youtube.com/watch?v=eUEeg2rI_eg
The Sacred Band - An Alternative 300 - Extra History,2020-06-06,403009,18887,1186,ju8PQcvlq00,605.0,https://www.youtube.com/watch?v=ju8PQcvlq00
The Field of the Cloth of Gold - Royal Frenemies - Extra History - Part 2,2020-06-04,579829,18762,611,yWt9N2ZNi3c,646.0,https://www.youtube.com/watch?v=yWt9N2ZNi3c
The Iliad - Prelude to War - Greek - Extra Mythology - Part 1,2020-06-03,620073,18191,1010,5CnzGXZjwNs,467.0,https://www.youtube.com/watch?v=5CnzGXZjwNs
8 Minutes and 46 Seconds.,2020-06-02,293912,,,ZjKo_rpVid0,526.0,https://www.youtube.com/watch?v=ZjKo_rpVid0
Dividing the Middle East - Setting the Board - Extra History - Part 5,2020-05-30,502955,17250,976,1zZ1A8sphjA,580.0,https://www.youtube.com/watch?v=1zZ1A8sphjA
The Field of the Cloth of Gold - Universal Peace - Extra History - Part 1,2020-05-28,841627,23351,975,bhi0aUQRoeg,619.0,https://www.youtube.com/watch?v=bhi0aUQRoeg
Dividing the Middle East - Three Kings - Extra History - Part 4,2020-05-23,612994,17931,682,WU9TrSOnXkU,561.0,https://www.youtube.com/watch?v=WU9TrSOnXkU
Saint George and the Dragon - Into the Maw of Danger - European - Extra Mythology,2020-05-20,374565,14791,1004,eqpu12XApSs,465.0,https://www.youtube.com/watch?v=eqpu12XApSs
Dividing the Middle East - Drawing Lines - Extra History - Part 3,2020-05-16,656095,20212,1403,0VoV_RQZDls,568.0,https://www.youtube.com/watch?v=0VoV_RQZDls
Dividing the Middle East - The Arab Revolt - Extra History - Part 2,2020-05-09,829732,22547,1325,jJCq5p8HCZo,569.0,https://www.youtube.com/watch?v=jJCq5p8HCZo
Cuchulain's Origins - The Hound of Culann - Irish - Extra Mythology,2020-05-06,253858,9751,469,kWVYxapURKc,473.0,https://www.youtube.com/watch?v=kWVYxapURKc
Dividing the Middle East - The Great Loot - Extra History - Part 1,2020-05-02,1172891,30484,1784,f2L6L37GGAY,582.0,https://www.youtube.com/watch?v=f2L6L37GGAY
The 1929 Stock Market Crash - Black Thursday - Extra History,2020-04-25,2594325,59923,2909,D2iuUzkKu9k,555.0,https://www.youtube.com/watch?v=D2iuUzkKu9k
Cuchulainn & the Morrigan - Spurning a Goddess - Irish - Extra Mythology,2020-04-22,342777,12741,965,7bLFuP2gVc8,524.0,https://www.youtube.com/watch?v=7bLFuP2gVc8
Ibn Battuta - Lies - Extra History,2020-04-18,234644,6086,583,G9HO75wcoUU,1690.0,https://www.youtube.com/watch?v=G9HO75wcoUU
"♫ ""Battuta's Voyage"" by Tiffany Román - Instrumental Music - Extra History",2020-04-18,134553,2982,200,krv9J3KZu3I,127.0,https://www.youtube.com/watch?v=krv9J3KZu3I
Ibn Fadlan - A Viking Funeral - Extra History,2020-04-11,999384,36457,2900,RSURd15qfWQ,582.0,https://www.youtube.com/watch?v=RSURd15qfWQ
The Easter Egg - Mary Magdalene & Ostara - European - Extra Mythology,2020-04-08,192702,8556,724,V1MI8wKTH0c,382.0,https://www.youtube.com/watch?v=V1MI8wKTH0c
Ibn Battuta - Plague and Homecoming - Extra History - Part 5,2020-04-04,725133,26839,1127,WMlwlHHnMsI,543.0,https://www.youtube.com/watch?v=WMlwlHHnMsI
Ra Ra Rasputin - April Fools 2020 ;) - Extra History,2020-04-01,724303,37875,2981,sjW8cq57Dl8,233.0,https://www.youtube.com/watch?v=sjW8cq57Dl8
Ibn Battuta - Escape to China - Extra History - Part 4,2020-03-27,731657,23504,865,dqZYZOjRlmA,546.0,https://www.youtube.com/watch?v=dqZYZOjRlmA
The Alps - Sleep Paralysis & Night Terrors - European - Extra Mythology,2020-03-25,404060,13329,552,8ST0l9abzzw,512.0,https://www.youtube.com/watch?v=8ST0l9abzzw
Ibn Battuta - The Mad Sultan - Extra History - Part 3,2020-03-21,786035,25014,1061,Ia3WdlvfnBU,553.0,https://www.youtube.com/watch?v=Ia3WdlvfnBU
Extra Content - Working From Home Survival Guide,2020-03-19,65334,1110,105,vCNFrUsKhLk,4943.0,https://www.youtube.com/watch?v=vCNFrUsKhLk
Ibn Battuta - Mongols and Mystics - Extra History - Part 2,2020-03-14,884479,26635,1086,7mNXbUAxdVI,517.0,https://www.youtube.com/watch?v=7mNXbUAxdVI
The Monkey King - Sun Wukong - Chinese - Extra Mythology - Part 2,2020-03-11,356004,11550,758,Do2L4yKQwNw,634.0,https://www.youtube.com/watch?v=Do2L4yKQwNw
Ibn Battuta - The Great Traveler - Extra History - Part 1,2020-03-07,1411875,40343,2069,TEI0sVYKtg8,523.0,https://www.youtube.com/watch?v=TEI0sVYKtg8
The Haitian Revolution - Lies - Extra History,2020-02-29,112300,2974,172,oOeLmULRaco,1561.0,https://www.youtube.com/watch?v=oOeLmULRaco
The Monkey King - The Search for Immortality - Chinese - Extra Mythology - Part 1,2020-02-26,456472,14883,814,aSYTB7v5ras,591.0,https://www.youtube.com/watch?v=aSYTB7v5ras
The Haitian Revolution - Roots of Liberty - Extra History - Part 6,2020-02-22,572048,20066,1288,-z0NqTEtJyg,560.0,https://www.youtube.com/watch?v=-z0NqTEtJyg
"♫ ""Crête-à-Pierrot"" by Tiffany Román - Instrumental Music - Extra History",2020-02-22,163607,2753,160,MG2cACAKuzM,122.0,https://www.youtube.com/watch?v=MG2cACAKuzM
The 1918 Flu Pandemic: Coronavirus Update,2020-02-20,261529,8682,992,gcNXb2b_gXA,457.0,https://www.youtube.com/watch?v=gcNXb2b_gXA
The Haitian Revolution - The War of Knives - Extra History - Part 5,2020-02-15,606108,18787,621,Yjerh4HM6Ro,587.0,https://www.youtube.com/watch?v=Yjerh4HM6Ro
New Patreon Tiers! - Extra Credits Update,2020-02-12,46336,,,2_9mQOyfE5o,334.0,https://www.youtube.com/watch?v=2_9mQOyfE5o
The Snake Queen - Eastern European Myth - Extra Mythology,2020-02-10,545178,17929,790,uWaK62_MYP4,460.0,https://www.youtube.com/watch?v=uWaK62_MYP4
The Haitian Revolution - Liberation - Extra History - Part 4,2020-02-08,674053,20300,650,KfLskhmVd7k,572.0,https://www.youtube.com/watch?v=KfLskhmVd7k
The Haitian Revolution - Fire and Freedom - Extra History - Part 3,2020-02-01,761749,21668,707,rqyygI_9DN8,548.0,https://www.youtube.com/watch?v=rqyygI_9DN8
Star Wars - The Rise of Cyberpunk - Extra Sci Fi,2020-01-28,193932,9790,655,1R1w2aj9Wzg,420.0,https://www.youtube.com/watch?v=1R1w2aj9Wzg
The Rusalka - Eastern European Myths - Extra Mythology,2020-01-27,864524,33447,1307,IuimhcIdUNk,451.0,https://www.youtube.com/watch?v=IuimhcIdUNk
The Haitian Revolution - The Long Fuse - Extra History - Part 2,2020-01-25,815692,22837,694,B-MV8gTNoC0,550.0,https://www.youtube.com/watch?v=B-MV8gTNoC0
Ursula K. Le Guin - The Left Hand of Darkness - Extra Sci Fi,2020-01-22,156353,6991,287,WHr4Nc9skXA,409.0,https://www.youtube.com/watch?v=WHr4Nc9skXA
The Haitian Revolution - The Slave Society - Extra History - Part 1,2020-01-18,1168204,31934,1247,tYGS8Ll5mw4,552.0,https://www.youtube.com/watch?v=tYGS8Ll5mw4
J.G. Ballard - The Drown Worlds - Extra Sci Fi,2020-01-14,127645,5554,190,z154OJCyIKs,456.0,https://www.youtube.com/watch?v=z154OJCyIKs
Pricolici & Strigoi - A Meet-cute From Hell - European - Extra Mythology,2020-01-13,440058,16050,940,gT4ZkqDY7qg,506.0,https://www.youtube.com/watch?v=gT4ZkqDY7qg
"♫ ""Alleyways & Truncheons"" by Tiffany Román - Instrumental Music - Extra History",2020-01-11,131323,2458,108,EO_16t_Fe5s,89.0,https://www.youtube.com/watch?v=EO_16t_Fe5s
Policing London - Lies - Extra History,2020-01-11,131299,2869,148,Z8zj6TQUi5U,1528.0,https://www.youtube.com/watch?v=Z8zj6TQUi5U
Samuel R. Delany - Dhalgren - Extra Sci Fi,2020-01-08,81721,3115,180,HJFBJsye2bc,398.0,https://www.youtube.com/watch?v=HJFBJsye2bc
Roger Zelazny - The Chronicles of Amber - Extra Sci Fi,2020-01-07,126355,5735,302,daiOl1ZVbr8,408.0,https://www.youtube.com/watch?v=daiOl1ZVbr8
Allan Pinkerton - The Knights of Capitalism - Extra History,2020-01-04,1216677,35776,2306,Kb2tSF5_vpc,615.0,https://www.youtube.com/watch?v=Kb2tSF5_vpc
Policing London - Scotland Yard at Last - Extra History - Part 5,2019-12-28,1009480,28209,969,qprhL2Jh2Ds,583.0,https://www.youtube.com/watch?v=qprhL2Jh2Ds
Harlan Ellison - Dangerous Visions - Extra Sci Fi,2019-12-24,142413,5632,146,STfZLOK7h6g,337.0,https://www.youtube.com/watch?v=STfZLOK7h6g
Policing London - His Majesty King Mob - Extra History - Part 4,2019-12-21,1078974,26839,574,3Y3H42_8LZU,567.0,https://www.youtube.com/watch?v=3Y3H42_8LZU
History of Vaccines - Killing Smallpox - Medical History - Extra History,2019-12-19,828801,25721,1565,Ke6tT3_QTuM,618.0,https://www.youtube.com/watch?v=Ke6tT3_QTuM
Philip K. Dick - New Wave's Depressed Uncle - Extra Sci Fi,2019-12-17,178426,7886,328,dd-min1iAms,420.0,https://www.youtube.com/watch?v=dd-min1iAms
The Yule Lads - Mischief Makers and Children Takers - European - Extra Mythology,2019-12-16,594469,18115,1170,3-LxYYm1YH0,658.0,https://www.youtube.com/watch?v=3-LxYYm1YH0
Policing London - The Bow Street Runners - Extra History - Part 3,2019-12-14,1356587,34155,566,H5l75BSJZo8,590.0,https://www.youtube.com/watch?v=H5l75BSJZo8
History of Space Travel - Guided by Starlight - Extra History - Part 6,2019-12-12,238253,9236,559,i2CwEBaLU8U,686.0,https://www.youtube.com/watch?v=i2CwEBaLU8U
Ray Bradbury - Grandfather of the New Wave - Extra Sci Fi,2019-12-09,125927,5841,292,sjNmGzWFvUw,360.0,https://www.youtube.com/watch?v=sjNmGzWFvUw
Policing London - The Fall of Jonathan Wild - Extra History - Part 2,2019-12-07,1571993,41445,772,h9siL4CWTe4,606.0,https://www.youtube.com/watch?v=h9siL4CWTe4
History of Space Travel - One Small Step - Extra History - Part 5,2019-12-05,276945,8676,452,WNrhPOCZFwQ,676.0,https://www.youtube.com/watch?v=WNrhPOCZFwQ
The Twelve Labors of Hercules - Rules Lawyering - Greek - Extra Mythology - Part 2,2019-12-02,668938,17684,682,YeEyVjZfqXQ,517.0,https://www.youtube.com/watch?v=YeEyVjZfqXQ
Policing London - The Thief-Taker General - Extra History - Part 1,2019-11-30,2378724,59315,1376,XvMQY_y4qx8,625.0,https://www.youtube.com/watch?v=XvMQY_y4qx8
History of Space Travel - Red Star - Extra History - Part 4,2019-11-28,283595,8748,401,WjgpEr6majo,651.0,https://www.youtube.com/watch?v=WjgpEr6majo
"♫ ""Nokor Thom"" by Tiffany Román - Instrumental Music - Extra History",2019-11-23,82375,1531,98,OHer7biS1G0,110.0,https://www.youtube.com/watch?v=OHer7biS1G0
Angkor Wat - Lies - Extra History,2019-11-23,85939,2167,158,dDH3TN5xdyY,1391.0,https://www.youtube.com/watch?v=dDH3TN5xdyY
The Twelve Labors of Hercules - The Quest for Phat Loot! - Greek - Extra Mythology - Part 1,2019-11-18,866422,19938,807,-AU_sfEkA-U,539.0,https://www.youtube.com/watch?v=-AU_sfEkA-U
Akhenaten - A Pharaoh Obsessed - Extra History,2019-11-16,1225288,30992,1340,wKSqgLQNIeQ,526.0,https://www.youtube.com/watch?v=wKSqgLQNIeQ
History of Space Travel - Kill Devil to V-2 - Extra History - Part 3,2019-11-14,351677,10043,567,YT1q0hS9yKo,668.0,https://www.youtube.com/watch?v=YT1q0hS9yKo
The Berlin Wall - A Street Party With Sledgehammers - Extra History,2019-11-09,1432747,36876,1849,KgdiYvcOi_w,660.0,https://www.youtube.com/watch?v=KgdiYvcOi_w
"Building Angkor - The ""Lost"" City - Extra History - Part 5",2019-11-08,346375,12135,479,xHmHW7lL1iM,585.0,https://www.youtube.com/watch?v=xHmHW7lL1iM
History of Space Travel - Revolutions - Extra History - Part 2,2019-11-07,342891,10334,458,VB7f2BVPrvA,680.0,https://www.youtube.com/watch?v=VB7f2BVPrvA
Dragons - The Origin of Dragons - Extra Mythology,2019-11-04,1175851,40962,1667,rL8qSfXIo4M,453.0,https://www.youtube.com/watch?v=rL8qSfXIo4M
Building Angkor - A Drowning City - Extra History - Part 4,2019-11-02,424856,12135,347,JL1yTXZyPd8,610.0,https://www.youtube.com/watch?v=JL1yTXZyPd8
History of Space Travel - Looking to the Stars - Extra History - Part 1,2019-10-31,418012,13268,541,P6JARo6bgpY,596.0,https://www.youtube.com/watch?v=P6JARo6bgpY
Mythology Matters - Anansi Stories,2019-10-28,21310,890,48,kIivnvJZ82U,322.0,https://www.youtube.com/watch?v=kIivnvJZ82U
Building Angkor - A Clash of Gods - Extra History - #3,2019-10-26,425955,12499,466,BQeuakxNg94,560.0,https://www.youtube.com/watch?v=BQeuakxNg94
Anansi & the Coming of Jealousy - Anansi Stories - African - Extra Mythology - Part 2,2019-10-21,357527,11788,539,mpaBr4X323U,433.0,https://www.youtube.com/watch?v=mpaBr4X323U
Building Angkor - Temple City - Extra History - Part 2,2019-10-19,513799,14078,513,pxbW_L9O7Rg,586.0,https://www.youtube.com/watch?v=pxbW_L9O7Rg
Building Angkor - Monsoon Metropolis - Extra History - Part 1,2019-10-12,802540,21137,1279,oumxCLy_N9k,631.0,https://www.youtube.com/watch?v=oumxCLy_N9k
Anansi the Spider-Man - Anansi Stories - African - Extra Mythology - Part 1,2019-10-07,607754,20074,1003,G0dsjv9c5MU,520.0,https://www.youtube.com/watch?v=G0dsjv9c5MU
"♫ ""City of Cuzco"" by Tiffany Román - Instrumental Music - Extra History",2019-10-05,113775,2196,156,NClb6b3A3Vk,104.0,https://www.youtube.com/watch?v=NClb6b3A3Vk
Inca Empire - Lies - Extra History,2019-10-05,68801,2043,154,e96B2arsdkc,1442.0,https://www.youtube.com/watch?v=e96B2arsdkc
Mythology Matters - Samson and Delilah - Extra Mythology,2019-09-30,48903,1441,311,rbl6y20zQTI,584.0,https://www.youtube.com/watch?v=rbl6y20zQTI
Charles Darwin - The Voyage of the Beagle - Extra History,2019-09-28,563549,17923,858,jRmzmYmMTKk,592.0,https://www.youtube.com/watch?v=jRmzmYmMTKk
History of Dentistry - An End To Pain - Extra History - Part 2,2019-09-26,384047,12053,725,x9B19RmsgCo,657.0,https://www.youtube.com/watch?v=x9B19RmsgCo
Samson and Delilah - Old Testament Mythology - Extra Mythology  - Part 2,2019-09-23,450875,14744,1046,1jt2nDGHlRU,468.0,https://www.youtube.com/watch?v=1jt2nDGHlRU
The Inca Empire - A God Taken Hostage - Extra History - Part 5,2019-09-21,511242,16378,688,zHGWIKnCDtE,633.0,https://www.youtube.com/watch?v=zHGWIKnCDtE
History of Dentistry - Demons and Tooth Worms - Extra History - Part 1,2019-09-19,567155,17932,1643,tlkLbJCtR2k,690.0,https://www.youtube.com/watch?v=tlkLbJCtR2k
The Inca Empire - Andean Apocalypse - Extra History - Part 4,2019-09-14,604308,16918,586,DaVQA6cUQ9Q,621.0,https://www.youtube.com/watch?v=DaVQA6cUQ9Q
Samson and Delilah: Samson's Origins - Old Testament Mythology - Extra Mythology - Part 1,2019-09-09,535322,16869,1677,Gay_w26XXOI,478.0,https://www.youtube.com/watch?v=Gay_w26XXOI
The Inca Empire - Life of a Dead Emperor - Extra History - Part 3,2019-09-07,696083,18112,654,5D8mIYp1Qnc,589.0,https://www.youtube.com/watch?v=5D8mIYp1Qnc
The Inca Empire - Earth-Shaker - Extra History - Part 2,2019-08-31,852173,22459,731,y2JiCR3djFI,663.0,https://www.youtube.com/watch?v=y2JiCR3djFI
Mythology Matters - Aztec Myths - Extra Mythology,2019-08-26,54035,1396,133,wRTFh14BIak,620.0,https://www.youtube.com/watch?v=wRTFh14BIak
The Inca Empire - Out of Thin Air - Extra History - Part 1,2019-08-24,1292415,31120,1202,I-9z_Jc81fw,601.0,https://www.youtube.com/watch?v=I-9z_Jc81fw
The Founding of Mexico - Aztec Myths - Extra Mythology,2019-08-19,777131,23788,1403,j-bQsan5WXo,433.0,https://www.youtube.com/watch?v=j-bQsan5WXo
Joan of Arc - Lies - Extra History,2019-08-17,145525,4121,287,Brnoj4CCGG0,1413.0,https://www.youtube.com/watch?v=Brnoj4CCGG0
"♫ ""Visions of a Martyr"" by Tiffany Román - Instrumental Music - Extra History",2019-08-17,117881,2571,155,IkC5lzNbNdk,144.0,https://www.youtube.com/watch?v=IkC5lzNbNdk
Hogs in History - Creator and Destroyer - Extra History,2019-08-10,1201223,45719,2404,6WkjHyKHyX4,594.0,https://www.youtube.com/watch?v=6WkjHyKHyX4
The Fifth Sun - Aztec Myths - Extra Mythology,2019-08-05,895565,24698,1576,hOjOn6RjiKQ,603.0,https://www.youtube.com/watch?v=hOjOn6RjiKQ
Joan of Arc - Heroine or Heretic? - Part 5 - Extra History,2019-08-03,860951,28777,1250,C12SCeVmGAw,626.0,https://www.youtube.com/watch?v=C12SCeVmGAw
The Warsaw Uprising: The Unstoppable Spirit of the Polish Resistance | WW2 | Extra History,2019-08-01,2192427,67205,4674,9BjIYKq4CVk,653.0,https://www.youtube.com/watch?v=9BjIYKq4CVk
Joan of Arc - Thy Kingdom Come - Part 4 - Extra History,2019-07-27,919642,26488,883,JuuYBVsg_Hg,635.0,https://www.youtube.com/watch?v=JuuYBVsg_Hg
Mythology Matters - Australian Aboriginal Myths - Extra Mythology,2019-07-22,61628,1831,131,NuQLgmQ3zM8,541.0,https://www.youtube.com/watch?v=NuQLgmQ3zM8
Joan of Arc - The Maid of Orleans - Part 3 - Extra History,2019-07-20,974169,29598,1257,WQZimRmHEuw,642.0,https://www.youtube.com/watch?v=WQZimRmHEuw
The Whowie - Monster of the Riverina - Yorta Yorta Myths (Australian Aboriginal) - Extra Mythology,2019-07-15,575441,17493,964,j8-pBh6FOSU,464.0,https://www.youtube.com/watch?v=j8-pBh6FOSU
Joan of Arc - Angels and Demons - Part 2 - Extra History,2019-07-13,1165594,31732,1245,ZphBpO5qUkg,620.0,https://www.youtube.com/watch?v=ZphBpO5qUkg
Joan of Arc - The Mad King - Part 1 - Extra History,2019-07-06,1824776,44426,1784,4XFVzpJxgUk,643.0,https://www.youtube.com/watch?v=4XFVzpJxgUk
I Have No Mouth and I Must Scream - The End of the Apocalypse - Extra Sci Fi,2019-07-03,627527,24048,971,wrCxKfrrMBk,454.0,https://www.youtube.com/watch?v=wrCxKfrrMBk
The Rainmaker - Ualarai Stories - Australian Aboriginal Myth - Extra Mythology,2019-07-01,400621,13806,582,hZXX4d2WOro,413.0,https://www.youtube.com/watch?v=hZXX4d2WOro
History of England - A New Future - Part 6 - Extra History,2019-06-29,973576,26258,872,SuidVI9ENN8,581.0,https://www.youtube.com/watch?v=SuidVI9ENN8
Announcement: All-Day Pride Stream on the Extra Credits Twitch channel!,2019-06-27,39673,,,iptu7Ry6ESw,53.0,https://www.youtube.com/watch?v=iptu7Ry6ESw
Stand on Zanzibar - Futurism at its Best - Extra Sci Fi,2019-06-26,419466,18147,566,qOgyknV1YWc,407.0,https://www.youtube.com/watch?v=qOgyknV1YWc
Mythology Matters - Japanese Myths - Extra Mythology,2019-06-24,68444,2106,161,TCEbfU9AA_Q,352.0,https://www.youtube.com/watch?v=TCEbfU9AA_Q
History of England - Agincourt - Part 5 - Extra History,2019-06-22,1182964,27027,872,mUgMlZU9TSw,563.0,https://www.youtube.com/watch?v=mUgMlZU9TSw
A Clockwork Orange - Dystopias and Apocalypses - Extra Sci Fi,2019-06-19,327855,13209,391,hZi4V4lMtHw,434.0,https://www.youtube.com/watch?v=hZi4V4lMtHw
Ōkuninushi’s Tale - Japanese Myth - Extra Mythology,2019-06-17,634452,19518,744,gPnSgEfmvUo,517.0,https://www.youtube.com/watch?v=gPnSgEfmvUo
History of England - Ashes - Part 4 - Extra History,2019-06-15,1108601,25640,619,B7ENUtP_22g,525.0,https://www.youtube.com/watch?v=B7ENUtP_22g
A Canticle for Leibowitz - Dystopias and Apocalypses - Extra Sci Fi,2019-06-12,269220,10945,331,TzGK9UTyf-8,430.0,https://www.youtube.com/watch?v=TzGK9UTyf-8
History of England - The Devastation of France - Part 3 - Extra History,2019-06-08,1257807,27679,709,JWuxh-e87dg,503.0,https://www.youtube.com/watch?v=JWuxh-e87dg
Player Piano - Dystopias and Apocalypses - Extra Sci Fi,2019-06-05,225629,9780,530,MS7-ybkZgIw,425.0,https://www.youtube.com/watch?v=MS7-ybkZgIw
The Hare of Inaba - Japanese Myth - Extra Mythology,2019-06-01,525176,17416,642,M53mGySTDN4,403.0,https://www.youtube.com/watch?v=M53mGySTDN4
History of England - Fire and Swords - Part 2 - Extra History,2019-06-01,1450019,32228,1145,w5K2K-S013U,547.0,https://www.youtube.com/watch?v=w5K2K-S013U
Fahrenheit 451 - Dystopias and Apocalypses - Extra Sci Fi,2019-05-29,566311,20697,684,4b0SS8BKBbY,430.0,https://www.youtube.com/watch?v=4b0SS8BKBbY
Nart & Russian Myths - Mythology Matters - Extra Mythology,2019-05-27,74711,2083,137,lsqqtP8o_vg,863.0,https://www.youtube.com/watch?v=lsqqtP8o_vg
History of England - The 100 Years War  - Part 1 - Extra History,2019-05-25,2526191,53970,1756,i0NXWfCLIfI,512.0,https://www.youtube.com/watch?v=i0NXWfCLIfI
Earth Abides - Dystopias and Apocalypses - Extra Sci Fi,2019-05-22,337717,13795,407,2hieycSRUeM,411.0,https://www.youtube.com/watch?v=2hieycSRUeM
Warlocks and Warriors - Russian Myth - Extra Mythology,2019-05-20,785274,24956,919,9KrBm1qpCnE,481.0,https://www.youtube.com/watch?v=9KrBm1qpCnE
"♫ ""A New Ruler"" by Tiffany Román - Instrumental Music - Extra History",2019-05-18,78993,1328,72,N94H6F0WObc,94.0,https://www.youtube.com/watch?v=N94H6F0WObc
Siege of Vienna & Queen Nzinga - Lies - Extra History,2019-05-18,116142,2790,218,gpXu5AeNVXc,1387.0,https://www.youtube.com/watch?v=gpXu5AeNVXc
"♫ ""A Distant Enemy Approaches"" by Tiffany Román - Instrumental Music - Extra History",2019-05-18,122064,2177,137,jQ_HV57cgbg,107.0,https://www.youtube.com/watch?v=jQ_HV57cgbg
The Three Kingdoms - The Battle of Guandu - Part 2 - Extra History,2019-05-16,713756,17015,986,HRXIbouYVck,691.0,https://www.youtube.com/watch?v=HRXIbouYVck
1984 - Dystopias and Apocalypses - Extra Sci Fi,2019-05-15,703276,26427,1540,FrKwpDoDkc4,441.0,https://www.youtube.com/watch?v=FrKwpDoDkc4
U.S. Civil War - Surprising Soldiers - Extra History,2019-05-11,1502007,36801,1752,xTQ0qdFhGkQ,569.0,https://www.youtube.com/watch?v=xTQ0qdFhGkQ
The Three Kingdoms - Yellow Turban Rebellion - Part 1 - Extra History,2019-05-09,1146532,27991,1902,hu7bdq-alRo,695.0,https://www.youtube.com/watch?v=hu7bdq-alRo
Brave New World - Dystopias and Apocalypses - Extra Sci Fi,2019-05-08,705229,24354,1097,lb0VLDHD3eo,476.0,https://www.youtube.com/watch?v=lb0VLDHD3eo
Tale of the Golden Tree - Nart Sagas - North Caucasus Myth - Russian - Extra Mythology,2019-05-06,541109,17248,906,qQqRt6uhy7A,467.0,https://www.youtube.com/watch?v=qQqRt6uhy7A
Queen Nzinga - The Double Queen - Part 2 - Extra History,2019-05-04,735688,21844,833,eCQU5FC7ht0,593.0,https://www.youtube.com/watch?v=eCQU5FC7ht0
Mythology Matters - Persian Myths - Extra Mythology,2019-04-29,97128,2785,155,Q5G2gCWmVfg,347.0,https://www.youtube.com/watch?v=Q5G2gCWmVfg
Queen Nzinga - Rise of a Legend - Part 1 - Extra History,2019-04-27,1099420,27880,1575,EBbYxLmCO6c,552.0,https://www.youtube.com/watch?v=EBbYxLmCO6c
Zal and Rudabeh: A Love Story - Persian Myth - Part 2 - Extra Mythology,2019-04-22,802823,20084,1002,GAzdy-72rzg,624.0,https://www.youtube.com/watch?v=GAzdy-72rzg
Siege of Vienna - Charge of the Winged Hussars - Part 3 - Extra History,2019-04-20,2311064,56849,2950,-CouQMh_PUo,652.0,https://www.youtube.com/watch?v=-CouQMh_PUo
Siege of Vienna - Tunnel War - Part 2 - Extra History,2019-04-13,3035718,50865,1620,XxOufHD_Nxw,631.0,https://www.youtube.com/watch?v=XxOufHD_Nxw
Zahhak the Demon King - Persian Myth #1 - Extra Mythology,2019-04-08,1082042,25227,1725,dcSe1ggaJ5g,578.0,https://www.youtube.com/watch?v=dcSe1ggaJ5g
Siege of Vienna - Opening Bombardment - Part 1 - Extra History,2019-04-06,2414061,57597,2878,MxZ9coEkd-U,714.0,https://www.youtube.com/watch?v=MxZ9coEkd-U
Gilgamesh Meaning - Mythology Matters - Extra Mythology,2019-04-03,103891,3026,138,34kDS3ItAtQ,345.0,https://www.youtube.com/watch?v=34kDS3ItAtQ
"♫ ""A Warmer Place - Rowan's Jig"" by Tiffany Román - Instrumental Music - Extra History",2019-03-30,213405,4278,272,nzuygbp6toA,125.0,https://www.youtube.com/watch?v=nzuygbp6toA
Irish Potato Famine - Lies - Extra History,2019-03-30,173583,4447,428,q3cE_pQhBOU,1611.0,https://www.youtube.com/watch?v=q3cE_pQhBOU
Gilgamesh vs. Humbaba - Bronze Age Mesopotamian Myths - Extra Mythology - Part 2,2019-03-25,770422,22200,1330,WYigCx2jHFM,491.0,https://www.youtube.com/watch?v=WYigCx2jHFM
The Boston Massacre - Snow and Gunpowder - Extra History,2019-03-23,2086205,42027,2354,qpK9qe0a-WI,630.0,https://www.youtube.com/watch?v=qpK9qe0a-WI
Irish Potato Famine - The Young and the Old - Part 5 - Extra History,2019-03-16,1288831,36897,1770,iLlNAwyUFBs,648.0,https://www.youtube.com/watch?v=iLlNAwyUFBs
"Gilgamesh and Enkidu, BFFs - Bronze Age Mesopotamian Myths - Extra Mythology - Part 1",2019-03-11,1084619,27695,1856,3_mo0Vh1b08,424.0,https://www.youtube.com/watch?v=3_mo0Vh1b08
Irish Potato Famine - The American Wake - Part 4 - Extra History,2019-03-09,1350832,32534,1583,csNlKTRJiS0,633.0,https://www.youtube.com/watch?v=csNlKTRJiS0
Dune - Muad'dib - Extra Sci Fi - Part 4,2019-03-06,294724,12076,533,C6_5dKRudiY,422.0,https://www.youtube.com/watch?v=C6_5dKRudiY
Wendigo Origins - Mythology Matters - Extra Mythology,2019-03-04,380266,12047,492,936xJH4PKoo,427.0,https://www.youtube.com/watch?v=936xJH4PKoo
Irish Potato Famine - Black '47 - Part 3 - Extra History,2019-03-02,1509854,34214,3271,6DP8INm09nY,681.0,https://www.youtube.com/watch?v=6DP8INm09nY
Two Million Thanks!,2019-02-28,71714,7349,676,oYPlCGHnqrM,59.0,https://www.youtube.com/watch?v=oYPlCGHnqrM
Dune - Wandering in the Desert - Extra Sci Fi - Part 3,2019-02-27,325409,10758,271,qYY6gWn0CPI,388.0,https://www.youtube.com/watch?v=qYY6gWn0CPI
The Wendigo - The Omushkego Tribe - Native American Myth -  Extra Mythology,2019-02-25,4835650,132955,5249,8j-R71s5044,553.0,https://www.youtube.com/watch?v=8j-R71s5044
Irish Potato Famine - The Corn Laws - Part 2 - Extra History,2019-02-23,1729389,36288,1994,E4Dc0ltgf3I,631.0,https://www.youtube.com/watch?v=E4Dc0ltgf3I
Dune - Plots and Plans - Extra Sci Fi - Part 2,2019-02-20,388944,13145,399,4NYO7aoOOmk,366.0,https://www.youtube.com/watch?v=4NYO7aoOOmk
Irish Potato Famine - Isle of Blight - Part 1 - Extra History,2019-02-16,2734694,53150,4165,gAnT21xGdSk,629.0,https://www.youtube.com/watch?v=gAnT21xGdSk
Dune - Origins - Extra Sci Fi - Part 1,2019-02-13,637542,19755,661,BCTM9JoaKrg,451.0,https://www.youtube.com/watch?v=BCTM9JoaKrg
Native American Myth - Nlaka'pamux: The Adventures of Coyote - Extra Mythology,2019-02-11,685189,18906,981,sRlZUvtBBww,468.0,https://www.youtube.com/watch?v=sRlZUvtBBww
Sun Yat-sen - Lies - Extra History,2019-02-09,142847,3203,247,9ZMU4VT2amo,1375.0,https://www.youtube.com/watch?v=9ZMU4VT2amo
"♫ ""Across the Pacific"" by Tiffany Román - Instrumental Music - Extra History",2019-02-09,134732,2137,176,A5WprbUNm44,111.0,https://www.youtube.com/watch?v=A5WprbUNm44
Tuberculosis - A Ten-Thousand Year Battle - Part 2 - Extra History,2019-02-07,1166891,31477,1537,hBgUWnGtxt4,650.0,https://www.youtube.com/watch?v=hBgUWnGtxt4
Lord of the Rings - The Return of the King - Extra Sci Fi - Part 3,2019-02-06,241575,9565,557,2t1Y2vIXW_o,482.0,https://www.youtube.com/watch?v=2t1Y2vIXW_o
Mythology Matters - Extra Mythology,2019-02-04,138340,4159,319,qMmVdTRb3jY,717.0,https://www.youtube.com/watch?v=qMmVdTRb3jY
Jane Austen - Sarcasm and Subversion - Extra History,2019-02-02,815153,24944,743,KwD-1rW254g,627.0,https://www.youtube.com/watch?v=KwD-1rW254g
Curing Tuberculosis - The Hero Koch - Part 1 - Extra History,2019-01-31,1741161,36744,1525,XP-WXLsnMjY,672.0,https://www.youtube.com/watch?v=XP-WXLsnMjY
Lord of the Rings - The Two Towers - Extra Sci Fi - Part 2,2019-01-30,280474,11627,1177,itYfBiB3bmM,424.0,https://www.youtube.com/watch?v=itYfBiB3bmM
Fomorian Blues - Celtic Myth - Extra Mythology - Part 2,2019-01-28,795929,21044,822,4V-6XksC2Ac,488.0,https://www.youtube.com/watch?v=4V-6XksC2Ac
Sun Yat-sen - A Dream of China - Part 5 - Extra History,2019-01-26,1001352,27613,1553,2iWELGVrJKE,681.0,https://www.youtube.com/watch?v=2iWELGVrJKE
Lord of the Rings: The Fellowship of the Ring - Extra Sci Fi - Part 1,2019-01-23,378511,13899,603,yroB91bcr-4,383.0,https://www.youtube.com/watch?v=yroB91bcr-4
Watch Extra Credits - Because Learning Matters,2019-01-22,660407,2170,,27U0O3Eeo1I,43.0,https://www.youtube.com/watch?v=27U0O3Eeo1I
Sun Yat-sen - A Bombing in Wuchang - Part 4 - Extra History,2019-01-19,983066,23960,932,ibj1IZ-w60s,614.0,https://www.youtube.com/watch?v=ibj1IZ-w60s
Tolkien and Herbert - The World Builders - Extra Sci Fi,2019-01-16,356318,15061,707,oUqd_3OKu-I,499.0,https://www.youtube.com/watch?v=oUqd_3OKu-I
The Isle of Destiny - Celtic Myth - Extra Mythology - Part 1,2019-01-14,1087117,28584,1152,EfPfWsVRAkg,440.0,https://www.youtube.com/watch?v=EfPfWsVRAkg
Sun Yat-sen - An Army in Exile - Part 3 - Extra History,2019-01-12,1145648,25527,1030,uOIdiZ2zjUU,647.0,https://www.youtube.com/watch?v=uOIdiZ2zjUU
Sun Yat-sen - A Kidnapping in London - Part 2 - Extra History,2018-12-22,1441603,28297,1206,bt1TZHXkQ4Y,648.0,https://www.youtube.com/watch?v=bt1TZHXkQ4Y
End of the Year Update 2018!,2018-12-20,73260,3481,427,NRHf-ZyaCug,281.0,https://www.youtube.com/watch?v=NRHf-ZyaCug
Krampus - Christmas Demon - European Legend - Extra Mythology,2018-12-17,1640192,45352,2816,12_Z93KZnfA,552.0,https://www.youtube.com/watch?v=12_Z93KZnfA
Sun Yat-sen - A Killing in Hong Kong - Part 1 - Extra History,2018-12-16,1968460,39283,1563,01vuhp5WgXM,676.0,https://www.youtube.com/watch?v=01vuhp5WgXM
"♫ ""March of the Northmen"" by Tiffany Román - Instrumental Music - Extra History",2018-12-08,142144,2792,127,X5DitVQ8DRw,116.0,https://www.youtube.com/watch?v=X5DitVQ8DRw
Viking Expansion - Lies - Extra History,2018-12-08,171644,3186,316,rAI4zRaNO3I,1770.0,https://www.youtube.com/watch?v=rAI4zRaNO3I
Izanami and Izanagi - Underworld Blues - Japanese - Extra Mythology,2018-12-03,1218860,39448,2577,BGPo-TvgiGc,406.0,https://www.youtube.com/watch?v=BGPo-TvgiGc
Viking Expansion - Wine Land - Part 6 - Extra History,2018-12-01,817121,22002,1332,SITsfX15jw0,659.0,https://www.youtube.com/watch?v=SITsfX15jw0
Defense of Poland 2: Under Siege | WW2 | Extra History,2018-11-29,1498858,35346,2973,20fFU_OqB0M,711.0,https://www.youtube.com/watch?v=20fFU_OqB0M
Viking Expansion - A Song of Ice and Greenland - Part 5 - Extra History,2018-11-24,826959,18740,889,kTB8131aGJo,572.0,https://www.youtube.com/watch?v=kTB8131aGJo
Defense of Poland 1: The Battle of the Border | WW2 | Extra History,2018-11-22,2413860,47777,3472,I47vCycUSW4,741.0,https://www.youtube.com/watch?v=I47vCycUSW4
Perseus - Medusa - Greek - Extra Mythology,2018-11-19,1067504,23334,1243,Benf85fIWfg,448.0,https://www.youtube.com/watch?v=Benf85fIWfg
Viking Expansion - The Lands of the Rus - Part 4 - Extra History,2018-11-17,994686,22754,1565,fhz4Fe25rik,651.0,https://www.youtube.com/watch?v=fhz4Fe25rik
Viking Expansion - Ireland - Part 3 - Extra History,2018-11-10,1146862,23736,1038,ms3-rhnbw9U,673.0,https://www.youtube.com/watch?v=ms3-rhnbw9U
Perseus - Plans of Bismarckian Proportion - Greek - Extra Mythology,2018-11-05,1387741,27673,1081,YAhtYq62WOc,472.0,https://www.youtube.com/watch?v=YAhtYq62WOc
Viking Expansion - Rollo the Walker - Part 2 - Extra History,2018-11-03,1364511,28793,1637,IOnjG7ocZmI,714.0,https://www.youtube.com/watch?v=IOnjG7ocZmI
"♫""Subatomic Fugue"" by Tiffany Román - Instrumental Music - Extra History",2018-10-28,96232,1755,132,TSr3O9juwt4,106.0,https://www.youtube.com/watch?v=TSr3O9juwt4
Viking Expansion - The Serpent-Riders - Part 1 - Extra History,2018-10-27,1650885,35008,1604,sxItyrp55g8,659.0,https://www.youtube.com/watch?v=sxItyrp55g8
Prometheus - The Making of Man - Greek - Extra Mythology,2018-10-22,1136347,29980,1681,nOewVh0umdM,581.0,https://www.youtube.com/watch?v=nOewVh0umdM
Quantum Computing - The World of the Future - Part 6 - Extra History,2018-10-21,334341,9918,736,HWxhQKo3Vh4,544.0,https://www.youtube.com/watch?v=HWxhQKo3Vh4
"♫ ""Candhi Ayu"" by Tiffany Román - Instrumental Music - Extra History",2018-10-20,106899,2133,149,Zw5Memcq0Mo,73.0,https://www.youtube.com/watch?v=Zw5Memcq0Mo
Kingdom of Majapahit - Lies - Extra History,2018-10-20,206751,5469,755,v826Hrhupww,1360.0,https://www.youtube.com/watch?v=v826Hrhupww
October Update! (Happy Halloween!),2018-10-17,56727,3179,369,-mTsNWDuZmA,328.0,https://www.youtube.com/watch?v=-mTsNWDuZmA
Quantum Computing - Decoherence - Part 5 - Extra History,2018-10-14,418263,10433,465,LsxJmHS0cc8,420.0,https://www.youtube.com/watch?v=LsxJmHS0cc8
"Julie d'Aubigny - Duelist, Singer, Radical - Extra History",2018-10-13,1149213,44852,2858,6QaBYLAOaSY,598.0,https://www.youtube.com/watch?v=6QaBYLAOaSY
The True Frontier - Alfred Bester - Extra Sci Fi,2018-10-10,151018,5783,390,DxUgQ5zYvWk,422.0,https://www.youtube.com/watch?v=DxUgQ5zYvWk
Prometheus - Origins - Greek - Extra Mythology,2018-10-08,1269887,35209,1817,duzoedPyySk,466.0,https://www.youtube.com/watch?v=duzoedPyySk
Quantum Computing - Spooky Action at a Distance - Part 4 - Extra History,2018-10-07,427256,12363,647,sITpTx5GL-w,389.0,https://www.youtube.com/watch?v=sITpTx5GL-w
Kingdom of Majapahit - Changing Winds - Part 5 - Extra History,2018-10-06,872554,25294,2044,1gGoSOpf34E,741.0,https://www.youtube.com/watch?v=1gGoSOpf34E
Extra Mythology Series Announcement!,2018-10-04,192726,9433,1086,Af_2X1ijFiM,107.0,https://www.youtube.com/watch?v=Af_2X1ijFiM
The True Frontier - Cordwainer Smith - Extra Sci Fi,2018-10-03,174495,6921,323,21Uyx0eJgIo,503.0,https://www.youtube.com/watch?v=21Uyx0eJgIo
Quantum Computing - The Einstein-Bohr Debates - Part 3 - Extra History,2018-09-30,605422,16662,714,8PUi0I02Mdc,652.0,https://www.youtube.com/watch?v=8PUi0I02Mdc
Kingdom of Majapahit - The Golden Reign - Part 4 - Extra History,2018-09-29,971974,25865,2004,k_7lo61DkBM,650.0,https://www.youtube.com/watch?v=k_7lo61DkBM
Arthur C. Clarke - Beyond Human - Extra Sci Fi - Part 2,2018-09-26,165504,6490,410,lX1lMv0K6rE,379.0,https://www.youtube.com/watch?v=lX1lMv0K6rE
Quantum Computing - Electron Boogaloo - Part 2 - Extra History,2018-09-23,568170,13562,844,2i02SQ5SFaU,599.0,https://www.youtube.com/watch?v=2i02SQ5SFaU
Kingdom of Majapahit - Master of Intrigue - Part 3 - Extra History,2018-09-22,1080279,25239,1603,WOw9feCjpME,645.0,https://www.youtube.com/watch?v=WOw9feCjpME
Arthur C. Clarke - Master of Science Fiction - Extra Sci Fi - Part 1,2018-09-19,223689,7227,302,e8LBmjc6Wz0,350.0,https://www.youtube.com/watch?v=e8LBmjc6Wz0
Quantum Computing - The Foundation of Everything - Part 1 - Extra History,2018-09-16,824249,23083,1516,iol5936dZho,526.0,https://www.youtube.com/watch?v=iol5936dZho
Kingdom of Majapahit - Wrath of the Khan - Part 2 - Extra History,2018-09-15,1331639,30014,2197,bZKHATDgPO0,592.0,https://www.youtube.com/watch?v=bZKHATDgPO0
Battle of Saipan 2: Suicide Island | WW2 | Extra History,2018-09-13,1536484,32140,1966,dDvuXO9REMM,711.0,https://www.youtube.com/watch?v=dDvuXO9REMM
Battle of Saipan 1: Steel and Coral | WW2 | Extra History,2018-09-06,2236372,36295,1946,y9qi1Ge3ThY,678.0,https://www.youtube.com/watch?v=y9qi1Ge3ThY
September EC News!,2018-08-29,74413,2580,,fslUfdfbdFM,81.0,https://www.youtube.com/watch?v=fslUfdfbdFM
"The History of Virtual Reality - Cyberpunk, Anime, and the Movies - Extra Sci Fi - Part 2",2018-08-29,142420,5067,591,fUraQf_kHSs,536.0,https://www.youtube.com/watch?v=fUraQf_kHSs
Kingdom of Majapahit - An Empire of Water - Part 1 - Extra History,2018-08-25,2236923,56406,5655,n4zGw2OewIk,636.0,https://www.youtube.com/watch?v=n4zGw2OewIk
ANNOUNCEMENT - The Partisans: An Extra Politics Board Game,2018-08-23,71302,3040,282,Jv-kcu98C5I,129.0,https://www.youtube.com/watch?v=Jv-kcu98C5I
The History of Virtual Reality - A New Place to Call Home - Extra Sci Fi - Part 1,2018-08-22,164716,5908,434,bWIyzoqG-1Q,458.0,https://www.youtube.com/watch?v=bWIyzoqG-1Q
"♫ ""The Cytokine Storm"" by Tiffany Román - Instrumental Music - Extra History",2018-08-18,159608,2651,265,5FAA-rhA2Qo,92.0,https://www.youtube.com/watch?v=5FAA-rhA2Qo
The 1918 Flu Pandemic - Lies - Extra History,2018-08-18,288787,5776,601,fyyes_IMNoo,1219.0,https://www.youtube.com/watch?v=fyyes_IMNoo
Robert Heinlein - Highs and Lows - Part 2,2018-08-15,212560,7335,1143,p8AyxQ-J1no,603.0,https://www.youtube.com/watch?v=p8AyxQ-J1no
The 1918 Flu Pandemic - The Forgotten Plague - Part 6 - Extra History,2018-08-11,1421407,36083,4078,NSLKFwXBdbg,625.0,https://www.youtube.com/watch?v=NSLKFwXBdbg
Robert Heinlein - Rise - Extra Sci Fi - Part 1,2018-08-08,227249,7278,652,XaWMe5nC9SA,373.0,https://www.youtube.com/watch?v=XaWMe5nC9SA
The 1918 Flu Pandemic - Leviathan - Part 5 - Extra History,2018-08-04,1544948,29274,2015,QSxaojFNAsU,626.0,https://www.youtube.com/watch?v=QSxaojFNAsU
Isaac Asimov - Foundation & Empire - Extra Sci Fi - Part 3,2018-08-01,273049,9472,634,8OFg-lFmGJg,380.0,https://www.youtube.com/watch?v=8OFg-lFmGJg
The 1918 Flu Pandemic - Fighting the Ghost - Part 4 - Extra History,2018-07-28,1558284,29189,2100,dHGz4QvDVlM,593.0,https://www.youtube.com/watch?v=dHGz4QvDVlM
Pellagra - A Medical Mystery - Extra History,2018-07-26,1613412,38109,2024,reYKBgdrZsM,663.0,https://www.youtube.com/watch?v=reYKBgdrZsM
Isaac Asimov - Laws of Robotics - Extra Sci Fi - Part 2,2018-07-25,334225,10626,720,3teiT--QGzo,422.0,https://www.youtube.com/watch?v=3teiT--QGzo
Fixing the Game - How to Patch Gerrymandering - Extra Politics - #8,2018-07-24,174535,8640,870,sUVAgejhLaE,612.0,https://www.youtube.com/watch?v=sUVAgejhLaE
The 1918 Flu Pandemic - Order More Coffins - Part 3 - Extra History,2018-07-21,1613769,31007,1999,RHlYBBZL_y8,610.0,https://www.youtube.com/watch?v=RHlYBBZL_y8
Isaac Asimov - Master of Science - Extra Sci Fi - Part 1,2018-07-18,383838,11258,450,RGdcmupG7aA,499.0,https://www.youtube.com/watch?v=RGdcmupG7aA
Is the Game Broken? - Designer's Intent and the Triple Power Rule - Extra Politics - #7,2018-07-17,187923,6962,701,ryMICt4eppA,471.0,https://www.youtube.com/watch?v=ryMICt4eppA
The 1918 Flu Pandemic - Trench Fever - Part 2 - Extra History,2018-07-14,1958594,33865,1834,Gt-VQGNiSWU,570.0,https://www.youtube.com/watch?v=Gt-VQGNiSWU
The Golden Age of Science Fiction - Modernity Begins - Extra Sci Fi,2018-07-11,191259,5765,322,174-Gch95uY,353.0,https://www.youtube.com/watch?v=174-Gch95uY
"Who Writes the Rules? - Rules, Part 3 - Extra Politics - Part 6",2018-07-10,179744,6940,696,qEUfC7hk5tM,458.0,https://www.youtube.com/watch?v=qEUfC7hk5tM
The 1918 Flu Pandemic - Emergence  - Part 1 - Extra History,2018-07-07,3584694,58943,5318,XQ9WX4qVxEo,561.0,https://www.youtube.com/watch?v=XQ9WX4qVxEo
"Cheating - Rules, Part 2 - Extra Politics - Part 5",2018-07-03,246511,7976,602,PqXIdVEo-9U,643.0,https://www.youtube.com/watch?v=PqXIdVEo-9U
History of Non-Euclidean Geometry - Lies - Part 6 - Extra History - Part 6,2018-06-30,167535,3886,238,icpzi9sX_58,712.0,https://www.youtube.com/watch?v=icpzi9sX_58
"♫ ""Postulate 5"" by Sean and Dean Kiner - Instrumental Music - Extra History",2018-06-30,183579,2916,226,jZtt0xCuw4o,220.0,https://www.youtube.com/watch?v=jZtt0xCuw4o
"The Rules of Society - Rules, Part 1 - Extra Politics - Part 4",2018-06-26,247216,10001,868,gK1dZ67MLjY,474.0,https://www.youtube.com/watch?v=gK1dZ67MLjY
The History of Non-Euclidean Geometry - The World We Know - Part 5 - Extra History,2018-06-23,865927,29645,1324,RJHi7xJV7QY,523.0,https://www.youtube.com/watch?v=RJHi7xJV7QY
"Catch-up Mechanics - The Role of the Press, Third Parties, and Money - Extra Politics - Part 3",2018-06-19,234019,8484,578,uz0N-jlkXZM,491.0,https://www.youtube.com/watch?v=uz0N-jlkXZM
The History of Non-Euclidean Geometry - A Most Terrible Possibility - Part 4 - Extra History,2018-06-16,984696,23664,1227,i5goUkT1irw,472.0,https://www.youtube.com/watch?v=i5goUkT1irw
The Battle of Thermopylae - East vs. West - Part 2 - Extra History,2018-06-14,1663275,37497,1604,Fvd9vxyCgCA,631.0,https://www.youtube.com/watch?v=Fvd9vxyCgCA
Polls vs Win Charts - Positional Heuristics - Extra Politics - Part 2,2018-06-12,262273,9422,642,1wZphSHtnAg,539.0,https://www.youtube.com/watch?v=1wZphSHtnAg
The History of Non-Euclidean Geometry - Squaring the Circle - Part 3 - Extra History,2018-06-09,1000917,25290,1303,H74AayZkpXg,594.0,https://www.youtube.com/watch?v=H74AayZkpXg
The Battle of Thermopylae - The Hellenic Alliance - Part 1 - Extra History,2018-06-07,2469561,45962,2208,FwitONWEgsk,624.0,https://www.youtube.com/watch?v=FwitONWEgsk
"Points, Actions, and Marginal Votes - The Game of Elections - Extra Politics - Part 1",2018-06-05,369992,16847,1502,Xm-L9cIRdmY,670.0,https://www.youtube.com/watch?v=Xm-L9cIRdmY
The History of Non-Euclidean Geometry - The Great Quest  - Part 2 - Extra History,2018-06-02,1207163,30587,1460,vUWKMo5scKY,483.0,https://www.youtube.com/watch?v=vUWKMo5scKY
The History of Non-Euclidean Geometry - Sacred Geometry - Part 1 - Extra History,2018-05-26,1738029,39466,1821,nkvVR-sKJT8,437.0,https://www.youtube.com/watch?v=nkvVR-sKJT8
ANNOUNCEMENT: Next Season of Extra Sci Fi!,2018-05-23,82649,2310,235,_5TrCIgdEKQ,38.0,https://www.youtube.com/watch?v=_5TrCIgdEKQ
"♫ ""Wealth Beyond Dreams"" by Sean and Dean Kiner  - Instrumental Music - Extra History",2018-05-19,125096,1971,107,zAeKkS-e3WE,76.0,https://www.youtube.com/watch?v=zAeKkS-e3WE
The Empire of Mali - Lies - Extra History,2018-05-19,147738,3212,199,-DWZUvDleSQ,870.0,https://www.youtube.com/watch?v=-DWZUvDleSQ
John W. Campbell Reshapes Sci-Fi - Pulp! Astounding Stories - Extra Sci Fi,2018-05-16,196096,7258,415,Ctpvd2VvukQ,516.0,https://www.youtube.com/watch?v=Ctpvd2VvukQ
The Empire of Mali - The Final Bloody Act - Extra History - Part 5,2018-05-12,845071,21099,1021,Mi79VdOCXGc,652.0,https://www.youtube.com/watch?v=Mi79VdOCXGc
Comics and Hard-Boiled - Pulp! Noir - Extra Sci Fi,2018-05-09,242412,8392,336,DdzjNmbHq4g,391.0,https://www.youtube.com/watch?v=DdzjNmbHq4g
The Empire of Mali - The Cracks Begin to Show - Extra History - Part 4,2018-05-05,978733,19676,915,lkTF0TGBDNc,538.0,https://www.youtube.com/watch?v=lkTF0TGBDNc
Lovecraft & Howard - Pulp! Weird Tales - Extra Sci Fi,2018-05-02,576713,21221,1170,8dnrcVZIK7M,519.0,https://www.youtube.com/watch?v=8dnrcVZIK7M
The Empire of Mali - Mansa Musa - Extra History - Part 3,2018-04-28,1491062,26310,1339,4-Un2xx6Pzo,490.0,https://www.youtube.com/watch?v=4-Un2xx6Pzo
Hugo Gernsback - Pulp! Amazing Stories - Extra Sci Fi,2018-04-25,173125,6246,225,2CnS-ZNvRDs,388.0,https://www.youtube.com/watch?v=2CnS-ZNvRDs
The Empire of Mali - An Empire of Trade and Faith - Extra History - Part 2,2018-04-21,1465549,28294,1351,YPytwp5ll9g,619.0,https://www.youtube.com/watch?v=YPytwp5ll9g
Yggdrasil - Nine Worlds of the Norse - Extra Mythology,2018-04-20,1584493,39161,1785,HIL7TAO1cT4,410.0,https://www.youtube.com/watch?v=HIL7TAO1cT4
Lord Dunsany - The History of Sci Fi - Extra Sci Fi - Part 6,2018-04-18,277037,11106,530,WumW5gIw9xs,538.0,https://www.youtube.com/watch?v=WumW5gIw9xs
"ANNOUNCEMENT: A Dreamer's Tales, by Lord Dunsany, Available Now! - Extra Sci Fi",2018-04-18,80572,3718,324,FgCt0RFJskQ,144.0,https://www.youtube.com/watch?v=FgCt0RFJskQ
The Empire of Mali - The Twang of a Bow - Extra History - Part 1,2018-04-14,2325963,37903,1748,UkayShPilkw,530.0,https://www.youtube.com/watch?v=UkayShPilkw
The Danelaw - The Fall of Eric Bloodaxe - Extra History - Part 2,2018-04-12,1334003,26274,1080,MvM3wPGAUjE,636.0,https://www.youtube.com/watch?v=MvM3wPGAUjE
The Aesir-Vanir War - Norse - Extra Mythology,2018-04-09,1399173,34404,1819,g9TET6YTYrk,369.0,https://www.youtube.com/watch?v=g9TET6YTYrk
The Triangle Shirtwaist Fire - Horror in Manhattan - Extra History,2018-04-07,1393178,33483,2036,8-fwdc3OSaU,641.0,https://www.youtube.com/watch?v=8-fwdc3OSaU
The Danelaw - Alfred vs. Guthrum - Extra History - Part 1,2018-04-05,2220564,39128,2008,_K6P3T0NIjo,656.0,https://www.youtube.com/watch?v=_K6P3T0NIjo
The Forgotten Foundations Part 2 - The History of Sci Fi - Extra Sci Fi - Part 5,2018-04-03,244226,8149,400,WeITe57qWjk,461.0,https://www.youtube.com/watch?v=WeITe57qWjk
Genghis Khan - Lies - Extra History,2018-03-31,297372,6595,567,rSg5Lx5RqUA,918.0,https://www.youtube.com/watch?v=rSg5Lx5RqUA
"♫ ""The Infinite Steppe"" by Sean and Dean Kiner - Instrumental Music - Extra History",2018-03-31,232641,4075,270,flaRyx90YJo,118.0,https://www.youtube.com/watch?v=flaRyx90YJo
The Forgotten Foundations Part 1 - The History of Sci Fi - Extra Sci Fi - Part 4,2018-03-28,303399,9954,364,CIG6I_SpYs4,470.0,https://www.youtube.com/watch?v=CIG6I_SpYs4
Genghis Khan - The Final Conquering Years - Extra History - Part 6,2018-03-24,2869276,66367,4207,aKQ-djCmsrQ,605.0,https://www.youtube.com/watch?v=aKQ-djCmsrQ
The History of Science Fiction - Pseudo-Science - Extra Sci Fi - Part 3,2018-03-21,256763,8341,468,v9aIP-Z8Pko,403.0,https://www.youtube.com/watch?v=v9aIP-Z8Pko
Genghis Khan - Beginnings of the Great Mongol Nation - Extra History - Part 5,2018-03-17,3092176,53667,2059,FPYnY_TgQDA,642.0,https://www.youtube.com/watch?v=FPYnY_TgQDA
The History of Sci Fi - H.G. Wells - Extra Sci Fi - Part 2,2018-03-14,321135,9906,486,4S0JVHvL1os,438.0,https://www.youtube.com/watch?v=4S0JVHvL1os
Genghis Khan - Khan of All Mongols - Extra History - Part 4,2018-03-10,3161963,55727,2222,vmYcxEOBk_8,621.0,https://www.youtube.com/watch?v=vmYcxEOBk_8
The History of Sci Fi - Jules Verne - Extra Sci Fi - Part 1,2018-03-07,385712,11737,566,O-_-0O7c-PE,491.0,https://www.youtube.com/watch?v=O-_-0O7c-PE
Genghis Khan - The Debut of Temüjin Khan - Extra History - Part 3,2018-03-03,3327049,55751,1661,IvUDNSfSQdU,628.0,https://www.youtube.com/watch?v=IvUDNSfSQdU
Cuban Missile Crisis - Black Saturday - Extra History - Part 3,2018-03-01,2406063,47372,2598,-Ox9wIZeZYg,664.0,https://www.youtube.com/watch?v=-Ox9wIZeZYg
Genghis Khan - The Rivalry of Blood Brothers - Extra History - Part 2,2018-02-24,3731800,62360,1759,61NZrJevZwI,595.0,https://www.youtube.com/watch?v=61NZrJevZwI
Cuban Missile Crisis - Eyeball to Eyeball - Extra History - Part 2,2018-02-22,2893077,43162,1587,QQT4Dt82Kz0,660.0,https://www.youtube.com/watch?v=QQT4Dt82Kz0
Genghis Khan - Temüjin the Child - Extra History - Part 1,2018-02-17,6041077,88501,4063,3cVTVF6ioaY,596.0,https://www.youtube.com/watch?v=3cVTVF6ioaY
Cuban Missile Crisis - The Failed Checkmate - Extra History - Part 1,2018-02-15,4223728,57247,2421,xqJBibhR07w,658.0,https://www.youtube.com/watch?v=xqJBibhR07w
The Martian Chronicles - The New Martians - Extra Sci Fi - Part 3,2018-02-14,195371,7429,325,AJulzRGlifA,379.0,https://www.youtube.com/watch?v=AJulzRGlifA
The Martian Chronicles - Too Human - Extra Sci Fi - Part 2,2018-02-07,227075,7561,305,Dr6G7ePVYjg,388.0,https://www.youtube.com/watch?v=Dr6G7ePVYjg
"♫ ""Immortal Soul"" by Sean and Dean Kiner - Instrumental Music - Extra History",2018-02-03,289363,2974,179,IQFFsCbEJQo,154.0,https://www.youtube.com/watch?v=IQFFsCbEJQo
Khosrau Anushirawan - Lies - Extra History,2018-02-03,244661,4627,566,U66AB7hsqt8,1278.0,https://www.youtube.com/watch?v=U66AB7hsqt8
The Martian Chronicles - A Dying Race - Extra Sci Fi - Part 1,2018-01-31,310665,9466,371,z3tnh0mOGJI,458.0,https://www.youtube.com/watch?v=z3tnh0mOGJI
Cheng I Sao - Pirate Queen - Extra History,2018-01-27,3744729,77801,3292,-p2lhxUqMMQ,650.0,https://www.youtube.com/watch?v=-p2lhxUqMMQ
The Canals of Mars - Eye of the Beholder - Extra Sci Fi,2018-01-24,271971,9157,434,ldFvoglm6C8,495.0,https://www.youtube.com/watch?v=ldFvoglm6C8
Khosrau Anushirawan - On Top of the World - Extra History - Part 5,2018-01-20,1613052,29409,1287,Epuxm-GtT1g,608.0,https://www.youtube.com/watch?v=Epuxm-GtT1g
William Gibson: The Belonging Kind - Extra Sci Fi,2018-01-17,231872,9408,386,oOFB_SJEa-Q,467.0,https://www.youtube.com/watch?v=oOFB_SJEa-Q
Khosrau Anushirawan - Trolling Justinian - Extra History - Part 4,2018-01-13,1734168,27703,1346,z08uc0PolYc,500.0,https://www.youtube.com/watch?v=z08uc0PolYc
William Gibson: The Gernsback Continuum - Semiotic Ghosts - Extra Sci Fi,2018-01-10,276826,8716,495,dWjhxhMI-Qo,509.0,https://www.youtube.com/watch?v=dWjhxhMI-Qo
WW1 Christmas Truce: Letters from the Trenches - Extra History - Part 2,2017-12-24,1651124,39717,1441,9Pey-HmXGfs,521.0,https://www.youtube.com/watch?v=9Pey-HmXGfs
Khosrau Anushirawan - The Immortal Soul - Extra History - Part 3,2017-12-23,1897432,28618,945,bmqLo75E86M,542.0,https://www.youtube.com/watch?v=bmqLo75E86M
William Gibson: The 80s Revolution - Extra Sci Fi,2017-12-20,314775,11595,639,VhoxtWLMqD4,502.0,https://www.youtube.com/watch?v=VhoxtWLMqD4
WW1 Christmas Truce: Silent Night - Extra History - Part 1,2017-12-17,6407608,152083,8292,WUlPNWDvk-c,673.0,https://www.youtube.com/watch?v=WUlPNWDvk-c
Khosrau Anushirawan - Prince of Persia - Extra History - Part 2,2017-12-16,2075221,30757,1351,GMVZSxkgcGk,612.0,https://www.youtube.com/watch?v=GMVZSxkgcGk
Announcement: Extra Credits Starts Twitch Streaming on December 12,2017-12-11,69062,3643,369,bU_8Ht2fFc4,100.0,https://www.youtube.com/watch?v=bU_8Ht2fFc4
"Khosrau Anushirawan - Like Father, Like Son - Extra History - Part 1",2017-12-09,2862590,39981,1521,bJL2Vnc5vLo,568.0,https://www.youtube.com/watch?v=bJL2Vnc5vLo
Berlin Airlift: The Cold War Begins - Extra History,2017-12-07,4723322,71448,4120,nwjFSQCrShM,685.0,https://www.youtube.com/watch?v=nwjFSQCrShM
Frankenstein: Radical Alienation - Extra Sci Fi - Part 6,2017-12-05,191528,8252,381,tIpxJ-SAdkA,469.0,https://www.youtube.com/watch?v=tIpxJ-SAdkA
"♫ ""Art of the Possible"" by Sean and Dean Kiner - Instrumental Music - Extra History",2017-12-02,378828,5644,300,UmJRokjQ0K0,84.0,https://www.youtube.com/watch?v=UmJRokjQ0K0
Otto von Bismarck - Lies - Extra History,2017-12-02,362851,7268,553,nkc87DmiDwI,965.0,https://www.youtube.com/watch?v=nkc87DmiDwI
Frankenstein: Paradise Lost - Extra Sci Fi - Part 5,2017-11-28,251990,9472,331,a6sLFt6Fro4,570.0,https://www.youtube.com/watch?v=a6sLFt6Fro4
Frankenstein: Plutarch's Lives - Extra Sci Fi - Part 4,2017-11-21,261916,8924,380,ePzdchSJI8I,575.0,https://www.youtube.com/watch?v=ePzdchSJI8I
Otto von Bismarck - Germany! - Extra History - Part 6,2017-11-18,2701554,49186,1920,G9bqCd7sRg0,410.0,https://www.youtube.com/watch?v=G9bqCd7sRg0
Frankenstein: The Sorrows of Young Werther - Extra Sci Fi - Part 3,2017-11-14,307297,11227,505,55QjR-9RVSE,467.0,https://www.youtube.com/watch?v=55QjR-9RVSE
Otto von Bismarck - Prussia Ascendant - Extra History - Part 5,2017-11-11,2847963,46395,2124,jCFt0CQ8aEk,639.0,https://www.youtube.com/watch?v=jCFt0CQ8aEk
Frankenstein: The New Romantics - Extra Sci Fi - Part 2,2017-11-07,381182,12627,599,jd9Baab9Xsc,487.0,https://www.youtube.com/watch?v=jd9Baab9Xsc
Otto von Bismarck - The Iron Chancellor - Extra History - Part 4,2017-11-04,2722945,43177,1673,bKnIfv7wKk0,552.0,https://www.youtube.com/watch?v=bKnIfv7wKk0
Frankenstein: The Modern Prometheus - Extra Sci Fi - Part 1,2017-10-31,697990,21906,1361,DnSmGFmP8qU,558.0,https://www.youtube.com/watch?v=DnSmGFmP8qU
ANNOUNCEMENT: Extra Sci Fi Launches on October 31,2017-10-30,78034,6735,693,GKo7YEKpgXU,62.0,https://www.youtube.com/watch?v=GKo7YEKpgXU
Otto von Bismarck - Iron and Blood - Extra History - Part 3,2017-10-28,2919242,44452,1246,KnJDZpi3EBI,540.0,https://www.youtube.com/watch?v=KnJDZpi3EBI
Otto von Bismarck - A Man of Great Ideas - Extra History - Part 2,2017-10-21,3197330,49333,1412,LsxmsHBRl1M,603.0,https://www.youtube.com/watch?v=LsxmsHBRl1M
Otto von Bismarck - The Wildman Bismarck - Extra History - Part 1,2017-10-14,4720569,73667,2636,zc3Y-dU_GjM,560.0,https://www.youtube.com/watch?v=zc3Y-dU_GjM
"♫ ""Song of Gunfire"" - Sean and Dean Kiner - Instrumental Music - Extra History",2017-10-07,548375,7269,585,jU5Y4vX9hBc,93.0,https://www.youtube.com/watch?v=jU5Y4vX9hBc
Great Northern War - Lies - Extra History,2017-10-07,448676,6594,672,1hGAdzbef4g,1588.0,https://www.youtube.com/watch?v=1hGAdzbef4g
The Collapse of the Carolingian Empire - Echoes of History - Extra History,2017-09-30,1771028,38113,1917,mZ1jkjfRKJM,412.0,https://www.youtube.com/watch?v=mZ1jkjfRKJM
Great Northern War - Rise and Fall - Extra History - Part 5,2017-09-23,1659274,36482,2233,0dPI1PzyWjg,534.0,https://www.youtube.com/watch?v=0dPI1PzyWjg
Special: PAX 2017 - The Beach Ball - by Scott,2017-09-20,166065,8857,627,NRtZaUPgULs,294.0,https://www.youtube.com/watch?v=NRtZaUPgULs
Great Northern War - Clash of Kings - Extra History - Part 4,2017-09-16,1987699,33073,1210,M6Oon1XGWRc,507.0,https://www.youtube.com/watch?v=M6Oon1XGWRc
Great Northern War - Young and Violent - Extra History - Part 3,2017-09-09,2288618,37426,1570,dovxeQEDils,515.0,https://www.youtube.com/watch?v=dovxeQEDils
Great Northern War - A Good Plan - Extra History - Part 2,2017-08-26,2836798,45989,2309,QCTohrWP-Lo,540.0,https://www.youtube.com/watch?v=QCTohrWP-Lo
Great Northern War - When Sweden Ruled the World - Extra History - Part 1,2017-08-19,4743438,69085,3501,VyBPAz1H-lU,515.0,https://www.youtube.com/watch?v=VyBPAz1H-lU
The Bronze Age Collapse - Lies - Extra History,2017-08-12,471551,6619,540,f_eTD0NxTvw,1080.0,https://www.youtube.com/watch?v=f_eTD0NxTvw
"♫ ""Collapse"" by Sean and Dean Kiner - Instrumental Music - Extra History",2017-08-12,318157,3320,183,nzK62clVNdc,67.0,https://www.youtube.com/watch?v=nzK62clVNdc
Saragarhi - The Last Stand - Extra History,2017-08-05,2973755,83009,7626,lFfHp83Xm04,521.0,https://www.youtube.com/watch?v=lFfHp83Xm04
D-Day - Lies - Extra History,2017-08-01,615310,6013,266,x-dHHyeOrAY,2143.0,https://www.youtube.com/watch?v=x-dHHyeOrAY
The Alphabet - Origins of Writing - Extra History,2017-07-29,1028926,22504,1180,yPrcfawo9UM,373.0,https://www.youtube.com/watch?v=yPrcfawo9UM
The Bronze Age Collapse - Systems Collapse - Extra History - Part 4,2017-07-15,1885283,46294,2663,3HaqpSPVhW8,618.0,https://www.youtube.com/watch?v=3HaqpSPVhW8
The Bronze Age Collapse - Fire and Sword - Extra History - Part 3,2017-07-08,2119666,39205,2195,y-8uv4D7cOE,490.0,https://www.youtube.com/watch?v=y-8uv4D7cOE
The Bronze Age Collapse - The Wheel and the Rod - Extra History - Part 2,2017-07-01,2475792,42897,1657,QMBM1qazAXE,517.0,https://www.youtube.com/watch?v=QMBM1qazAXE
D-Day 4: The Atlantic Wall | WW2 | Extra History,2017-06-29,3838230,52510,1662,KxFliX-w6kI,649.0,https://www.youtube.com/watch?v=KxFliX-w6kI
The Bronze Age Collapse - Before the Storm - Extra History - Part 1,2017-06-24,3697895,61873,2650,KkMP328eU5Q,466.0,https://www.youtube.com/watch?v=KkMP328eU5Q
D-Day 3: La Résistance | WW2 | Extra History,2017-06-20,3271687,47773,1947,EyPLDItxGgA,574.0,https://www.youtube.com/watch?v=EyPLDItxGgA
"♫ ""Article 11"" by Sean and Dean Kiner - Instrumental Music - Extra History",2017-06-17,183640,1835,127,RaBNaJAcyzE,86.0,https://www.youtube.com/watch?v=RaBNaJAcyzE
The Articles of Confederation - Lies - Extra History,2017-06-17,288866,3206,276,nr9NsS2FDIA,2468.0,https://www.youtube.com/watch?v=nr9NsS2FDIA
D-Day 2: The Secret War | WW2 | Extra History,2017-06-13,4287640,56054,2429,a3w9pmvpyDM,664.0,https://www.youtube.com/watch?v=a3w9pmvpyDM
Kamehameha the Great - Law of the Splintered Paddle - Extra History - Part 2,2017-06-10,1674303,30835,1199,lY8c8jDPSgE,635.0,https://www.youtube.com/watch?v=lY8c8jDPSgE
D-Day 1: The Great Crusade | WW2 | Extra History,2017-06-06,7926119,98975,4490,-KY1pDLulF4,626.0,https://www.youtube.com/watch?v=-KY1pDLulF4
Kamehameha the Great - The Lonely One - Extra History - Part 1,2017-06-03,2413799,42459,3261,yIfgic6W09Y,552.0,https://www.youtube.com/watch?v=yIfgic6W09Y
Hunting the Bismarck 4: Sink the Bismarck | WW2 | Extra History,2017-06-01,2753940,47183,3648,cV0NNZbj2QI,564.0,https://www.youtube.com/watch?v=cV0NNZbj2QI
The Articles of Confederation - Constitutional Convention - Extra History - Part 4,2017-05-27,1325837,24105,1029,wds6kpbpLlA,676.0,https://www.youtube.com/watch?v=wds6kpbpLlA
Hunting the Bismarck 3: A Chance to Strike | WW2 | Extra History,2017-05-25,2852185,40645,1650,OJeI5_9c29s,704.0,https://www.youtube.com/watch?v=OJeI5_9c29s
The Articles of Confederation - Finding Finances - Extra History - Part 3,2017-05-20,1337339,21237,1191,nLvRJpDjxVk,605.0,https://www.youtube.com/watch?v=nLvRJpDjxVk
Hunting the Bismarck 2: The Mighty HMS Hood | WW2 | Extra History,2017-05-18,3279970,46468,2542,Kz8pmbytxoQ,665.0,https://www.youtube.com/watch?v=Kz8pmbytxoQ
The Articles of Confederation - Ratification - Extra History - Part 2,2017-05-13,1571495,20636,858,lPLA_VPMsUg,469.0,https://www.youtube.com/watch?v=lPLA_VPMsUg
Hunting the Bismarck 1: The Pride of Germany | WW2 | Extra History,2017-05-11,4911259,63916,4447,2CV1tvMYFRs,632.0,https://www.youtube.com/watch?v=2CV1tvMYFRs
The Articles of Confederation - Becoming the United States - Extra History - Part 1,2017-05-06,2824850,34493,1657,C6rHSiN0vKk,570.0,https://www.youtube.com/watch?v=C6rHSiN0vKk
"♫ ""Farewell to Greta"" by Sean and Dean Kiner - Instrumental Music - Extra History",2017-04-29,865092,10725,688,LPgSId5P6zE,151.0,https://www.youtube.com/watch?v=LPgSId5P6zE
Ned Kelly - Lies - Extra History,2017-04-29,341348,5335,561,arON4ofhKd8,2530.0,https://www.youtube.com/watch?v=arON4ofhKd8
Mary Anning - Princess of Paleontology - Extra History,2017-04-22,1129473,30791,1609,a-CW0B4YeBQ,575.0,https://www.youtube.com/watch?v=a-CW0B4YeBQ
Ned Kelly - The Iron Outlaw - Extra History - Part 5,2017-04-15,1477064,30432,2108,fBc0BnIHFbE,514.0,https://www.youtube.com/watch?v=fBc0BnIHFbE
Ned Kelly - Kelly Country - Extra History - Part 4,2017-04-08,1561585,26505,1145,S1qffXgDqNM,583.0,https://www.youtube.com/watch?v=S1qffXgDqNM
Ned Kelly - Shoot Out at Stringybark Creek - Extra History - Part 3,2017-04-01,1523434,24925,848,sZ2b9ys7ALI,569.0,https://www.youtube.com/watch?v=sZ2b9ys7ALI
Ned Kelly - Under Suspicion - Extra History - Part 2,2017-03-25,1768514,28334,1010,jry47Hf1y80,623.0,https://www.youtube.com/watch?v=jry47Hf1y80
Ned Kelly - Becoming a Bushranger - Extra History - Part 1,2017-03-18,2425236,37036,1547,a1WmidFwFzY,519.0,https://www.youtube.com/watch?v=a1WmidFwFzY
"♫ ""Ascension in C"" - Sean and Dean Kiner - Instrumental Music - Extra History",2017-03-11,543350,8581,347,sCv_hs8Yh1c,168.0,https://www.youtube.com/watch?v=sCv_hs8Yh1c
Catherine the Great - Lies - Extra History,2017-03-11,433244,8444,516,zmjLWS-JsWA,1359.0,https://www.youtube.com/watch?v=zmjLWS-JsWA
Catherine the Great - Succession - Extra History - Part 6,2017-03-04,2724633,54748,2341,zUBPhrnfoBo,511.0,https://www.youtube.com/watch?v=zUBPhrnfoBo
"Catherine the Great - Potemkin, Catherine's General, Advisor, and Lover - Extra History - Part 5",2017-02-25,3013602,57835,1687,6Gzss-iVd1g,604.0,https://www.youtube.com/watch?v=6Gzss-iVd1g
"Catherine the Great - Reforms, Rebellion, and Greatness - Extra History - Part 4",2017-02-18,3396790,55234,1571,yjk6nmntdDI,520.0,https://www.youtube.com/watch?v=yjk6nmntdDI
Catherine the Great - Empress Catherine at Last - Extra History - Part 3,2017-02-11,4243187,65909,2036,Gtlxbyzd7Vg,635.0,https://www.youtube.com/watch?v=Gtlxbyzd7Vg
Catherine the Great - Not Quite Empress Yet - Extra History - Part 2,2017-02-04,4456568,70082,1752,ObmkeDWQaus,535.0,https://www.youtube.com/watch?v=ObmkeDWQaus
Catherine the Great - Not Quite Catherine Yet - Extra History - Part 1,2017-01-28,7196840,106142,3021,r1-OC_4cx_o,498.0,https://www.youtube.com/watch?v=r1-OC_4cx_o
"♫ ""El Libertador"" - Sean and Dean Kiner - Instrumental Music - Extra History",2017-01-21,398077,4678,209,VS9tppSH_Ys,76.0,https://www.youtube.com/watch?v=VS9tppSH_Ys
Simón Bolívar - Lies - Extra History,2017-01-21,240735,4770,489,wl9GKgwoyxw,1138.0,https://www.youtube.com/watch?v=wl9GKgwoyxw
Simón Bolívar - All Good Things - Extra History - Part 6,2016-12-24,929139,20678,1329,x_M2LX980Aw,586.0,https://www.youtube.com/watch?v=x_M2LX980Aw
Dan Recommends - Find New Creators: Brain Food Edition,2016-12-23,120952,4797,456,lnVXMoCNPMg,570.0,https://www.youtube.com/watch?v=lnVXMoCNPMg
Dan Recommends - Find New Creators: Film and Movies Edition,2016-12-22,119720,4676,386,uJRk8F7VM-4,564.0,https://www.youtube.com/watch?v=uJRk8F7VM-4
Dan Recommends - Find New Creators: Video Games Edition,2016-12-21,235450,9591,786,HjGTQrsUOKM,478.0,https://www.youtube.com/watch?v=HjGTQrsUOKM
Simón Bolívar - Heavy is the Head - Extra History - Part 5,2016-12-17,959251,17466,611,90Chn1wgm_M,485.0,https://www.youtube.com/watch?v=90Chn1wgm_M
Simón Bolívar - Defeat is Not Surrender - Extra History - Part 4,2016-12-10,1146601,20088,810,Ie0IoiQQFKA,647.0,https://www.youtube.com/watch?v=Ie0IoiQQFKA
Suda51 Interview with James Portnow - Dreaming Big and Making It Happen,2016-12-09,41326,1472,156,wfXnyn1D1Uk,2246.0,https://www.youtube.com/watch?v=wfXnyn1D1Uk
Simón Bolívar - Leavings and Returns - Extra History - Part 3,2016-12-03,1187609,19650,856,WGW-kg0b9D0,523.0,https://www.youtube.com/watch?v=WGW-kg0b9D0
Simón Bolívar - Francisco de Miranda - Extra History - Part 2,2016-11-26,1479748,23910,872,N3vu2JYwxSY,648.0,https://www.youtube.com/watch?v=N3vu2JYwxSY
Simón Bolívar - Reverberations - Extra History - Part 1,2016-11-19,2184327,34092,2007,80b4ROFoaFY,485.0,https://www.youtube.com/watch?v=80b4ROFoaFY
"♫ ""Simple Gifts"" - Sean and Dean Kiner - Instrumental Music - Extra History",2016-11-12,267238,4367,226,jnBuj6madds,108.0,https://www.youtube.com/watch?v=jnBuj6madds
The History of Paper Money - Lies - Extra History,2016-11-12,390904,6595,965,s31ESRvR1p4,1823.0,https://www.youtube.com/watch?v=s31ESRvR1p4
Veterans Day - A Call to Armistice: Fundraising for War Child Charity - Extra History,2016-11-11,155145,5527,370,zbVXLgReUn8,398.0,https://www.youtube.com/watch?v=zbVXLgReUn8
The History of Paper Money - The Gold Standard - Extra History - Part 6,2016-11-05,1432458,30858,2005,GNo7MDN5-0g,600.0,https://www.youtube.com/watch?v=GNo7MDN5-0g
The History of Paper Money - Working out the Kinks - Extra History - Part 5,2016-10-29,1409667,23060,988,LrB9bS2VOLE,560.0,https://www.youtube.com/watch?v=LrB9bS2VOLE
The History of Paper Money - Lay Down the Law - Extra History - Part 4,2016-10-22,1564520,24700,990,lzH1p3t2oRE,516.0,https://www.youtube.com/watch?v=lzH1p3t2oRE
The History of Paper Money - Barebones Economy - Extra History - Part 3,2016-10-15,1725606,28143,1013,GKtNuzakzMA,452.0,https://www.youtube.com/watch?v=GKtNuzakzMA
The History of Paper Money - Not Just Noodles - Extra History - Part 2,2016-10-08,2058460,31490,1041,rPHTmGjoe2k,466.0,https://www.youtube.com/watch?v=rPHTmGjoe2k
The History of Paper Money - Origins of Exchange - Extra History - Part 1,2016-10-01,3243492,47135,2072,-nZkP2b-4vo,494.0,https://www.youtube.com/watch?v=-nZkP2b-4vo
"♫ ""Air and Light"" - Sean and Dean Kiner - Instrumental Music - Extra History",2016-09-24,242628,3208,230,e-k1PKbt5fI,108.0,https://www.youtube.com/watch?v=e-k1PKbt5fI
The Brothers Gracchi - Lies - Extra History,2016-09-24,276139,4539,422,UZhcMftzjMU,1050.0,https://www.youtube.com/watch?v=UZhcMftzjMU
Special: Extra Krudits - PAX 2016 (by Scott),2016-09-14,170734,8263,528,Vv1nUmED4As,232.0,https://www.youtube.com/watch?v=Vv1nUmED4As
The Brothers Gracchi - Gracchus the Elder - Prequel: In His Footsteps - Extra History - Part 6,2016-09-10,1090713,19444,708,cXRzijwTcGQ,694.0,https://www.youtube.com/watch?v=cXRzijwTcGQ
Baldur's Gate: Durlag's Tower - Part 5: Dungeon Master's Guide - Design Club,2016-09-09,205871,9111,579,1eRDvs72vjg,516.0,https://www.youtube.com/watch?v=1eRDvs72vjg
Baldur's Gate: Durlag's Tower - Part 4: Dungeon Master's Guide - Design Club,2016-09-08,210415,6418,227,KBLuhfTLp5Q,425.0,https://www.youtube.com/watch?v=KBLuhfTLp5Q
Baldur's Gate: Durlag's Tower - Part 3: Dungeon Master's Guide - Design Club,2016-09-07,234534,6571,239,wu3-BgmiID0,455.0,https://www.youtube.com/watch?v=wu3-BgmiID0
Baldur's Gate: Durlag's Tower - Part 2: Dungeon Master's Guide - Design Club,2016-09-06,262100,7968,336,2M3WgBaFm4E,433.0,https://www.youtube.com/watch?v=2M3WgBaFm4E
Baldur's Gate: Durlag's Tower - Part 1: Dungeon Master's Guide - Design Club,2016-09-05,383010,11725,748,XWgc20zbRXk,430.0,https://www.youtube.com/watch?v=XWgc20zbRXk
The Brothers Gracchi - The Final Fall - Extra History - Part 5,2016-09-03,1149422,20457,967,nfZWu6PsUHI,433.0,https://www.youtube.com/watch?v=nfZWu6PsUHI
Hiawatha - Government for the People - Extra History - Part 2,2016-09-01,1201959,29943,1476,RPtUSKKzBcM,614.0,https://www.youtube.com/watch?v=RPtUSKKzBcM
The Brothers Gracchi - Enter Gaius - Extra History - Part 4,2016-08-27,1294269,21325,542,WpL7xwCBM34,442.0,https://www.youtube.com/watch?v=WpL7xwCBM34
Hiawatha - The Great Law of Peace - Extra History - Part 1,2016-08-25,1847747,33717,1562,79RApCgwZFw,600.0,https://www.youtube.com/watch?v=79RApCgwZFw
The Brothers Gracchi - Ochlocracy - Extra History - Part 3,2016-08-20,1329767,20400,682,kpFmzkxd-HI,365.0,https://www.youtube.com/watch?v=kpFmzkxd-HI
The Brothers Gracchi - Populares - Extra History - Part 2,2016-08-13,1541721,22804,1128,FC2Hvg7RdSY,442.0,https://www.youtube.com/watch?v=FC2Hvg7RdSY
The Brothers Gracchi - How Republics Fall - Extra History - Part 1,2016-08-06,2249414,31470,1922,ODI1VOOoey0,508.0,https://www.youtube.com/watch?v=ODI1VOOoey0
Lindisfarne  - An Age Borne in Fire - Extra History,2016-07-30,1516297,28330,1838,qc_wCJd9DKw,377.0,https://www.youtube.com/watch?v=qc_wCJd9DKw
"♫ ""Waning Moon"" by Sean and Dean Kiner - Instrumental Music - Extra History",2016-07-23,391122,4655,224,BeBeJnqk6V0,80.0,https://www.youtube.com/watch?v=BeBeJnqk6V0
First Opium War - Lies - Extra History,2016-07-23,544318,7688,732,v9beMOxGOrk,1540.0,https://www.youtube.com/watch?v=v9beMOxGOrk
Urbino - The Light of Italy: Federico da Montefeltro - Extra History,2016-07-16,1677787,36378,1593,kAfNQ_XiPjQ,445.0,https://www.youtube.com/watch?v=kAfNQ_XiPjQ
First Opium War - Conflagration and Surrender - Extra History - Part 4,2016-07-09,3040126,46161,2913,s9WRmsHFUg0,514.0,https://www.youtube.com/watch?v=s9WRmsHFUg0
First Opium War - Gunboat Diplomacy - Extra History - Part 3,2016-07-02,3018275,41818,1834,jAjUqwauf-A,489.0,https://www.youtube.com/watch?v=jAjUqwauf-A
First Opium War - The Righteous Minister - Extra History - Part 2,2016-06-25,3785843,47012,2093,qHmuuc7m1AA,413.0,https://www.youtube.com/watch?v=qHmuuc7m1AA
First Opium War - Trade Deficits and the Macartney Embassy - Extra History - Part 1,2016-06-18,5312906,64421,3529,fgQahGsYokU,465.0,https://www.youtube.com/watch?v=fgQahGsYokU
Samuel HaNagid - A Prince of Jews - Extra History,2016-06-11,1067380,20589,1104,h5oBgayr9S0,557.0,https://www.youtube.com/watch?v=h5oBgayr9S0
The History of Writing - Where the Story Begins - Extra History,2016-06-04,2043848,49846,3339,HyjLt_RGEww,429.0,https://www.youtube.com/watch?v=HyjLt_RGEww
"♫ ""Oxyrhynchus Hymn"" by  Sean and Dean Kiner - Instrumental Music - Extra History",2016-05-28,288204,3256,175,SeZ6VJ-bQ80,73.0,https://www.youtube.com/watch?v=SeZ6VJ-bQ80
Early Christian Schisms - Lies - Extra History,2016-05-28,451942,7622,934,6dnECIPXIRY,1165.0,https://www.youtube.com/watch?v=6dnECIPXIRY
"Early Christian Schisms - Ephesus, the Robber Council, and Chalcedon - Extra History - Part 4",2016-05-21,1343481,22811,1846,f9lEcwLnwfg,495.0,https://www.youtube.com/watch?v=f9lEcwLnwfg
Early Christian Schisms - The Council of Nicaea - Extra History - Part 3,2016-05-14,1536375,23133,1255,6d2lOQpuqd4,486.0,https://www.youtube.com/watch?v=6d2lOQpuqd4
New on Extra Play: Dark Souls II - Side Quest Returns!,2016-05-13,56570,1177,168,ed0qi3qH5iQ,51.0,https://www.youtube.com/watch?v=ed0qi3qH5iQ
Early Christian Schisms - The Woes of Constantine - Extra History - Part 2,2016-05-07,1652356,25439,1650,hZsZXHPDwsw,535.0,https://www.youtube.com/watch?v=hZsZXHPDwsw
Early Christian Schisms - Before Imperium - Extra History - Part 1,2016-04-30,2377076,39175,2631,E1ZZeCDGHJE,496.0,https://www.youtube.com/watch?v=E1ZZeCDGHJE
WW2 | The Resource War 4: Strategic Bombing | Extra History,2016-04-26,1978831,34135,2459,zOXbYAd6TLo,461.0,https://www.youtube.com/watch?v=zOXbYAd6TLo
New on Extra Play: Tea & Hearthstone - Old Gods Expansion Analysis with James!,2016-04-25,61152,594,50,Cz2x-9b7yYo,36.0,https://www.youtube.com/watch?v=Cz2x-9b7yYo
"♫ ""The Lawgiver"" by Sean and Dean Kiner -  Instrumental Music - Extra History",2016-04-23,365678,5119,317,38pQQZj1HWM,70.0,https://www.youtube.com/watch?v=38pQQZj1HWM
Suleiman the Magnificent - Lies - Extra History,2016-04-23,451835,8244,888,ltT_CvI5wv0,1456.0,https://www.youtube.com/watch?v=ltT_CvI5wv0
WW2 | The Resource War 3: The Engines of War | Extra History,2016-04-19,2209129,35219,1588,OvDsvHNvVZw,458.0,https://www.youtube.com/watch?v=OvDsvHNvVZw
Suleiman the Magnificent - Custodian of the Two Holy Mosques - Extra History - Part 6,2016-04-16,1484032,30436,2758,5gTjfYqiBqg,499.0,https://www.youtube.com/watch?v=5gTjfYqiBqg
WW2 | The Resource War 2: Lend-Lease | Extra History,2016-04-12,2316537,34876,2173,N5PTeDe4jTQ,434.0,https://www.youtube.com/watch?v=N5PTeDe4jTQ
Suleiman the Magnificent - Slave of God - Extra History - Part 5,2016-04-09,1622409,26030,2216,S7p4AcTBG7o,565.0,https://www.youtube.com/watch?v=S7p4AcTBG7o
WW2 | The Resource War 1: Arsenal of Democracy | Extra History,2016-04-05,3615706,53130,2677,NYv-GC8DgMk,524.0,https://www.youtube.com/watch?v=NYv-GC8DgMk
Suleiman the Magnificent - The Shadow of God - Extra History - Part 4,2016-04-02,1737582,28328,1305,JH4jcSFOx70,473.0,https://www.youtube.com/watch?v=JH4jcSFOx70
The Battle of Kursk 4: Control of the Eastern Front | WW2 | Extra History,2016-03-28,1990388,29930,1715,rQlFi9s_e2s,462.0,https://www.youtube.com/watch?v=rQlFi9s_e2s
Suleiman the Magnificent - Sultan of Sultans - Extra History - #3,2016-03-26,1913605,29992,1751,DqN0EFFUA6w,502.0,https://www.youtube.com/watch?v=DqN0EFFUA6w
The Battle of Kursk 3: Operation Citadel | WW2 | Extra History,2016-03-21,2196100,29546,1155,6udnj7PvZZ8,468.0,https://www.youtube.com/watch?v=6udnj7PvZZ8
Suleiman the Magnificent - Master of the World - Extra History - Part 2,2016-03-19,2115713,31516,1684,pNYIZJew4oE,487.0,https://www.youtube.com/watch?v=pNYIZJew4oE
Suleiman the Magnificent - Hero of All That Is - Extra History - Part 1,2016-03-12,3124140,47830,2509,JGZSkLq3Eng,470.0,https://www.youtube.com/watch?v=JGZSkLq3Eng
"♫ Justinian & Theodora: ""Monogenes Pais"" - Instrumental Music - Extra History",2016-03-05,412449,6394,413,kSWO0JOKmWA,90.0,https://www.youtube.com/watch?v=kSWO0JOKmWA
Justinian & Theodora - Lies 2 - Extra History,2016-03-05,302432,5505,433,wNs4Lklnky4,980.0,https://www.youtube.com/watch?v=wNs4Lklnky4
The Battle of Kursk 2: Preparations | WW2 | Extra History,2016-02-29,2504465,38460,1343,QdK2Sim_ZRU,464.0,https://www.youtube.com/watch?v=QdK2Sim_ZRU
"Justinian - Caesar I was, and am Justinian - Extra History - Part 12",2016-02-27,1142350,30298,1697,6oHr-zd6Bew,448.0,https://www.youtube.com/watch?v=6oHr-zd6Bew
Justinian & Theodora - The Emperor Who Never Sleeps - Extra History - Part 11,2016-02-20,1233537,21907,981,I6vn6uRlPL8,538.0,https://www.youtube.com/watch?v=I6vn6uRlPL8
On World War II and Nazi Symbolism: A Note from Extra History,2016-02-15,739028,10896,1205,LSjFUOA2oZM,130.0,https://www.youtube.com/watch?v=LSjFUOA2oZM
The Battle of Kursk 1: Operation Barbarossa | WW2 | Extra History,2016-02-15,3827918,49141,3136,C-UvLZSK3CI,504.0,https://www.youtube.com/watch?v=C-UvLZSK3CI
Theodora - This is My Empire - Extra History - Part 10,2016-02-13,1300218,22478,1105,RwXAGiIVsgQ,469.0,https://www.youtube.com/watch?v=RwXAGiIVsgQ
Justinian & Theodora - Justinian's Rival - Extra History - Part 9,2016-02-06,1301817,21321,1004,aN1imOXR4b4,515.0,https://www.youtube.com/watch?v=aN1imOXR4b4
Justinian & Theodora - Bad Faith - Extra History - Part 8,2016-01-30,1273768,21661,550,EO9DuuhNEoE,480.0,https://www.youtube.com/watch?v=EO9DuuhNEoE
Justinian & Theodora - The Cracks Begin to Spread - Extra History - Part 7,2016-01-23,1442428,23254,1037,oUtEJtBeCaQ,546.0,https://www.youtube.com/watch?v=oUtEJtBeCaQ
Mary Seacole - Mother Seacole in the Crimea - Extra History - Part 2,2016-01-16,1385358,37242,1607,eADLWvWqK5Q,608.0,https://www.youtube.com/watch?v=eADLWvWqK5Q
Mary Seacole - A Bold Front to Fortune - Extra History - Part 1,2016-01-09,1844004,30603,1335,xT9BTuBtCJs,558.0,https://www.youtube.com/watch?v=xT9BTuBtCJs
Introducing: Sons of the Forgotten on Patreon!,2015-12-15,67352,1860,111,Gwq-j2RQdDg,67.0,https://www.youtube.com/watch?v=Gwq-j2RQdDg
"♫ ""The Broad Street Pump"" by Sean and Dean Kiner - Instrumental Music - Extra History",2015-12-12,325685,4778,219,doteMFHPv18,92.0,https://www.youtube.com/watch?v=doteMFHPv18
England: The Broad Street Pump - Lies - Extra History,2015-12-12,356983,6363,603,rg_7q_FPjxQ,906.0,https://www.youtube.com/watch?v=rg_7q_FPjxQ
Don't miss out on Extra Play!,2015-12-07,56491,1474,165,wVMPXfKu2MA,118.0,https://www.youtube.com/watch?v=wVMPXfKu2MA
England: The Broad Street Pump - The Sanitary Movement - Extra History - Part 4,2015-12-05,1201294,26178,1216,cba7di0eL8I,394.0,https://www.youtube.com/watch?v=cba7di0eL8I
England: The Broad Street Pump - Map of the Blue Death - Extra History - Part 3,2015-11-28,1910941,36449,1507,9NVT6iZP2qg,540.0,https://www.youtube.com/watch?v=9NVT6iZP2qg
England: The Broad Street Pump - Epidemiology Begins! - Extra History - Part 2,2015-11-21,1992082,27126,864,1jlsyucUwpo,365.0,https://www.youtube.com/watch?v=1jlsyucUwpo
Announcing the Extra Credits Store! Bring Home a GAME Plushie!,2015-11-20,75541,2444,437,i4kp1aR2j8c,48.0,https://www.youtube.com/watch?v=i4kp1aR2j8c
"England: The Broad Street Pump - You Know Nothing, John Snow - Extra History - Part 1",2015-11-14,2815296,39962,1497,TLpzHHbFrHY,454.0,https://www.youtube.com/watch?v=TLpzHHbFrHY
"♫ ""Drums of War"" by Sean and Dean Kiner - Instrumental Music - Extra History",2015-11-07,835945,14536,785,OYz0y5xUqmk,61.0,https://www.youtube.com/watch?v=OYz0y5xUqmk
Korea: Admiral Yi - Lies - Extra History,2015-11-07,715252,12763,1137,C3yCzHIbkgA,1240.0,https://www.youtube.com/watch?v=C3yCzHIbkgA
Middle East: Palmyra Today - Afterword - Extra History,2015-10-31,455160,13585,1322,v-GgknZYu3s,203.0,https://www.youtube.com/watch?v=v-GgknZYu3s
Middle East: Odenathus - Ghosts of the Desert - Extra History,2015-10-31,1474204,26269,1030,0Pf6PMSB8uo,501.0,https://www.youtube.com/watch?v=0Pf6PMSB8uo
Korea: Admiral Yi - Martial Lord of Loyalty - Extra History - Part 5,2015-10-24,2679145,61843,5666,39Gsx6PaxiY,445.0,https://www.youtube.com/watch?v=39Gsx6PaxiY
Announcement: Extra Play and the Return of Side Quest!,2015-10-19,85552,2613,222,V_6XWl7hHEc,100.0,https://www.youtube.com/watch?v=V_6XWl7hHEc
Korea: Admiral Yi - Those Who Seek Death Shall Live - Extra History - Part 4,2015-10-17,2778106,42737,3244,QTan6eDphCk,619.0,https://www.youtube.com/watch?v=QTan6eDphCk
The Black Watchmen - Is This Real Life or Fantasy? - James Recommends,2015-10-16,88433,2179,255,TYW7H8PWvpA,370.0,https://www.youtube.com/watch?v=TYW7H8PWvpA
Korea: Admiral Yi - The Bright Moonlight of Hansando - Extra History - Part 3,2015-10-10,2847097,41047,2091,p97Xa6aB2jA,533.0,https://www.youtube.com/watch?v=p97Xa6aB2jA
Stray Cat Crossing - Adventure in Surreal Horror - James Recommends,2015-10-09,49367,1258,91,IVFpWwBqtWo,350.0,https://www.youtube.com/watch?v=IVFpWwBqtWo
Korea: Admiral Yi - Be Like a Mountain - Extra History - Part 2,2015-10-03,3106976,42786,1737,hKBOoPfMvLc,499.0,https://www.youtube.com/watch?v=hKBOoPfMvLc
In Between - A Game About Grief - James Recommends,2015-10-02,53009,1240,106,FWiQULVR8oU,387.0,https://www.youtube.com/watch?v=FWiQULVR8oU
Korea: Admiral Yi - Keep Beating the Drum - Extra History - Part 1,2015-09-26,4466958,63626,3429,3ieaDfD_h6s,472.0,https://www.youtube.com/watch?v=3ieaDfD_h6s
RymdResa - The Haunting Eternity of Space - James Recommends,2015-09-25,52709,1295,132,BuhLGGHeeXs,237.0,https://www.youtube.com/watch?v=BuhLGGHeeXs
Europe: The First Crusade - Lies - Extra History,2015-09-19,686516,10451,1057,15KhdeIc0EI,1539.0,https://www.youtube.com/watch?v=15KhdeIc0EI
Armello - Making a Digital Board Game Stand Out - James Recommends,2015-09-18,70275,1963,202,L7tsQ5O6J9c,386.0,https://www.youtube.com/watch?v=L7tsQ5O6J9c
Europe: The First Crusade - On to Jerusalem - Extra History - Part 6,2015-09-12,2094031,31993,2208,oyYGLoo3bj0,542.0,https://www.youtube.com/watch?v=oyYGLoo3bj0
Europe: The First Crusade - Siege of Antioch - Extra History - Part 5,2015-09-05,2165897,29904,1011,ZvUibFUJFKM,537.0,https://www.youtube.com/watch?v=ZvUibFUJFKM
Special: PAX 2015 - Designers Talk: Minecraft,2015-09-04,69997,1808,209,BQDvWqPxRNI,702.0,https://www.youtube.com/watch?v=BQDvWqPxRNI
Europe: The First Crusade - Men of Iron - Extra History - Part 4,2015-08-29,2355016,33511,1207,UdzsMEHUBrQ,616.0,https://www.youtube.com/watch?v=UdzsMEHUBrQ
"Luckslinger - Do You Feel Lucky, Punk? - James Recommends",2015-08-28,51039,1292,62,dyef4SLZvho,260.0,https://www.youtube.com/watch?v=dyef4SLZvho
Europe: The First Crusade - A Good Crusade? - Extra History - Part 3,2015-08-22,2544468,36141,1613,pI5_idvxm18,572.0,https://www.youtube.com/watch?v=pI5_idvxm18
Card King: Dragon Wars - Exploring a Bad Patch - James Recommends,2015-08-21,45871,1038,119,8ohGzxKDzNk,427.0,https://www.youtube.com/watch?v=8ohGzxKDzNk
Europe: The First Crusade - Peter the Hermit - Extra History - Part 2,2015-08-15,2734643,36380,2565,aAodRUPN7lE,531.0,https://www.youtube.com/watch?v=aAodRUPN7lE
Europe: The First Crusade - The People's Crusade - Extra History - Part 1,2015-08-08,4254124,54609,3849,HIs5B2U7US0,493.0,https://www.youtube.com/watch?v=HIs5B2U7US0
"The Viceroy - Solve the Galaxy's Problems, 4X Style - James Recommends",2015-08-07,54331,1177,115,nEFqPTkmBXY,347.0,https://www.youtube.com/watch?v=nEFqPTkmBXY
Extra Remix - SGX - Electronic Dance Music and Video Games,2015-08-04,62475,1528,177,yW5ZKOyQ5G0,749.0,https://www.youtube.com/watch?v=yW5ZKOyQ5G0
Byzantine Empire: Justinian and Theodora - Lies - Extra History,2015-08-01,510036,8088,573,FZwsRVgEu3A,1095.0,https://www.youtube.com/watch?v=FZwsRVgEu3A
Byzantine Empire: Justinian and Theodora - Fighting for Rome - Extra History - Part 6,2015-07-25,1648591,28225,868,0W8wIAV1Pu4,647.0,https://www.youtube.com/watch?v=0W8wIAV1Pu4
Selfie: Sisters of the Amniotic Lens - Can You Ruin a Game with Gameplay? - James Recommends,2015-07-24,50348,1062,180,EjE7QomP1GI,516.0,https://www.youtube.com/watch?v=EjE7QomP1GI
Byzantine Empire: Justinian and Theodora - Impossible Burden of Fate - Extra History - Part 5,2015-07-18,1723273,24042,709,oakBpmsJJ9Q,493.0,https://www.youtube.com/watch?v=oakBpmsJJ9Q
Her Story - Uncover a Mystery Told in Video Clips - James Recommends,2015-07-17,52226,1278,124,nYx5IiSeN5E,441.0,https://www.youtube.com/watch?v=nYx5IiSeN5E
Byzantine Empire: Justinian and Theodora - Vanquishing the Vandals - Extra History - Part 4,2015-07-11,1867479,25351,833,_NpDvBX2XEI,522.0,https://www.youtube.com/watch?v=_NpDvBX2XEI
Freedom Planet - Sonic with a Twist (Kick) - James Recommends,2015-07-10,89559,2468,625,ZN8OZJFKJrs,440.0,https://www.youtube.com/watch?v=ZN8OZJFKJrs
Byzantine Empire: Justinian and Theodora - Purple is the Noblest Shroud - Extra History - Part 3,2015-07-04,2054082,27995,1222,eGL_M1SQV5E,543.0,https://www.youtube.com/watch?v=eGL_M1SQV5E
Qvadriga - Tactical Chariot Racing - James Recommends,2015-07-03,35813,631,79,x_C1X1kJMWM,84.0,https://www.youtube.com/watch?v=x_C1X1kJMWM
Byzantine Empire: Justinian and Theodora - The Reforms of Justinian - Extra History - Part 2,2015-06-27,2306470,31035,1004,klq84Z9O4GU,581.0,https://www.youtube.com/watch?v=klq84Z9O4GU
Total War: Attila - Looking at Features and Failures - James Recommends,2015-06-26,117330,2118,248,vDcJX5bKUK8,653.0,https://www.youtube.com/watch?v=vDcJX5bKUK8
Byzantine Empire: Justinian and Theodora - From Swineherd to Emperor - Extra History - Part 1,2015-06-20,3212535,41532,1739,H_2E0RxVHH4,489.0,https://www.youtube.com/watch?v=H_2E0RxVHH4
Pillars of Eternity - Get Drawn into a Fantasy World - James Recommends,2015-06-19,52062,1358,119,pLJA-8upXOI,239.0,https://www.youtube.com/watch?v=pLJA-8upXOI
Zulu Empire - Lies - Extra History,2015-06-13,480241,7212,398,0C6pjINyK5Y,723.0,https://www.youtube.com/watch?v=0C6pjINyK5Y
Africa: Zulu Empire - Last Stands and Changing Fortunes - Extra History - Part 4,2015-06-06,1655765,27725,2314,KG_mbCgp_zU,558.0,https://www.youtube.com/watch?v=KG_mbCgp_zU
Order of Battle: Pacific - Can a Game Recreate Pearl Harbor? - James Recommends,2015-06-05,41775,902,119,n4_eoQeLYlI,503.0,https://www.youtube.com/watch?v=n4_eoQeLYlI
Africa: Zulu Empire - Diamonds in South Africa - Extra History - Part 3,2015-05-30,1753374,25119,1169,-JG-5otw0O8,544.0,https://www.youtube.com/watch?v=-JG-5otw0O8
Tower of Guns - First Person Bullet Hell Playground - James Recommends,2015-05-29,55915,1403,148,TNt-RaWSQAw,268.0,https://www.youtube.com/watch?v=TNt-RaWSQAw
Africa: Zulu Empire - The Wrath of Shaka Zulu - Extra History - Part 2,2015-05-23,2167926,29993,1775,GUpaZ0hMso4,517.0,https://www.youtube.com/watch?v=GUpaZ0hMso4
Distant Star: Revenant Fleet - Promising yet Unpolished - James Recommends,2015-05-22,40256,855,79,mPokovkI73M,311.0,https://www.youtube.com/watch?v=mPokovkI73M
Africa: Zulu Empire - Shaka Zulu Becomes King - Extra History - Part 1,2015-05-16,3192439,49285,3145,BZLGKFWlRzY,452.0,https://www.youtube.com/watch?v=BZLGKFWlRzY
James Recommends - Rusty's Real Deal Baseball - Mini Games that Make F2P Fun,2015-05-15,47270,1089,240,YHauJJRMl74,177.0,https://www.youtube.com/watch?v=YHauJJRMl74
England: South Sea Bubble - Lies - Extra History,2015-05-09,588143,8891,726,NqeXXzKTzRU,1263.0,https://www.youtube.com/watch?v=NqeXXzKTzRU
James Recommends - Ironcast - Puzzle Quest Meets Steampunk Mechs,2015-05-08,37530,835,53,hvfq89_j7iM,336.0,https://www.youtube.com/watch?v=hvfq89_j7iM
"James Recommends - Warhammer 40,000: Armageddon - A License for Wargaming",2015-05-01,72031,1375,150,RwGurR5TGPs,317.0,https://www.youtube.com/watch?v=RwGurR5TGPs
England: South Sea Bubble - It Was Walpole - Extra History - Part 5,2015-04-25,1849685,31318,1779,a_1IpUCUuVc,530.0,https://www.youtube.com/watch?v=a_1IpUCUuVc
James Recommends - Hohokum - Relax and Flow Downstream,2015-04-24,42138,1191,105,NJ5syrwhU90,246.0,https://www.youtube.com/watch?v=NJ5syrwhU90
James Recommends - Deck Heroes - Run Cards through the Gauntlet,2015-04-17,46164,1018,91,xGv1wjt-NQQ,330.0,https://www.youtube.com/watch?v=xGv1wjt-NQQ
England: South Sea Bubble - The Bubble Pops - Extra History - Part 4,2015-04-11,1839376,24695,612,SIlnsP6AjP8,416.0,https://www.youtube.com/watch?v=SIlnsP6AjP8
James Recommends - Decromancer - Turn-Based Strategy Meets CCG,2015-04-10,59375,1096,102,rN9fkvZPxKk,412.0,https://www.youtube.com/watch?v=rN9fkvZPxKk
James Recommends - Rocksmith 2014 - Learn Guitar from a Game,2015-04-03,48234,1239,221,l0ysYT-YRkg,335.0,https://www.youtube.com/watch?v=l0ysYT-YRkg
England: South Sea Bubble - Buying Out Britain - Extra History - Part 3,2015-03-28,2077179,26599,1015,1vcF5rebN20,576.0,https://www.youtube.com/watch?v=1vcF5rebN20
James Recommends - Sine Rider - Enjoy Learning Math in Your Browser,2015-03-27,58885,1824,111,9FU103w2EWg,238.0,https://www.youtube.com/watch?v=9FU103w2EWg
James Recommends - Cities: Skylines - A New Heir to the SimCity Legacy,2015-03-20,79959,1818,223,idye-4w-M9E,315.0,https://www.youtube.com/watch?v=idye-4w-M9E
England: South Sea Bubble - Too Big to Fail - Extra History - Part 2,2015-03-14,2300359,28517,1096,Fsk6oZm1EEA,513.0,https://www.youtube.com/watch?v=Fsk6oZm1EEA
James Recommends - Apotheon - Greek Art Comes to Life as a Metroidvania Game,2015-03-13,58178,1309,155,FSjU-7PA5QA,188.0,https://www.youtube.com/watch?v=FSjU-7PA5QA
James Recommends - Sunless Sea - Gothic Horror Aboard a Steampunk Victorian Ship,2015-03-06,70265,1543,103,osyQYIiMw0M,271.0,https://www.youtube.com/watch?v=osyQYIiMw0M
England: South Sea Bubble - The Sharp Mind of John Blunt - Extra History - Part 1,2015-02-28,3326802,45924,2156,k1kndKWJKB8,549.0,https://www.youtube.com/watch?v=k1kndKWJKB8
James Recommends - Life is Strange - All the Awkward Poignancy of High School in Game Form,2015-02-27,74371,2094,347,tU4S9SM48q4,292.0,https://www.youtube.com/watch?v=tU4S9SM48q4
James Recommends - Darkest Dungeon - When Dungeon Crawling Takes a Mental Toll,2015-02-20,100478,2559,213,-gZONTdxkR0,219.0,https://www.youtube.com/watch?v=-gZONTdxkR0
Warring States Japan: Sengoku Jidai - Lies - Extra History,2015-02-14,622094,8968,753,0lNYvGEmRO4,833.0,https://www.youtube.com/watch?v=0lNYvGEmRO4
James Recommends - Lords of Xulima - Do You Miss RPGs with Depth and Difficulty?,2015-02-13,59007,1007,124,Vgy3O7k6z5A,497.0,https://www.youtube.com/watch?v=Vgy3O7k6z5A
James Recommends - Crowntakers - Ever Wished King's Bounty were a Roguelike?,2015-02-06,50672,870,97,8xNm7r9cjlE,257.0,https://www.youtube.com/watch?v=8xNm7r9cjlE
Warring States Japan: Sengoku Jidai - The Campaign of Sekigahara - Extra History - Part 6,2015-01-31,2322189,39242,1716,5vscOHPFUf0,597.0,https://www.youtube.com/watch?v=5vscOHPFUf0
James Recommends - Anno Series (Dawn of Discovery) - City-Building Games Across the Ages,2015-01-30,77354,1645,431,jhXM0STc6lY,761.0,https://www.youtube.com/watch?v=jhXM0STc6lY
James Recommends - The Talos Principle - Portal and The Stanley Parable's Beautiful Lovechild,2015-01-23,75187,1542,150,WImTfsHsCMk,369.0,https://www.youtube.com/watch?v=WImTfsHsCMk
Warring States Japan: Sengoku Jidai - How Toyotomi Unified Japan - Extra History - Part 5,2015-01-17,2327217,32414,1580,lBD8OAegEw0,542.0,https://www.youtube.com/watch?v=lBD8OAegEw0
James Recommends - Never Alone - If Limbo or Trine Taught Native Alaskan Folklore,2015-01-16,48251,1521,101,L4BEEK5FdFg,290.0,https://www.youtube.com/watch?v=L4BEEK5FdFg
Warring States Japan: Sengoku Jidai - The Death of Oda Nobunaga - Extra History - Part 4,2014-12-20,2885250,36461,1797,ht6h4-MsMOY,560.0,https://www.youtube.com/watch?v=ht6h4-MsMOY
James Recommends - TV: Black Mirror - Twilight Zone for the 21st Century,2014-12-19,48681,1337,202,QSl9upipJGY,245.0,https://www.youtube.com/watch?v=QSl9upipJGY
Extra Remix - Mega Ran aka Random - Nerdcore Hip Hop Video Game Music,2014-12-16,58941,1647,185,NVr_bH38Tkw,835.0,https://www.youtube.com/watch?v=NVr_bH38Tkw
James Recommends - NEO Scavenger - When Old-School Fallout Meets Day Z,2014-12-12,69450,1870,148,51lG-Ulvf2A,262.0,https://www.youtube.com/watch?v=51lG-Ulvf2A
Warring States Japan: Sengoku Jidai - Warrior Monks of Hongan-ji and Hiei - Extra History - Part 3,2014-12-06,2842007,36944,1653,G3frtoMaxZE,533.0,https://www.youtube.com/watch?v=G3frtoMaxZE
James Recommends - Quest for Glory IV - So You Want to Be a Hero?,2014-12-05,49207,1120,132,IQVq7ledOjQ,318.0,https://www.youtube.com/watch?v=IQVq7ledOjQ
James Recommends - Civilization: Beyond Earth & Endless Legend - Build a Civ in Space or Fantasy,2014-11-28,107428,2107,266,xA6sVoEyb_A,524.0,https://www.youtube.com/watch?v=xA6sVoEyb_A
Smash Bros Wii U - The Great Extra Credits Staff CPU BRAWL - This Is Just Silly,2014-11-27,155769,5941,641,Tv8yAiazKPg,447.0,https://www.youtube.com/watch?v=Tv8yAiazKPg
Warring States Japan: Sengoku Jidai - The Siege of Inabayama Castle - Extra History - Part 2,2014-11-22,3019743,39570,1220,I2yT2nitGDk,461.0,https://www.youtube.com/watch?v=I2yT2nitGDk
"James Recommends - This War of Mine - When State of Decay Meets Papers, Please",2014-11-14,92659,2857,237,mTToSu_Ekqo,371.0,https://www.youtube.com/watch?v=mTToSu_Ekqo
Warring States Japan: Sengoku Jidai - Battle of Okehazama - Extra History - Part 1,2014-11-08,4730249,61948,2498,hDsdkoln59A,563.0,https://www.youtube.com/watch?v=hDsdkoln59A
James Recommends - Pike and Shot - Try Your Hand at a Renaissance War Game,2014-11-07,74621,1353,135,_heDFjiyW_8,325.0,https://www.youtube.com/watch?v=_heDFjiyW_8
James Recommends - World War I Games - Learn History While Playing Games,2014-10-31,107098,2207,228,qtX6mYRROyg,442.0,https://www.youtube.com/watch?v=qtX6mYRROyg
World War I: The Seminal Tragedy - Lies - Extra History,2014-10-25,793162,14288,990,aiKGPAMIWKs,977.0,https://www.youtube.com/watch?v=aiKGPAMIWKs
James Recommends - The Vanishing of Ethan Carter - Want a Creepy Halloween Game?,2014-10-24,57423,1297,135,JZRQ3WNSmnk,415.0,https://www.youtube.com/watch?v=JZRQ3WNSmnk
James Recommends - GoD Factory Wingmen - Want to Play a Multiplayer TIE Fighter?,2014-10-17,45990,833,135,4RYg84i6s_w,645.0,https://www.youtube.com/watch?v=4RYg84i6s_w
World War I: The Seminal Tragedy - The Final Act - Extra History - Part 4,2014-10-11,2330776,47643,4285,WukYrrTH3ms,715.0,https://www.youtube.com/watch?v=WukYrrTH3ms
James Recommends - Analysis: Wasteland 2 - A New Old School Fallout Game?,2014-10-10,66749,1696,332,XpSA7MAQxlE,477.0,https://www.youtube.com/watch?v=XpSA7MAQxlE
James Recommends - Ultima VII: The Black Gate - Discover the Original Open World CRPG,2014-10-03,92643,2033,288,U8P_xX2JPX8,449.0,https://www.youtube.com/watch?v=U8P_xX2JPX8
World War I: The Seminal Tragedy - The July Crisis - Extra History - Part 3,2014-09-27,2390390,31772,1295,zroZqvr4whk,519.0,https://www.youtube.com/watch?v=zroZqvr4whk
James Recommends - Counting Kingdom - Want a Good Educational Math Game?,2014-09-26,53083,1938,225,ZB4_yIfgMv0,247.0,https://www.youtube.com/watch?v=ZB4_yIfgMv0
James Recommends - Perpetuum - Looking for a Game like EVE Online?,2014-09-19,74107,1470,166,9xR4NchPVJo,387.0,https://www.youtube.com/watch?v=9xR4NchPVJo
World War I: The Seminal Tragedy - One Fateful Day in June - Extra History - Part 2,2014-09-13,2653390,39442,3021,kyCmh9G1fpo,497.0,https://www.youtube.com/watch?v=kyCmh9G1fpo
James Recommends - Cloud Chamber - ARG-like Massively Multiplayer Story Game,2014-09-12,54359,1231,97,UHa_FeuScXQ,357.0,https://www.youtube.com/watch?v=UHa_FeuScXQ
James Recommends - Astral Towers - Card-Based Puzzle Game,2014-09-05,51242,918,63,2uSVq206BRE,259.0,https://www.youtube.com/watch?v=2uSVq206BRE
World War I: The Seminal Tragedy - The Concert of Europe - Extra History - Part 1,2014-08-31,3719117,52816,2965,S-wSL4WqUws,594.0,https://www.youtube.com/watch?v=S-wSL4WqUws
James Recommends - Mod Week! - Elder Scrolls: Oblivion - Nehrim: At Fate's Edge,2014-08-29,69025,1627,202,fXNQy9eKziQ,414.0,https://www.youtube.com/watch?v=fXNQy9eKziQ
The Blue Shell - Why Mario Kart's Most Hated Item Exists - Design Club,2014-08-28,2101955,37500,5085,LFfga8-3SZI,438.0,https://www.youtube.com/watch?v=LFfga8-3SZI
Please Support Extra History on Patreon!,2014-08-23,91388,3974,502,SZPT-sCSFq0,136.0,https://www.youtube.com/watch?v=SZPT-sCSFq0
James Recommends - Mod Week! - Shadowrun Returns: Nightmare Harvest - Cyberpunk Adventure,2014-08-22,62520,1334,186,g8xDcFf7KYU,484.0,https://www.youtube.com/watch?v=g8xDcFf7KYU
James Recommends - Mod Week! - Total War: Rome II: Divide et Impera - RTS for Ancient Warfare,2014-08-15,95002,1755,250,AiyS5ogYXZw,428.0,https://www.youtube.com/watch?v=AiyS5ogYXZw
James Recommends - Divinity: Original Sin - Isometric Turn-Based CRPG with Co-Op,2014-08-08,82288,2001,248,4eaS5rWPwLk,442.0,https://www.youtube.com/watch?v=4eaS5rWPwLk
Extra Remix - Super Guitar Bros - Classical and Acoustic Guitar Video Game Music,2014-08-05,69094,1742,134,gaVCYKBDPok,747.0,https://www.youtube.com/watch?v=gaVCYKBDPok
James Recommends - Hand of Fate - Deck-Building Roguelike Action RPG,2014-08-01,72595,1856,284,ju1IOCgn2kY,477.0,https://www.youtube.com/watch?v=ju1IOCgn2kY
Design Live - Kentucky Route Zero - Livestream Playthrough and Analysis,2014-07-28,27804,223,36,HQ1rcu17fC0,2967.0,https://www.youtube.com/watch?v=HQ1rcu17fC0
James Recommends - Kentucky Route Zero - Magical Realism and a Ghost Story Game,2014-07-25,65563,1807,143,DM6FaItcZTw,428.0,https://www.youtube.com/watch?v=DM6FaItcZTw
James Recommends - Divekick - Minimalist Competitive Fighting Game,2014-07-18,67051,1854,231,M7okQ6xfETI,337.0,https://www.youtube.com/watch?v=M7okQ6xfETI
Design Club - Mark of the Ninja - Stealth Games and Visual Cues,2014-07-17,335390,6555,543,6vJNqseX-rs,313.0,https://www.youtube.com/watch?v=6vJNqseX-rs
James Recommends - King's Field: The Ancient City - First-Person Dark Souls Predecessor,2014-07-11,87945,2880,420,mKPRqnd9gyg,523.0,https://www.youtube.com/watch?v=mKPRqnd9gyg
Design Live - Kentucky Route Zero - Livestream Playthrough and Analysis,2014-07-06,45854,728,62,IPw3Ft0T8LA,2364.0,https://www.youtube.com/watch?v=IPw3Ft0T8LA
James Recommends - Ether One - First-Person Puzzle Adventure Game,2014-07-04,60555,1646,175,foaILc9GxxU,438.0,https://www.youtube.com/watch?v=foaILc9GxxU
Design Club - Portal: Test Chambers - Tutorial Mechanics,2014-07-03,514383,11285,651,Q_AsF3Rfw8w,375.0,https://www.youtube.com/watch?v=Q_AsF3Rfw8w
Watch Extra Credits - Because Games Matter,2014-07-02,1561287,6214,229,Gbf8o0o190w,31.0,https://www.youtube.com/watch?v=Gbf8o0o190w
James Recommends - Capsule - Retro Sci-Fi Survival Navigator,2014-06-27,52178,1236,84,fvyTEk0rVYo,241.0,https://www.youtube.com/watch?v=fvyTEk0rVYo
James Recommends - Enemy Mind - Side-Scrolling Space Shooter,2014-06-20,62286,1611,115,E8A-pcemTc0,345.0,https://www.youtube.com/watch?v=E8A-pcemTc0
Design Club - League of Legends: Summoner's Rift - Level Design Analysis,2014-06-19,449060,10377,1237,HUWx0I5i2Jw,436.0,https://www.youtube.com/watch?v=HUWx0I5i2Jw
Extra Remix - Metroid Metal - Video Game Music Metal Band,2014-06-17,62554,1735,211,z0vLrixG88M,808.0,https://www.youtube.com/watch?v=z0vLrixG88M
Extra Remix Schedule Change,2014-06-16,26441,1024,145,pTs1iQCr7gY,63.0,https://www.youtube.com/watch?v=pTs1iQCr7gY
James Recommends - Emperor of the Fading Suns - 4X Space Opera Strategy Game,2014-06-13,90121,2703,364,OzPWFZw7Yec,711.0,https://www.youtube.com/watch?v=OzPWFZw7Yec
Extra Remix - Benjamin Briggs - Electronic Dance Chiptune Video Game Music,2014-06-10,50966,1253,133,0O-UDakr5wQ,661.0,https://www.youtube.com/watch?v=0O-UDakr5wQ
James Recommends - One Finger Death Punch - Fast-Paced Brawler Fighting Game,2014-06-06,82767,1779,202,81NAuduXWZ8,95.0,https://www.youtube.com/watch?v=81NAuduXWZ8
Design Club - Super Mario Bros: Level 1-1 - How Super Mario Mastered Level Design,2014-06-05,1196347,29398,2200,ZH2wGpEZVgE,343.0,https://www.youtube.com/watch?v=ZH2wGpEZVgE
Extra Remix - Jillian Aversa - Ethereal New Age Vocals for Video Game Music,2014-06-03,46621,1437,180,fPevj0vT7-I,702.0,https://www.youtube.com/watch?v=fPevj0vT7-I
James Recommends - Pretentious Game - Minimalist Puzzle-Platformer,2014-05-30,71728,1530,431,I8w_BUvDVX8,66.0,https://www.youtube.com/watch?v=I8w_BUvDVX8
Extra Credits Announces New Show! Design Club: June 5,2014-05-29,49856,3681,514,cOV7KwXGeJ8,67.0,https://www.youtube.com/watch?v=cOV7KwXGeJ8
Extra Remix - zircon - Organic Electronic Video Game Music,2014-05-27,52653,1479,112,tJVyInWdfmw,543.0,https://www.youtube.com/watch?v=tJVyInWdfmw
James Recommends - Last Dream - Tribute to Classic JRPGs,2014-05-23,85984,2356,344,sn9vK3uPYig,589.0,https://www.youtube.com/watch?v=sn9vK3uPYig
Extra Remix - Sixto Sounds - Hard Rock and Metal Video Game Music,2014-05-20,54638,1757,197,O14z4lF2Ueo,667.0,https://www.youtube.com/watch?v=O14z4lF2Ueo
James Recommends - Device 6 - Mobile Text Adventure Come to Life,2014-05-16,56329,1626,122,_AqiPoHU4Fk,169.0,https://www.youtube.com/watch?v=_AqiPoHU4Fk
Extra Remix - OverClocked ReMix - Free Video Game Music,2014-05-13,75397,2193,238,E8KPmQ4bBUI,791.0,https://www.youtube.com/watch?v=E8KPmQ4bBUI
James Recommends - Long Live the Queen - Deadly Princess Simulator,2014-05-09,99246,2803,424,_mnJP7LBeeE,296.0,https://www.youtube.com/watch?v=_mnJP7LBeeE
Extra Remix - djpretzel - Groovy Video Game Music with a Twist,2014-05-06,51858,1462,117,cUKoU82iSMM,524.0,https://www.youtube.com/watch?v=cUKoU82iSMM
James Recommends - Risk of Rain - Roguelike Sci-Fi Action Platformer,2014-05-02,92508,2596,376,qbytlYQn1oY,348.0,https://www.youtube.com/watch?v=qbytlYQn1oY
Extra Remix - Bladiator - Classical Piano Waltzes for Video Game Music,2014-04-29,63678,1820,127,9crF4OKSO-w,435.0,https://www.youtube.com/watch?v=9crF4OKSO-w
James Recommends - Pandora - Civilization-like Sci-Fi 4X Strategy Game,2014-04-25,98731,2559,236,6NN3dPEPSO8,394.0,https://www.youtube.com/watch?v=6NN3dPEPSO8
Extra Remix - Big Giant Circles - Modern Electronic Video Game Music,2014-04-22,86258,2581,246,iYZjJXILtvc,655.0,https://www.youtube.com/watch?v=iYZjJXILtvc
James Recommends - Brothers: A Tale of Two Sons - Story Driven Adventure Game,2014-04-18,62902,1853,178,YoJfoYtleng,186.0,https://www.youtube.com/watch?v=YoJfoYtleng
Extra Remix - CarboHydroM - Rock and Chiptune Video Game Music,2014-04-15,115346,3949,353,vBTr7BgVFY4,493.0,https://www.youtube.com/watch?v=vBTr7BgVFY4
"Extra Credits Announces Extra Remix, Launching April 15!",2014-04-12,49211,2522,327,XxkPT61aXQU,135.0,https://www.youtube.com/watch?v=XxkPT61aXQU
James Recommends - Two Brothers - Gameboy Style Action Adventure,2014-04-11,73598,2443,231,jQtxD7alDL4,298.0,https://www.youtube.com/watch?v=jQtxD7alDL4
James Recommends - Dragon's Dogma - Epic Open-World Action RPG,2014-04-04,146285,5646,1154,wtIX3RaP86Q,402.0,https://www.youtube.com/watch?v=wtIX3RaP86Q
"James Recommends - The Swapper - Dark, Atmospheric Puzzle Platformer",2014-03-28,137437,4473,544,2qnd8_ejhYA,225.0,https://www.youtube.com/watch?v=2qnd8_ejhYA
Extra Credits Introduces New Show: James Recommends!,2014-03-24,71893,3393,296,_K4vDMUBDdA,58.0,https://www.youtube.com/watch?v=_K4vDMUBDdA
Extra Credits Announces New Shows!,2014-03-20,91681,4042,665,WnfdcZ94RmI,46.0,https://www.youtube.com/watch?v=WnfdcZ94RmI
"Q&A Part 3 with Dan and James (January 1st, 2014)",2014-01-03,96616,1650,337,YG_V0Q_MB5Q,4507.0,https://www.youtube.com/watch?v=YG_V0Q_MB5Q
Rome: The Punic Wars - The Conclusion of the Second Punic War - Extra History - Part 4,2013-09-27,2326349,41229,2174,McT1H-NVCMQ,700.0,https://www.youtube.com/watch?v=McT1H-NVCMQ
Rome: The Punic Wars - The Second Punic War Rages On - Extra History - Part 3,2013-09-20,2527809,35544,1798,wT_rev5VAQc,758.0,https://www.youtube.com/watch?v=wT_rev5VAQc
Rome: The Punic Wars - The Second Punic War Begins - Extra History - Part 2,2013-09-13,2965306,38130,1510,lf0-Yki5p40,666.0,https://www.youtube.com/watch?v=lf0-Yki5p40
Rome: The Punic Wars - The First Punic War - Extra History - Part 1,2013-09-06,5128436,67036,3038,EbBHk_zLTmY,553.0,https://www.youtube.com/watch?v=EbBHk_zLTmY
"Extra Credits Live Q&A ep 2 (Nov 4, 2012)",2012-11-07,32129,352,99,Nf0puuNoFQc,5877.0,https://www.youtube.com/watch?v=Nf0puuNoFQc
"Extra Credits Live Q&A ep 1 (Jan 22, 2012)",2012-11-06,144527,1219,250,Oelgrnoy2yw,12505.0,https://www.youtube.com/watch?v=Oelgrnoy2yw
Stand Together: The Gaming Community vs SOPA and PIPA,2012-01-18,284595,11559,1018,pHOZcHkvkvs,177.0,https://www.youtube.com/watch?v=pHOZcHkvkvs
